# Blender 5.2.2 LTS
# www.blender.org
mtllib boba gun body.mtl
o boba_gun_body
v -0.204889 -0.000061 0.062081
v -0.296310 -0.356692 -0.071975
v -0.200575 -0.000061 -0.068821
v -0.300624 -0.356692 0.058926
v -0.280211 -0.391126 0.059599
v -0.275898 -0.391126 -0.071303
v -0.293362 -0.446496 0.059166
v -0.289049 -0.446496 -0.071736
v 0.492535 0.051736 0.019533
v 0.452840 0.016548 0.083754
v 0.492535 0.016548 0.019533
v 0.452840 0.067522 0.083754
v 0.480758 0.067522 0.019145
v 0.457153 0.067522 -0.047147
v 0.457153 0.016548 -0.047147
v -0.988906 0.094727 -0.150625
v -0.992900 0.042673 -0.029415
v -0.996894 0.094727 0.091796
v -0.992900 0.374213 -0.029415
v -0.988906 0.322165 -0.150625
v -0.987244 0.196499 -0.201051
v -0.996894 0.322165 0.091796
v -0.998555 0.196499 0.142221
v -0.547279 0.094727 -0.136073
v -0.551273 0.374213 -0.014862
v -0.551273 0.042673 -0.014862
v -0.547279 0.322165 -0.136073
v -0.545618 0.196499 -0.186498
v -0.547279 0.022381 -0.136073
v -0.551273 -0.029673 -0.014862
v -0.555267 0.022381 0.106348
v -0.555267 0.094727 0.106348
v -0.555267 0.322165 0.106348
v -0.556929 0.196499 0.156774
v -1.310330 0.032093 -0.121905
v -1.500033 0.477332 -0.128156
v -1.505433 0.477332 0.035727
v -1.517862 0.516012 -0.087965
v -1.520578 0.516012 -0.005550
v -1.315730 0.032093 0.041978
v -1.295185 -0.006587 -0.080628
v -1.297901 -0.006587 0.001787
v -0.625889 0.094727 -0.138663
v -0.629883 0.042673 -0.017453
v -0.807397 0.094727 -0.144644
v -0.633877 0.094727 0.103758
v -0.811391 0.042673 -0.023434
v -0.815385 0.094727 0.097777
v -0.988906 0.094727 -0.150625
v -0.992900 0.042673 -0.029415
v -0.996894 0.094727 0.091796
v 0.490123 0.235485 -0.011608
v 1.294038 0.248889 0.045944
v 1.295061 0.235485 0.014916
v 0.489100 0.248889 0.019420
v 1.293016 0.235485 0.076972
v 0.488078 0.235485 0.050447
v 0.433993 0.067522 -0.047911
v -0.553632 0.070390 -0.080455
v -0.555788 0.070390 -0.015011
v 0.435468 0.067522 0.017653
v 0.457153 0.067522 -0.047147
v 0.480758 0.067522 0.019145
v 0.452840 0.067522 0.083754
v 0.429679 0.067522 0.082991
v -0.557945 0.070390 0.050447
v -0.551273 0.374213 -0.014862
v -0.629883 0.374213 -0.017453
v -0.555267 0.322165 0.106348
v -0.633877 0.322165 0.103758
v -0.625889 0.322165 -0.138663
v -0.547279 0.322165 -0.136073
v -1.075503 0.322165 0.089205
v -0.996894 0.322165 0.091796
v -1.071509 0.374213 -0.032005
v -0.992900 0.374213 -0.029415
v -1.067515 0.322165 -0.153215
v -0.988906 0.322165 -0.150625
v -1.517862 0.516012 -0.087965
v -1.589848 0.483868 -0.090337
v -1.520578 0.516012 -0.005550
v -1.592564 0.483868 -0.007922
v 0.452840 0.016548 0.083754
v 0.429679 0.067522 0.082991
v 0.429679 -0.000061 0.082991
v 0.452840 0.067522 0.083754
v -0.557945 -0.000061 0.050447
v -0.557945 0.070390 0.050447
v -0.459462 -0.000061 0.053692
v -0.555197 -0.293173 0.050538
v -0.300624 -0.356692 0.058926
v -0.204889 -0.000061 0.062081
v -0.561772 -0.320855 0.050321
v -0.280211 -0.391126 0.059599
v -0.574972 -0.376225 0.049886
v -0.293362 -0.446496 0.059166
v 1.293016 0.235485 0.076972
v 0.488078 0.235485 0.050447
v 1.292584 0.203115 0.090066
v 0.487646 0.203115 0.063542
v 1.293016 0.170750 0.076972
v 0.488078 0.170751 0.050447
v -0.555267 0.322165 0.106348
v -0.633877 0.322165 0.103758
v -0.556929 0.196499 0.156774
v -0.635539 0.196499 0.154183
v -0.555267 0.094727 0.106348
v -0.633877 0.094727 0.103758
v -0.633877 0.022381 0.103758
v -0.555267 0.022381 0.106348
v -0.815385 0.094727 0.097777
v -0.815385 0.022381 0.097777
v -0.996894 0.094727 0.091796
v -0.996894 0.022381 0.091796
v -1.075503 0.022381 0.089205
v -1.075503 0.094727 0.089205
v -1.077165 0.196499 0.139631
v -0.998555 0.196499 0.142221
v -1.075503 0.322165 0.089205
v -0.996894 0.322165 0.091796
v -1.297901 -0.006587 0.001787
v -1.369886 -0.038731 -0.000585
v -1.315730 0.032093 0.041978
v -1.387716 -0.000051 0.039606
v -1.505433 0.477332 0.035727
v -1.577419 0.445188 0.033355
v -1.520578 0.516012 -0.005550
v -1.592564 0.483868 -0.007922
v -1.572019 0.445188 -0.130528
v -1.387716 -0.000051 0.039606
v -1.577419 0.445188 0.033355
v -1.592564 0.483868 -0.007922
v -1.589848 0.483868 -0.090337
v -1.382315 -0.000051 -0.124277
v -1.369886 -0.038731 -0.000585
v -1.367170 -0.038731 -0.083000
v -1.067515 0.094727 -0.153215
v -1.071509 0.374213 -0.032005
v -1.067515 0.322165 -0.153215
v -1.065853 0.196499 -0.203641
v -1.071509 0.042673 -0.032005
v -1.067515 0.022381 -0.153215
v -1.071509 -0.029673 -0.032005
v -1.075503 0.022381 0.089205
v -1.075503 0.094727 0.089205
v -1.075503 0.322165 0.089205
v -1.077165 0.196499 0.139631
v -0.807397 0.022381 -0.144644
v -0.811391 0.042673 -0.023434
v -0.807397 0.094727 -0.144644
v -0.811391 -0.029673 -0.023434
v -0.815385 0.022381 0.097777
v -0.815385 0.094727 0.097777
v -0.625889 0.094727 -0.138663
v -0.629883 0.374213 -0.017453
v -0.625889 0.322165 -0.138663
v -0.624227 0.196499 -0.189088
v -0.629883 0.042673 -0.017453
v -0.633877 0.094727 0.103758
v -0.633877 0.322165 0.103758
v -0.635539 0.196499 0.154183
v -0.455149 -0.000061 -0.077209
v -0.550884 -0.293173 -0.080364
v -0.555197 -0.293173 0.050538
v -0.459462 -0.000061 0.053692
v -0.557459 -0.320855 -0.080581
v -0.561772 -0.320855 0.050321
v -0.570658 -0.376225 -0.081016
v -0.574972 -0.376225 0.049886
v -0.570658 -0.376225 -0.081016
v -0.289049 -0.446496 -0.071736
v -0.293362 -0.446496 0.059166
v -0.574972 -0.376225 0.049886
v 0.452840 0.016548 0.083754
v 0.492535 0.016548 0.019533
v 0.457153 0.016548 -0.047147
v 0.435468 -0.025945 0.017653
v 0.429679 -0.000061 0.082991
v 0.433993 -0.000061 -0.047911
v -0.555788 -0.025945 -0.015011
v -0.557945 -0.000061 0.050447
v -0.553632 -0.000061 -0.080455
v 0.490123 0.170751 -0.011608
v 1.295061 0.170750 0.014916
v 0.489100 0.157341 0.019420
v 1.293016 0.170750 0.076972
v 1.294038 0.157341 0.045944
v 0.488078 0.170751 0.050447
v -0.633877 0.022381 0.103758
v -0.555267 0.022381 0.106348
v -0.547279 0.022381 -0.136073
v -0.551273 -0.029673 -0.014862
v -0.629883 -0.029673 -0.017453
v -0.625889 0.022381 -0.138663
v -0.815385 0.022381 0.097777
v -0.811391 -0.029673 -0.023434
v -0.807397 0.022381 -0.144644
v -0.996894 0.022381 0.091796
v -0.988906 0.022381 -0.150625
v -0.992900 -0.029673 -0.029415
v -1.075503 0.022381 0.089205
v -1.071509 -0.029673 -0.032005
v -1.067515 0.022381 -0.153215
v -1.295185 -0.006587 -0.080628
v -1.297901 -0.006587 0.001787
v -1.367170 -0.038731 -0.083000
v -1.369886 -0.038731 -0.000585
v 0.433993 0.067522 -0.047911
v -0.553632 -0.000061 -0.080455
v -0.553632 0.070390 -0.080455
v 0.433993 -0.000061 -0.047911
v 0.457153 0.016548 -0.047147
v 0.457153 0.067522 -0.047147
v -0.296310 -0.356692 -0.071975
v -0.455149 -0.000061 -0.077209
v -0.200575 -0.000061 -0.068821
v -0.550884 -0.293173 -0.080364
v -0.557459 -0.320855 -0.080581
v -0.275898 -0.391126 -0.071303
v -0.570658 -0.376225 -0.081016
v -0.289049 -0.446496 -0.071736
v 0.490123 0.235485 -0.011608
v 1.295061 0.235485 0.014916
v 0.490554 0.203115 -0.024702
v 1.295492 0.203115 0.001822
v 0.490123 0.170751 -0.011608
v 1.295061 0.170750 0.014916
v -0.625889 0.322165 -0.138663
v -0.547279 0.322165 -0.136073
v -0.624227 0.196499 -0.189088
v -0.545618 0.196499 -0.186498
v -0.625889 0.094727 -0.138663
v -0.547279 0.094727 -0.136073
v -0.547279 0.022381 -0.136073
v -0.625889 0.022381 -0.138663
v -0.807397 0.022381 -0.144644
v -0.807397 0.094727 -0.144644
v -0.988906 0.022381 -0.150625
v -1.067515 0.022381 -0.153215
v -1.067515 0.322165 -0.153215
v -0.988906 0.322165 -0.150625
v -1.065853 0.196499 -0.203641
v -0.987244 0.196499 -0.201051
v -1.067515 0.094727 -0.153215
v -0.988906 0.094727 -0.150625
v -1.295185 -0.006587 -0.080628
v -1.367170 -0.038731 -0.083000
v -1.310330 0.032093 -0.121905
v -1.382315 -0.000051 -0.124277
v -1.500033 0.477332 -0.128156
v -1.572019 0.445188 -0.130528
v -1.517862 0.516012 -0.087965
v -1.589848 0.483868 -0.090337
v 0.130112 -0.486658 0.076023
v 0.093141 -0.030336 0.109762
v 0.053117 -0.030336 0.005053
v 0.103757 -0.486658 0.006722
v 0.134617 -0.486658 -0.060694
v 0.099962 -0.030336 -0.097266
v 0.103757 -0.486658 0.006722
v 0.137221 -0.504604 0.068985
v 0.113521 -0.504604 0.007044
v 0.141263 -0.504604 -0.053676
v 0.130112 -0.486658 0.076023
v 0.134617 -0.486658 -0.060694
v 0.265409 -0.504604 -0.049585
v 0.261367 -0.504604 0.073075
v 0.289142 -0.504604 0.012831
v 0.137221 -0.504604 0.068985
v 0.198447 -0.504604 0.096731
v 0.141263 -0.504604 -0.053676
v 0.204166 -0.504604 -0.076843
v 0.113521 -0.504604 0.007044
v 0.134617 -0.486658 -0.060694
v 0.099962 -0.030336 -0.097266
v 0.206132 -0.030336 -0.136487
v 0.204486 -0.486658 -0.086549
v 0.272551 -0.486658 -0.056148
v 0.309538 -0.030336 -0.090361
v 0.141263 -0.504604 -0.053676
v 0.134617 -0.486658 -0.060694
v 0.204486 -0.486658 -0.086549
v 0.204166 -0.504604 -0.076843
v 0.265409 -0.504604 -0.049585
v 0.272551 -0.486658 -0.056148
v 0.272551 -0.486658 -0.056148
v 0.309538 -0.030336 -0.090361
v 0.349497 -0.030336 0.014820
v 0.298858 -0.486658 0.013151
v 0.268046 -0.486658 0.080568
v 0.302716 -0.030336 0.116668
v 0.265409 -0.504604 -0.049585
v 0.272551 -0.486658 -0.056148
v 0.298858 -0.486658 0.013151
v 0.289142 -0.504604 0.012831
v 0.261367 -0.504604 0.073075
v 0.268046 -0.486658 0.080568
v 0.302716 -0.030336 0.116668
v 0.309538 -0.030336 -0.090361
v 0.349497 -0.030336 0.014820
v 0.093141 -0.030336 0.109762
v 0.196482 -0.030336 0.156360
v 0.053117 -0.030336 0.005053
v 0.099962 -0.030336 -0.097266
v 0.206132 -0.030336 -0.136487
v 0.130112 -0.486658 0.076023
v 0.196482 -0.030336 0.156360
v 0.198127 -0.486658 0.106423
v 0.093141 -0.030336 0.109762
v 0.268046 -0.486658 0.080568
v 0.302716 -0.030336 0.116668
v 0.196482 -0.030336 0.156360
v 0.198127 -0.486658 0.106423
v 0.137221 -0.504604 0.068985
v 0.130112 -0.486658 0.076023
v 0.198127 -0.486658 0.106423
v 0.198447 -0.504604 0.096731
v 0.261367 -0.504604 0.073075
v 0.268046 -0.486658 0.080568
v 0.198127 -0.486658 0.106423
v 0.198447 -0.504604 0.096731
v 0.122119 -0.503549 0.083047
v 0.080981 -0.032828 0.121004
v 0.036531 -0.032828 0.004507
v 0.092814 -0.503549 0.006362
v 0.130014 -0.522063 0.076020
v 0.103659 -0.522063 0.006719
v 0.134519 -0.522063 -0.060697
v 0.127104 -0.503549 -0.068229
v 0.088569 -0.032828 -0.109299
v -0.560793 0.105689 -0.098658
v -0.566288 0.105689 0.068125
v -0.563541 0.065341 -0.015267
v -0.559642 0.203105 -0.133562
v -0.567439 0.203105 0.103044
v -0.566288 0.300516 0.068125
v -0.560793 0.300516 -0.098658
v -0.563541 0.340864 -0.015267
v -1.002406 0.286223 0.050362
v -0.996031 0.203105 -0.143098
v -0.997133 0.286223 -0.109644
v -0.999769 0.320652 -0.029641
v -1.002406 0.119983 0.050362
v -1.003508 0.203105 0.083816
v -0.997133 0.119983 -0.109644
v -0.999769 0.085553 -0.029641
v 0.404553 0.105689 0.100116
v -0.566288 0.105689 0.068125
v -0.563541 0.065341 -0.015267
v 0.407301 0.065341 0.016724
v -0.560793 0.105689 -0.098658
v 0.464476 0.140697 0.072007
v 0.466234 0.114848 0.018666
v 0.467991 0.140697 -0.034659
v 0.410049 0.105689 -0.066667
v -0.997133 0.119983 -0.109644
v -0.619346 0.119983 -0.097195
v -0.999769 0.085553 -0.029641
v -0.621983 0.085553 -0.017192
v -0.624619 0.119983 0.062811
v -1.002406 0.119983 0.050362
v 0.298956 -0.522063 0.013154
v 0.130014 -0.522063 0.076020
v 0.198127 -0.522063 0.106423
v 0.268096 -0.522063 0.080570
v 0.204486 -0.522063 -0.086549
v 0.272601 -0.522063 -0.056147
v 0.103659 -0.522063 0.006719
v 0.134519 -0.522063 -0.060697
v -0.560793 0.105689 -0.098658
v 0.467991 0.140697 -0.034659
v 0.467991 0.265508 -0.034659
v 0.410049 0.300516 -0.066667
v -0.560793 0.300516 -0.098658
v -0.559642 0.203105 -0.133562
v 0.411199 0.203100 -0.101571
v 0.468726 0.203100 -0.056972
v 0.410049 0.105689 -0.066667
v 0.134519 -0.522063 -0.060697
v 0.272601 -0.522063 -0.056147
v 0.280544 -0.503549 -0.063173
v 0.321650 -0.032828 -0.101619
v 0.206675 -0.032828 -0.152970
v 0.204838 -0.503549 -0.097217
v 0.204486 -0.522063 -0.086549
v 0.127104 -0.503549 -0.068229
v 0.088569 -0.032828 -0.109299
v -0.997133 0.119983 -0.109644
v -0.618244 0.203100 -0.130650
v -0.996031 0.203105 -0.143098
v -0.997133 0.286223 -0.109644
v -0.619346 0.119983 -0.097195
v -0.619346 0.286223 -0.097195
v -0.624619 0.286223 0.062811
v -0.619346 0.286223 -0.097195
v -0.625721 0.203100 0.096265
v -0.621983 0.320652 -0.017192
v -0.621983 0.085553 -0.017192
v -0.624619 0.119983 0.062811
v -0.619346 0.119983 -0.097195
v -0.618244 0.203100 -0.130650
v 0.268096 -0.522063 0.080570
v 0.275560 -0.503549 0.088104
v 0.314061 -0.032828 0.128684
v 0.366132 -0.032828 0.015368
v 0.309800 -0.503549 0.013512
v 0.298956 -0.522063 0.013154
v 0.272601 -0.522063 -0.056147
v 0.280544 -0.503549 -0.063173
v 0.321650 -0.032828 -0.101619
v 0.467991 0.265508 -0.034659
v 0.464476 0.265508 0.072007
v 0.466234 0.291357 0.018666
v 0.463741 0.203100 0.094304
v 0.468726 0.203100 -0.056972
v 0.467991 0.140697 -0.034659
v 0.464476 0.140697 0.072007
v 0.466234 0.114848 0.018666
v 0.195939 -0.032828 0.172843
v 0.366132 -0.032828 0.015368
v 0.314061 -0.032828 0.128684
v 0.036531 -0.032828 0.004507
v 0.080981 -0.032828 0.121004
v 0.206675 -0.032828 -0.152970
v 0.321650 -0.032828 -0.101619
v 0.088569 -0.032828 -0.109299
v 0.464476 0.265508 0.072007
v 0.404553 0.300516 0.100116
v -0.566288 0.300516 0.068125
v 0.407301 0.340864 0.016724
v 0.466234 0.291357 0.018666
v -0.563541 0.340864 -0.015267
v 0.467991 0.265508 -0.034659
v 0.410049 0.300516 -0.066667
v -0.560793 0.300516 -0.098658
v -0.997133 0.286223 -0.109644
v -0.619346 0.286223 -0.097195
v -0.999769 0.320652 -0.029641
v -0.621983 0.320652 -0.017192
v -1.002406 0.286223 0.050362
v -0.624619 0.286223 0.062811
v 0.404553 0.105689 0.100116
v -0.566288 0.105689 0.068125
v 0.403403 0.203100 0.135035
v -0.567439 0.203105 0.103044
v 0.464476 0.140697 0.072007
v 0.463741 0.203100 0.094304
v 0.464476 0.265508 0.072007
v 0.404553 0.300516 0.100116
v -0.566288 0.300516 0.068125
v 0.195939 -0.032828 0.172843
v 0.122119 -0.503549 0.083047
v 0.080981 -0.032828 0.121004
v 0.197776 -0.503549 0.117091
v 0.130014 -0.522063 0.076020
v 0.198127 -0.522063 0.106423
v 0.268096 -0.522063 0.080570
v 0.275560 -0.503549 0.088104
v 0.314061 -0.032828 0.128684
v -0.624619 0.119983 0.062811
v -1.002406 0.286223 0.050362
v -1.002406 0.119983 0.050362
v -0.624619 0.286223 0.062811
v -0.625721 0.203100 0.096265
v -1.003508 0.203105 0.083816
v -0.566541 0.203040 0.080248
v -0.560246 0.203040 -0.110771
v -0.561173 0.281907 -0.082658
v -0.561173 0.124178 -0.082658
v -0.565614 0.281907 0.052135
v -0.563394 0.314573 -0.015262
v -0.565614 0.124178 0.052135
v -0.563394 0.091507 -0.015262
v 0.404933 0.124178 0.084116
v -0.565614 0.124178 0.052135
v -0.563394 0.091507 -0.015262
v 0.407154 0.091507 0.016720
v 0.409375 0.124178 -0.050677
v -0.561173 0.124178 -0.082658
v 0.467508 0.152518 -0.024484
v 0.409375 0.124178 -0.050677
v 0.407154 0.091507 0.016720
v 0.466087 0.131588 0.018662
v 0.464665 0.152518 0.061822
v 0.404933 0.124178 0.084116
v 0.409375 0.281907 -0.050677
v -0.561173 0.281907 -0.082658
v 0.410301 0.203040 -0.078790
v -0.560246 0.203040 -0.110771
v 0.409375 0.124178 -0.050677
v -0.561173 0.124178 -0.082658
v -0.560246 0.203040 -0.110771
v 0.410301 0.203040 -0.078790
v 0.410301 0.203040 -0.078790
v 0.467508 0.152518 -0.024484
v 0.468100 0.203040 -0.042432
v 0.409375 0.124178 -0.050677
v 0.467508 0.253566 -0.024484
v 0.409375 0.281907 -0.050677
v 0.410301 0.203040 -0.078790
v 0.468100 0.203040 -0.042432
v 0.464665 0.152518 0.061822
v 0.467508 0.152518 -0.024484
v 0.466087 0.131588 0.018662
v 0.468100 0.203040 -0.042432
v 0.464074 0.203040 0.079755
v 0.464665 0.253566 0.061822
v 0.467508 0.253566 -0.024484
v 0.466087 0.274491 0.018662
v 0.409375 0.281907 -0.050677
v -0.561173 0.281907 -0.082658
v -0.563394 0.314573 -0.015262
v 0.407154 0.314573 0.016720
v 0.404933 0.281907 0.084116
v -0.565614 0.281907 0.052135
v 0.464665 0.253566 0.061822
v 0.404933 0.281907 0.084116
v 0.407154 0.314573 0.016720
v 0.466087 0.274491 0.018662
v 0.467508 0.253566 -0.024484
v 0.466087 0.274491 0.018662
v 0.409375 0.281907 -0.050677
v 0.404933 0.281907 0.084116
v -0.565614 0.281907 0.052135
v 0.404007 0.203040 0.112229
v -0.566541 0.203040 0.080248
v 0.404933 0.124178 0.084116
v -0.565614 0.124178 0.052135
v 0.464665 0.152518 0.061822
v 0.404933 0.124178 0.084116
v 0.404007 0.203040 0.112229
v 0.464074 0.203040 0.079755
v 0.464665 0.253566 0.061822
v 0.404933 0.281907 0.084116
v 1.352922 0.260836 0.047884
v 1.353833 0.231712 0.020245
v 1.354216 0.243945 0.008615
v 1.354200 0.203160 0.009103
v 1.352922 0.243533 0.047884
v 1.354759 0.203160 -0.007868
v 1.352011 0.231712 0.075524
v 1.353833 0.174614 0.020245
v 1.351628 0.243945 0.087153
v 1.354216 0.162380 0.008615
v 1.351085 0.203160 0.103651
v 1.352922 0.162787 0.047884
v 1.351644 0.203160 0.086680
v 1.352922 0.145485 0.047884
v 1.352011 0.174614 0.075524
v 1.351628 0.162380 0.087153
v 1.267513 0.231712 0.072739
v 1.268424 0.243533 0.045100
v 1.267145 0.203160 0.083896
v 1.267513 0.174614 0.072739
v 1.268424 0.162787 0.045100
v 1.269334 0.174614 0.017461
v 1.269702 0.203160 0.006319
v 1.269334 0.231712 0.017461
v -0.780916 -0.118864 -0.038930
v -0.784302 -0.018736 -0.039042
v -0.775030 -0.116398 -0.022235
v -0.778368 -0.018736 -0.022345
v -0.785388 -0.018736 -0.006076
v -0.733956 -0.212678 -0.037383
v -0.730034 -0.207282 -0.020753
v -0.782003 -0.118864 -0.005964
v -0.735042 -0.212678 -0.004417
v 0.510353 0.203070 -0.099281
v 0.506422 0.326485 0.019991
v 0.506422 0.079660 0.019991
v 0.509202 0.290337 -0.064362
v 0.509202 0.115803 -0.064362
v 0.502492 0.203070 0.139263
v 0.503642 0.290337 0.104359
v 0.503642 0.115803 0.104359
v 0.096972 0.387256 -0.031836
v 0.096972 0.459486 -0.031836
v 0.079565 0.387256 0.005925
v 0.079565 0.459486 0.005925
v 0.094448 0.387256 0.044764
v 0.094448 0.459486 0.044764
v 0.181717 0.311649 0.057342
v 0.181717 0.459486 0.057342
v 0.203417 0.318798 0.010006
v 0.203417 0.459486 0.010006
v 0.184880 0.459486 -0.038656
v 0.184880 0.311649 -0.038656
v 0.404063 -0.019263 0.016618
v 0.336651 0.000833 0.152728
v 0.340023 -0.019263 0.156231
v 0.399156 0.000833 0.016456
v 0.345758 0.000833 -0.123635
v 0.336651 -0.039359 0.152728
v 0.399156 -0.039359 0.016456
v 0.345758 -0.039359 -0.123635
v 0.349353 -0.019263 -0.126909
v -1.145275 0.304083 -0.093640
v -1.135676 0.319562 -0.054012
v -1.164903 0.364371 -0.094287
v -1.152948 0.377806 -0.054581
v -1.136986 0.319562 -0.014255
v -1.149173 0.304083 0.024655
v -1.168801 0.364371 0.024009
v -1.154259 0.377806 -0.014824
v 1.267513 0.174614 0.072739
v 1.352011 0.174614 0.075524
v 1.268424 0.162787 0.045100
v 1.352922 0.162787 0.047884
v 1.269334 0.174614 0.017461
v 1.353833 0.174614 0.020245
v -0.733956 -0.212678 -0.037383
v -0.730034 -0.207282 -0.020753
v -0.735042 -0.212678 -0.004417
v -0.627475 -0.278824 -0.033874
v -0.543419 -0.306145 -0.031104
v -0.624044 -0.273037 -0.017260
v -0.542736 -0.299187 -0.014581
v -0.544505 -0.306145 0.001862
v -0.628562 -0.278824 -0.000908
v 0.184880 0.459486 -0.038656
v 0.189678 0.459486 0.009553
v 0.203417 0.459486 0.010006
v 0.181717 0.459486 0.057342
v 0.174796 0.459486 -0.029271
v 0.172272 0.459486 0.047329
v 0.136858 0.459486 -0.060131
v 0.132385 0.459486 0.075624
v 0.136411 0.459486 -0.046563
v 0.132833 0.459486 0.062041
v 0.096972 0.459486 -0.031836
v 0.094448 0.459486 0.044764
v 0.087526 0.459486 -0.041864
v 0.084363 0.459486 0.054134
v 0.079565 0.459486 0.005925
v 0.065826 0.459486 0.005472
v 0.079565 0.387256 0.005925
v 0.132833 0.387256 0.062041
v 0.136411 0.387256 -0.046563
v 0.094448 0.387256 0.044764
v 0.096972 0.387256 -0.031836
v 0.189678 0.387256 0.009553
v 0.174796 0.387256 -0.029271
v 0.172272 0.387256 0.047329
v 0.506422 0.326485 0.019991
v 0.451807 0.326485 0.018191
v 0.503642 0.290337 0.104359
v 0.449027 0.290337 0.102559
v 0.454587 0.290337 -0.066162
v 0.509202 0.290337 -0.064362
v 1.352922 0.260836 0.047884
v 1.294038 0.260836 0.045944
v 1.351628 0.243945 0.087153
v 1.292744 0.243945 0.085213
v 1.295332 0.243945 0.006675
v 1.354216 0.243945 0.008615
v 0.003458 0.000833 0.003417
v 0.194868 0.000833 0.205335
v 0.207745 0.000833 -0.185447
v 0.056857 0.000833 0.143508
v 0.065963 0.000833 -0.132855
v 0.399156 0.000833 0.016456
v 0.345758 0.000833 -0.123635
v 0.336651 0.000833 0.152728
v -1.066764 0.304083 -0.091053
v -1.145275 0.304083 -0.093640
v -1.135676 0.319562 -0.054012
v -1.164903 0.364371 -0.094287
v -1.054907 0.317573 -0.051351
v -1.152948 0.377806 -0.054581
v -1.508391 0.484948 -0.105606
v -1.523374 0.497890 -0.066788
v -1.136986 0.319562 -0.014255
v -1.056217 0.317573 -0.011593
v -1.070662 0.304083 0.027242
v -1.149173 0.304083 0.024655
v -1.168801 0.364371 0.024009
v -1.154259 0.377806 -0.014824
v -1.524684 0.497890 -0.027030
v -1.512289 0.484948 0.012690
v 1.353833 0.231712 0.020245
v 1.269334 0.174614 0.017461
v 1.353833 0.174614 0.020245
v 1.269702 0.203160 0.006319
v 1.354200 0.203160 0.009103
v 1.269334 0.231712 0.017461
v -0.785388 -0.018736 -0.006076
v -0.782003 -0.118864 -0.005964
v -0.801265 -0.018736 0.000200
v -0.797830 -0.124813 0.000313
v -0.816695 -0.018736 -0.007108
v -0.735042 -0.212678 -0.004417
v -0.813210 -0.130766 -0.006993
v -0.746012 -0.225700 0.002020
v -0.756535 -0.238723 -0.005125
v -0.647650 -0.306763 -0.001537
v -0.550296 -0.339731 0.001671
v -0.638305 -0.292791 0.005570
v -0.547625 -0.322935 0.008558
v -0.544505 -0.306145 0.001862
v -0.628562 -0.278824 -0.000908
v 0.174796 0.387256 -0.029271
v 0.174796 0.459486 -0.029271
v 0.136411 0.387256 -0.046563
v 0.136411 0.459486 -0.046563
v 0.096972 0.387256 -0.031836
v 0.096972 0.459486 -0.031836
v -1.168801 0.364371 0.024009
v -1.316010 0.022738 0.019158
v -1.149173 0.304083 0.024655
v -1.512289 0.484948 0.012690
v -1.188429 0.062930 0.023362
v -1.149173 0.062930 0.024655
v -1.070662 0.304083 0.027242
v -1.070662 0.042834 0.027242
v 0.503642 0.290337 0.104359
v 0.449027 0.290337 0.102559
v 0.502492 0.203070 0.139263
v 0.447877 0.203070 0.137463
v 0.503642 0.115803 0.104359
v 0.449027 0.115803 0.102559
v 0.084363 0.311649 0.054134
v 0.132385 0.459486 0.075624
v 0.084363 0.459486 0.054134
v 0.132385 0.303736 0.075624
v 0.181717 0.311649 0.057342
v 0.181717 0.459486 0.057342
v 0.336651 0.000833 0.152728
v 0.340023 -0.019263 0.156231
v 0.194709 -0.019263 0.210173
v 0.194868 0.000833 0.205335
v 0.336651 -0.039359 0.152728
v 0.194868 -0.039359 0.205335
v 0.056857 0.000833 0.143508
v 0.056857 -0.039359 0.143508
v 0.053310 -0.019263 0.146784
v 1.351628 0.243945 0.087153
v 1.292744 0.243945 0.085213
v 1.351085 0.203160 0.103651
v 1.292201 0.203160 0.101711
v 1.351628 0.162380 0.087153
v 1.292744 0.162380 0.085213
v -0.812124 -0.130766 -0.039959
v -0.822628 -0.018736 -0.023804
v -0.815608 -0.018736 -0.040073
v -0.819145 -0.133233 -0.023689
v -0.816695 -0.018736 -0.007108
v -0.813210 -0.130766 -0.006993
v -0.756535 -0.238723 -0.005125
v -0.760457 -0.244118 -0.021755
v -0.755449 -0.238723 -0.038091
v 0.174796 0.387256 -0.029271
v 0.174796 0.459486 -0.029271
v 0.189678 0.459486 0.009553
v 0.189678 0.387256 0.009553
v 0.172272 0.459486 0.047329
v 0.172272 0.387256 0.047329
v 0.084363 0.311649 0.054134
v 0.084363 0.459486 0.054134
v 0.065826 0.318798 0.005472
v 0.065826 0.459486 0.005472
v 0.087526 0.459486 -0.041864
v 0.087526 0.311649 -0.041864
v 0.056857 0.000833 0.143508
v 0.056857 -0.039359 0.143508
v 0.053310 -0.019263 0.146784
v 0.065963 -0.039359 -0.132855
v 0.065963 0.000833 -0.132855
v 0.062640 -0.019263 -0.136356
v -0.001399 -0.019263 0.003257
v 0.003458 -0.039359 0.003417
v 0.003458 0.000833 0.003417
v 0.455737 0.203070 -0.101081
v 0.451807 0.079660 0.018191
v 0.451807 0.326485 0.018191
v 0.454587 0.115803 -0.066162
v 0.454587 0.290337 -0.066162
v 0.447877 0.203070 0.137463
v 0.449027 0.115803 0.102559
v 0.449027 0.290337 0.102559
v 1.294038 0.260836 0.045944
v 1.293016 0.235530 0.076972
v 1.292744 0.243945 0.085213
v 1.292201 0.203160 0.101711
v 1.294038 0.248939 0.045944
v 1.292584 0.203160 0.090066
v 1.295061 0.235530 0.014916
v 1.293016 0.170796 0.076972
v 1.295332 0.243945 0.006675
v 1.292744 0.162380 0.085213
v 1.295492 0.203160 0.001822
v 1.294038 0.157386 0.045944
v 1.295875 0.203160 -0.009808
v 1.294038 0.145485 0.045944
v 1.295061 0.170796 0.014916
v 1.295332 0.162380 0.006675
v 1.352011 0.231712 0.075524
v 1.267513 0.231712 0.072739
v 1.352922 0.243533 0.047884
v 1.268424 0.243533 0.045100
v 1.353833 0.231712 0.020245
v 1.269334 0.231712 0.017461
v -0.756535 -0.238723 -0.005125
v -0.760457 -0.244118 -0.021755
v -0.755449 -0.238723 -0.038091
v -0.651081 -0.312546 -0.018151
v -0.646564 -0.306763 -0.034503
v -0.550930 -0.346684 -0.014851
v -0.549209 -0.339731 -0.031295
v -0.647650 -0.306763 -0.001537
v -0.550296 -0.339731 0.001671
v 0.194868 -0.039359 0.205335
v 0.399156 -0.039359 0.016456
v 0.336651 -0.039359 0.152728
v 0.207745 -0.039359 -0.185447
v 0.345758 -0.039359 -0.123635
v 0.003458 -0.039359 0.003417
v 0.056857 -0.039359 0.143508
v 0.065963 -0.039359 -0.132855
v 0.503642 0.115803 0.104359
v 0.449027 0.115803 0.102559
v 0.454587 0.115803 -0.066162
v 0.506422 0.079660 0.019991
v 0.509202 0.115803 -0.064362
v 0.451807 0.079660 0.018191
v -1.066764 0.042834 -0.091053
v -1.148827 0.043999 -0.054446
v -1.145275 0.062930 -0.093640
v -1.056576 0.027797 -0.051406
v -1.057886 0.027797 -0.011648
v -1.183077 0.044065 -0.055574
v -1.184531 0.062930 -0.094934
v -1.312112 0.022738 -0.099138
v -1.321208 0.005410 -0.060126
v -1.322518 0.005410 -0.020368
v -1.184387 0.044065 -0.015817
v -1.316010 0.022738 0.019158
v -1.188429 0.062930 0.023362
v -1.149173 0.062930 0.024655
v -1.150137 0.043999 -0.014688
v -1.070662 0.042834 0.027242
v 1.351628 0.162380 0.087153
v 1.292744 0.162380 0.085213
v 1.295332 0.162380 0.006675
v 1.352922 0.145485 0.047884
v 1.354216 0.162380 0.008615
v 1.294038 0.145485 0.045944
v 0.065826 0.318798 0.005472
v 0.087526 0.311649 -0.041864
v 0.085944 0.318798 0.006135
v 0.084363 0.311649 0.054134
v 0.134622 0.318798 0.007739
v 0.136858 0.303736 -0.060131
v 0.132385 0.303736 0.075624
v 0.184880 0.311649 -0.038656
v 0.181717 0.311649 0.057342
v 0.183299 0.318798 0.009343
v 0.203417 0.318798 0.010006
v 1.352011 0.231712 0.075524
v 1.267513 0.231712 0.072739
v 1.267145 0.203160 0.083896
v 1.351644 0.203160 0.086680
v 1.267513 0.174614 0.072739
v 1.352011 0.174614 0.075524
v -0.812124 -0.130766 -0.039959
v -0.815608 -0.018736 -0.040073
v -0.796296 -0.124813 -0.046236
v -0.799731 -0.018736 -0.046349
v -0.780916 -0.118864 -0.038930
v -0.784302 -0.018736 -0.039042
v -0.744479 -0.225700 -0.044528
v -0.733956 -0.212678 -0.037383
v -0.755449 -0.238723 -0.038091
v -0.646564 -0.306763 -0.034503
v -0.636771 -0.292791 -0.040979
v -0.549209 -0.339731 -0.031295
v -0.546091 -0.322935 -0.037991
v -0.627475 -0.278824 -0.033874
v -0.543419 -0.306145 -0.031104
v 0.172272 0.459486 0.047329
v 0.172272 0.387256 0.047329
v 0.132833 0.459486 0.062041
v 0.094448 0.387256 0.044764
v 0.132833 0.387256 0.062041
v 0.094448 0.459486 0.044764
v -1.312112 0.022738 -0.099138
v -1.164903 0.364371 -0.094287
v -1.145275 0.304083 -0.093640
v -1.508391 0.484948 -0.105606
v -1.184531 0.062930 -0.094934
v -1.145275 0.062930 -0.093640
v -1.066764 0.304083 -0.091053
v -1.066764 0.042834 -0.091053
v 0.454587 0.290337 -0.066162
v 0.509202 0.290337 -0.064362
v 0.455737 0.203070 -0.101081
v 0.510353 0.203070 -0.099281
v 0.454587 0.115803 -0.066162
v 0.509202 0.115803 -0.064362
v 0.087526 0.459486 -0.041864
v 0.087526 0.311649 -0.041864
v 0.136858 0.459486 -0.060131
v 0.184880 0.459486 -0.038656
v 0.136858 0.303736 -0.060131
v 0.184880 0.311649 -0.038656
v 0.345758 0.000833 -0.123635
v 0.345758 -0.039359 -0.123635
v 0.349353 -0.019263 -0.126909
v 0.207905 -0.019263 -0.190300
v 0.207745 -0.039359 -0.185447
v 0.207745 0.000833 -0.185447
v 0.065963 -0.039359 -0.132855
v 0.065963 0.000833 -0.132855
v 0.062640 -0.019263 -0.136356
v 1.295332 0.243945 0.006675
v 1.354216 0.243945 0.008615
v 1.295875 0.203160 -0.009808
v 1.354759 0.203160 -0.007868
v 1.295332 0.162380 0.006675
v 1.354216 0.162380 0.008615
v 0.378112 0.240976 0.003631
v 0.392309 0.225010 0.045351
v 0.386627 0.218192 0.016532
v 0.381082 0.201060 0.037220
v 0.387340 0.252014 0.050046
v 0.368056 0.271748 0.049411
v 0.358827 0.260716 0.002996
v 0.162352 -0.423808 0.017392
v 0.148074 -0.427340 0.037792
v 0.165288 -0.413865 0.026717
v 0.156465 -0.416046 0.039520
v 0.159830 -0.403214 0.034299
v 0.358183 0.223126 0.077717
v 0.392309 0.225010 0.045351
v 0.387340 0.252014 0.050046
v 0.374298 0.207159 0.062725
v 0.381082 0.201060 0.037220
v 0.391442 0.141767 -0.017778
v 0.391745 0.118164 0.014760
v 0.403170 0.134291 0.025816
v 0.402818 0.157899 -0.006723
v 0.403240 0.156357 0.031151
v 0.403011 0.170946 0.011251
v 0.391888 0.175930 0.029814
v 0.193145 -0.386052 -0.052455
v 0.199906 -0.377692 -0.066793
v 0.209201 -0.361188 -0.040284
v 0.200225 -0.361721 -0.076499
v 0.198883 -0.375848 -0.035765
v 0.209504 -0.345217 -0.049487
v 0.193944 -0.344242 -0.076706
v 0.199682 -0.334038 -0.060001
v 0.265801 -0.310250 -0.030168
v 0.256786 -0.321388 -0.011535
v 0.258836 -0.321388 -0.026028
v 0.262499 -0.310250 -0.006000
v 0.262499 -0.296479 -0.006000
v 0.265801 -0.296479 -0.030168
v 0.256786 -0.285341 -0.011535
v 0.258836 -0.285341 -0.026028
v 0.257432 -0.405159 -0.023645
v 0.266566 -0.405159 0.007717
v 0.250879 -0.420231 -0.015610
v 0.256521 -0.420231 0.003994
v 0.266566 -0.386529 0.007717
v 0.257432 -0.386529 -0.023645
v 0.250879 -0.371457 -0.015610
v 0.256521 -0.371457 0.003994
v 0.262268 -0.470798 0.011457
v 0.269024 -0.470798 0.034505
v 0.257398 -0.481931 0.017606
v 0.261596 -0.481931 0.031831
v 0.269024 -0.457027 0.034505
v 0.262268 -0.457027 0.011457
v 0.257398 -0.445888 0.017606
v 0.261596 -0.445888 0.031831
v 0.259163 0.175362 0.016213
v 0.270692 0.175362 0.055430
v 0.250912 0.156392 0.026620
v 0.258013 0.156392 0.051117
v 0.270692 0.198815 0.055430
v 0.259163 0.198815 0.016213
v 0.250912 0.217785 0.026620
v 0.258013 0.217785 0.051117
v 0.045421 0.211425 -0.026750
v 0.056159 0.199352 0.005154
v 0.051873 0.194198 -0.016821
v 0.047666 0.181241 -0.000947
v 0.052400 0.219770 0.008911
v 0.030848 0.226346 -0.027230
v 0.274969 -0.322880 0.044892
v 0.286696 -0.315143 0.064682
v 0.274503 -0.332592 0.054578
v 0.281758 -0.327814 0.066949
v 0.271664 -0.309863 0.042353
v 0.283341 -0.302131 0.062157
v 0.208093 -0.434298 0.049961
v 0.217229 -0.434298 0.081323
v 0.201525 -0.449370 0.058484
v 0.207183 -0.449370 0.077600
v 0.217229 -0.415669 0.081323
v 0.208093 -0.415669 0.049961
v 0.201525 -0.400592 0.058484
v 0.207183 -0.400592 0.077600
v 0.286696 -0.315143 0.064682
v 0.271970 -0.327814 0.077794
v 0.281758 -0.327814 0.066949
v 0.270813 -0.315143 0.083089
v 0.267473 -0.302131 0.080076
v 0.283341 -0.302131 0.062157
v 0.030352 0.197930 0.029543
v 0.056159 0.199352 0.005154
v 0.052400 0.219770 0.008911
v 0.042561 0.185853 0.018303
v 0.047666 0.181241 -0.000947
v 0.162352 -0.423808 0.017392
v 0.157439 -0.400220 0.008491
v 0.165288 -0.413865 0.026717
v 0.162274 -0.399285 0.021270
v 0.159830 -0.403214 0.034299
v 0.162026 -0.340168 -0.002511
v 0.149861 -0.355240 0.022313
v 0.152577 -0.355240 0.002510
v 0.157619 -0.340168 0.029856
v 0.157619 -0.321539 0.029856
v 0.162026 -0.321539 -0.002511
v 0.149861 -0.306467 0.022313
v 0.152577 -0.306467 0.002510
v 0.169921 -0.463462 -0.051280
v 0.179136 -0.475651 -0.022344
v 0.163560 -0.480770 -0.049060
v 0.169250 -0.488306 -0.030920
v 0.178912 -0.458423 -0.015553
v 0.169697 -0.446230 -0.044488
v 0.162969 -0.435659 -0.031127
v 0.168675 -0.443195 -0.013461
v -0.106279 0.170112 0.040579
v -0.119429 0.183587 0.040146
v -0.108808 0.180578 0.027876
v -0.352705 0.240524 -0.028701
v -0.336413 0.214570 -0.028164
v -0.338263 0.232154 -0.007843
v -0.164107 0.165420 0.006635
v -0.200654 0.176709 0.039410
v -0.171211 0.142098 0.020961
v -0.193783 0.149077 0.041088
v 0.365036 0.196127 0.015821
v 0.386627 0.218192 0.016532
v 0.381082 0.201060 0.037220
v -0.459071 0.175634 -0.011824
v -0.442732 0.158949 -0.011286
v -0.445901 0.171906 -0.026913
v 0.142598 0.184164 -0.061408
v 0.170395 0.154744 -0.031371
v 0.175141 0.182245 -0.026357
v 0.157969 0.200432 -0.044875
v 0.163191 0.206642 -0.018500
v 0.150767 0.134638 -0.032018
v 0.138225 0.145877 0.014657
v 0.170395 0.154744 -0.031371
v 0.157853 0.165983 0.015304
v 0.175141 0.182245 -0.026357
v 0.167411 0.189194 0.002510
v 0.163191 0.206642 -0.018500
v -0.006128 0.151509 0.021542
v -0.026755 0.173348 -0.000971
v -0.002609 0.171921 0.025065
v -0.015378 0.185421 0.011536
v -0.011502 0.190033 0.031082
v -0.055215 0.207386 -0.064520
v -0.075003 0.190053 -0.039458
v -0.067021 0.190053 -0.061028
v -0.068060 0.207386 -0.029512
v -0.068060 0.228803 -0.029512
v -0.055215 0.228803 -0.064520
v -0.075003 0.246136 -0.039458
v -0.067021 0.246136 -0.061028
v -0.284357 0.156829 -0.012866
v -0.294928 0.150062 0.021743
v -0.284387 0.136075 -0.008971
v -0.290895 0.131895 0.012648
v -0.295951 0.119787 -0.009841
v -0.306546 0.167349 0.015050
v -0.295974 0.174116 -0.019559
v -0.121127 0.167098 0.002230
v -0.104479 0.149454 0.020242
v -0.101630 0.165948 0.023254
v -0.111927 0.176850 0.012235
v -0.108808 0.180578 0.027876
v -0.020702 0.136582 0.021062
v -0.030047 0.144927 0.055711
v -0.006128 0.151509 0.021542
v -0.015424 0.159848 0.056193
v -0.002609 0.171921 0.025065
v -0.008382 0.177076 0.046708
v -0.011502 0.190033 0.031082
v -0.171211 0.142098 0.020961
v -0.181972 0.119515 0.001676
v -0.164107 0.165420 0.006635
v -0.192387 0.124565 0.027062
v -0.181518 0.128880 -0.024037
v -0.191117 0.149077 -0.041329
v -0.173722 0.185616 -0.010183
v -0.364924 0.215479 0.032056
v -0.332335 0.206547 0.000114
v -0.346061 0.227547 0.017140
v -0.338263 0.232154 -0.007843
v -0.342701 0.181502 0.004631
v -0.116255 0.137396 0.019854
v -0.123757 0.144138 0.047765
v -0.104479 0.149454 0.020242
v -0.111980 0.156191 0.048153
v -0.101630 0.165948 0.023254
v -0.106279 0.170112 0.040579
v -0.108808 0.180578 0.027876
v -0.461153 0.155221 -0.058966
v -0.440527 0.133377 -0.036453
v -0.437023 0.153794 -0.032457
v -0.449776 0.167294 -0.046460
v -0.445901 0.171906 -0.026913
v 0.162274 -0.399285 0.021270
v 0.151567 -0.392458 0.030146
v 0.159830 -0.403214 0.034299
v -0.308161 0.139114 -0.041793
v -0.284387 0.136075 -0.008971
v -0.298992 0.125127 -0.029360
v -0.284357 0.156829 -0.012866
v -0.295951 0.119787 -0.009841
v -0.284387 0.136075 -0.008971
v -0.336413 0.214570 -0.028164
v -0.332335 0.206547 0.000114
v -0.349329 0.194479 -0.041698
v -0.338263 0.232154 -0.007843
v -0.342701 0.181502 0.004631
v -0.455100 0.118455 -0.036933
v -0.464396 0.126800 -0.002283
v -0.440527 0.133377 -0.036453
v -0.449823 0.141722 -0.001802
v -0.437023 0.153794 -0.032457
v -0.442732 0.158949 -0.011286
v -0.445901 0.171906 -0.026913
v -0.490796 0.153794 -0.003153
v -0.483218 0.177061 -0.037860
v -0.476173 0.168716 -0.002671
v -0.463374 0.180789 -0.033325
v -0.459071 0.175634 -0.011824
v -0.445901 0.171906 -0.026913
v -0.375679 0.236480 -0.042567
v -0.358685 0.248548 -0.000755
v -0.352705 0.240524 -0.028701
v -0.338263 0.232154 -0.007843
v -0.385343 0.249457 0.003225
v -0.398349 0.221563 -0.043314
v -0.408013 0.234541 0.002478
v 0.378112 0.240976 0.003631
v 0.387340 0.252014 0.050046
v 0.368056 0.271748 0.049411
v 0.358827 0.260716 0.002996
v 0.341865 0.276682 0.043689
v 0.336135 0.269864 0.014868
v 0.318714 0.264931 0.035165
v -0.461153 0.155221 -0.058966
v -0.483218 0.177061 -0.037860
v -0.463374 0.180789 -0.033325
v -0.449776 0.167294 -0.046460
v -0.445901 0.171906 -0.026913
v -0.133277 0.178000 0.047451
v -0.138925 0.184742 0.019107
v -0.122926 0.187752 0.022552
v -0.119429 0.183587 0.040146
v -0.108808 0.180578 0.027876
v -0.364924 0.215479 0.032056
v -0.358685 0.248548 -0.000755
v -0.385343 0.249457 0.003225
v -0.346061 0.227547 0.017140
v -0.338263 0.232154 -0.007843
v 0.368056 0.271748 0.049411
v 0.338899 0.242865 0.077082
v 0.341865 0.276682 0.043689
v 0.323855 0.258832 0.061063
v 0.318714 0.264931 0.035165
v -0.250284 0.167349 0.011557
v -0.210253 0.196905 0.022104
v -0.218990 0.201960 -0.003424
v -0.243726 0.183687 -0.010060
v -0.223524 0.189927 -0.028325
v -0.056397 0.171921 0.054843
v -0.063392 0.180266 0.019656
v -0.041824 0.186842 0.055323
v -0.048819 0.195187 0.020136
v -0.029009 0.198915 0.024195
v -0.024673 0.193760 0.046171
v -0.011502 0.190033 0.031082
v 0.193944 -0.344242 -0.076706
v 0.199682 -0.334038 -0.060001
v 0.183483 -0.331923 -0.067823
v 0.256786 -0.285341 -0.011535
v 0.258836 -0.285341 -0.026028
v 0.247539 -0.281085 -0.020090
v 0.250879 -0.371457 -0.015610
v 0.256521 -0.371457 0.003994
v 0.240258 -0.365700 -0.001889
v 0.257398 -0.445888 0.017606
v 0.261596 -0.445888 0.031831
v 0.249555 -0.441633 0.027553
v 0.369779 0.181507 -0.005871
v 0.402818 0.157899 -0.006723
v 0.382600 0.185536 0.012030
v 0.403011 0.170946 0.011251
v 0.391888 0.175930 0.029814
v 0.250912 0.217785 0.026620
v 0.258013 0.217785 0.051117
v 0.237529 0.225030 0.043658
v 0.052400 0.219770 0.008911
v 0.030848 0.226346 -0.027230
v 0.037827 0.234691 0.008430
v 0.018032 0.238419 0.003897
v 0.013697 0.233264 -0.018079
v 0.000510 0.229536 -0.002501
v 0.168675 -0.443195 -0.013461
v 0.151869 -0.447853 -0.002846
v 0.152316 -0.435790 -0.016429
v -0.121127 0.167098 0.002230
v -0.138925 0.184742 0.019107
v -0.122926 0.187752 0.022552
v -0.111927 0.176850 0.012235
v -0.108808 0.180578 0.027876
v -0.104903 0.246136 -0.062276
v -0.085515 0.246136 -0.075235
v -0.086154 0.252753 -0.055837
v 0.258013 0.217785 0.051117
v 0.236827 0.217785 0.064979
v 0.237529 0.225030 0.043658
v -0.098360 0.246136 -0.040227
v -0.104903 0.246136 -0.062276
v -0.086154 0.252753 -0.055837
v 0.207183 -0.400592 0.077600
v 0.190312 -0.400592 0.088687
v 0.190871 -0.394839 0.071730
v 0.261596 -0.445888 0.031831
v 0.249140 -0.445888 0.040160
v 0.249555 -0.441633 0.027553
v -0.026755 0.173348 -0.000971
v -0.048819 0.195187 0.020136
v -0.029009 0.198915 0.024195
v -0.015378 0.185421 0.011536
v -0.011502 0.190033 0.031082
v 0.122376 0.202351 0.014134
v 0.112934 0.213590 -0.033265
v 0.139615 0.218614 -0.027527
v 0.145478 0.211666 0.001787
v 0.163191 0.206642 -0.018500
v 0.273019 -0.293741 0.059388
v 0.265812 -0.298519 0.047004
v 0.259654 -0.293178 0.057970
v 0.201525 -0.400592 0.058484
v 0.207183 -0.400592 0.077600
v 0.190871 -0.394839 0.071730
v 0.142598 0.184164 -0.061408
v 0.112934 0.213590 -0.033265
v 0.139615 0.218614 -0.027527
v 0.157969 0.200432 -0.044875
v 0.163191 0.206642 -0.018500
v 0.258836 -0.285341 -0.026028
v 0.245256 -0.285341 -0.032785
v 0.247539 -0.281085 -0.020090
v 0.267473 -0.302131 0.080076
v 0.283341 -0.302131 0.062157
v 0.273019 -0.293741 0.059388
v 0.263213 -0.293741 0.070707
v 0.259654 -0.293178 0.057970
v 0.256521 -0.371457 0.003994
v 0.239699 -0.371457 0.015082
v 0.240258 -0.365700 -0.001889
v 0.037827 0.234691 0.008430
v 0.015778 0.212852 0.029063
v 0.018032 0.238419 0.003897
v 0.004384 0.224924 0.017045
v 0.000510 0.229536 -0.002501
v 0.149861 -0.306467 0.022313
v 0.152577 -0.306467 0.002510
v 0.137322 -0.300709 0.010746
v 0.162969 -0.435659 -0.031127
v 0.168675 -0.443195 -0.013461
v 0.152316 -0.435790 -0.016429
v 0.135749 -0.443195 -0.014546
v 0.151869 -0.447853 -0.002846
v 0.152316 -0.435790 -0.016429
v -0.321635 0.177156 0.004836
v -0.340526 0.163621 0.004213
v -0.334225 0.175729 -0.011102
v -0.008382 0.177076 0.046708
v -0.024673 0.193760 0.046171
v -0.011502 0.190033 0.031082
v 0.152577 -0.306467 0.002510
v 0.134250 -0.306467 -0.006345
v 0.137322 -0.300709 0.010746
v 0.149861 -0.306467 0.022313
v 0.129843 -0.306467 0.026023
v 0.137322 -0.300709 0.010746
v 0.250879 -0.371457 -0.015610
v 0.230515 -0.371457 -0.016281
v 0.240258 -0.365700 -0.001889
v 0.256786 -0.285341 -0.011535
v 0.242019 -0.285341 -0.009104
v 0.247539 -0.281085 -0.020090
v -0.319987 0.156402 -0.042183
v -0.315093 0.181336 -0.016293
v -0.295974 0.174116 -0.019559
v -0.329955 0.170389 -0.030380
v -0.334225 0.175729 -0.011102
v -0.164107 0.165420 0.006635
v -0.200654 0.176709 0.039410
v -0.210253 0.196905 0.022104
v -0.173722 0.185616 -0.010183
v -0.218990 0.201960 -0.003424
v -0.196418 0.194981 -0.023551
v -0.223524 0.189927 -0.028325
v 0.314592 0.247799 0.014158
v 0.336135 0.269864 0.014868
v 0.318714 0.264931 0.035165
v 0.145478 0.211666 0.001787
v 0.167411 0.189194 0.002510
v 0.163191 0.206642 -0.018500
v 0.242383 -0.445888 0.017111
v 0.257398 -0.445888 0.017606
v 0.249555 -0.441633 0.027553
v 0.174257 -0.400592 0.076515
v 0.190312 -0.400592 0.088687
v 0.190871 -0.394839 0.071730
v 0.225297 0.217785 0.025776
v 0.250912 0.217785 0.026620
v 0.237529 0.225030 0.043658
v 0.251537 -0.301473 0.050903
v 0.265812 -0.298519 0.047004
v 0.259654 -0.293178 0.057970
v -0.067021 0.246136 -0.061028
v -0.085515 0.246136 -0.075235
v -0.086154 0.252753 -0.055837
v 0.173581 -0.344242 -0.077377
v 0.166756 -0.334038 -0.061086
v 0.183483 -0.331923 -0.067823
v -0.075003 0.246136 -0.039458
v -0.098360 0.246136 -0.040227
v -0.086154 0.252753 -0.055837
v 0.134250 -0.306467 -0.006345
v 0.120212 -0.306467 0.008242
v 0.137322 -0.300709 0.010746
v 0.249929 -0.298519 0.065411
v 0.263213 -0.293741 0.070707
v 0.259654 -0.293178 0.057970
v 0.181161 -0.400592 0.057812
v 0.201525 -0.400592 0.058484
v 0.190871 -0.394839 0.071730
v 0.129843 -0.306467 0.026023
v 0.120212 -0.306467 0.008242
v 0.137322 -0.300709 0.010746
v 0.216598 0.217785 0.049752
v 0.236827 0.217785 0.064979
v 0.237529 0.225030 0.043658
v 0.369779 0.181507 -0.005871
v 0.349720 0.172489 0.027447
v 0.382600 0.185536 0.012030
v 0.370185 0.179964 0.032491
v 0.391888 0.175930 0.029814
v 0.209504 -0.345217 -0.049487
v 0.182365 -0.335018 -0.033880
v 0.182908 -0.327733 -0.050363
v 0.199682 -0.334038 -0.060001
v 0.183483 -0.331923 -0.067823
v 0.237258 -0.445888 0.031029
v 0.249140 -0.445888 0.040160
v 0.249555 -0.441633 0.027553
v 0.169697 -0.446230 -0.044488
v 0.136771 -0.446230 -0.045573
v 0.162969 -0.435659 -0.031127
v 0.142605 -0.435659 -0.031798
v 0.152316 -0.435790 -0.016429
v 0.223595 -0.371457 0.002909
v 0.239699 -0.371457 0.015082
v 0.240258 -0.365700 -0.001889
v 0.142605 -0.435659 -0.031798
v 0.135749 -0.443195 -0.014546
v 0.152316 -0.435790 -0.016429
v 0.245256 -0.285341 -0.032785
v 0.234877 -0.285341 -0.021959
v 0.247539 -0.281085 -0.020090
v 0.251537 -0.301473 0.050903
v 0.249929 -0.298519 0.065411
v 0.259654 -0.293178 0.057970
v 0.181161 -0.400592 0.057812
v 0.174257 -0.400592 0.076515
v 0.190871 -0.394839 0.071730
v -0.075003 0.246136 -0.039458
v -0.067021 0.246136 -0.061028
v -0.086154 0.252753 -0.055837
v 0.230515 -0.371457 -0.016281
v 0.223595 -0.371457 0.002909
v 0.240258 -0.365700 -0.001889
v -0.306546 0.167349 0.015050
v -0.295974 0.174116 -0.019559
v -0.315093 0.181336 -0.016293
v -0.321635 0.177156 0.004836
v -0.334225 0.175729 -0.011102
v 0.225297 0.217785 0.025776
v 0.216598 0.217785 0.049752
v 0.237529 0.225030 0.043658
v 0.242019 -0.285341 -0.009104
v 0.234877 -0.285341 -0.021959
v 0.247539 -0.281085 -0.020090
v 0.242383 -0.445888 0.017111
v 0.237258 -0.445888 0.031029
v 0.249555 -0.441633 0.027553
v 0.156264 -0.345217 -0.051241
v 0.182365 -0.335018 -0.033880
v 0.182908 -0.327733 -0.050363
v 0.166756 -0.334038 -0.061086
v 0.183483 -0.331923 -0.067823
v 0.124157 -0.411373 0.033123
v 0.129950 -0.394608 0.015347
v 0.140161 -0.389172 0.022971
v 0.134353 -0.405932 0.041221
v 0.147995 -0.402817 0.041670
v 0.151567 -0.392458 0.030146
v 0.129950 -0.394608 0.015347
v 0.147292 -0.405656 0.000395
v 0.140161 -0.389172 0.022971
v 0.157439 -0.400220 0.008491
v 0.162274 -0.399285 0.021270
v 0.151567 -0.392458 0.030146
v -0.364924 0.215479 0.032056
v -0.385343 0.249457 0.003225
v -0.408013 0.234541 0.002478
v -0.387595 0.200563 0.031309
v 0.358183 0.223126 0.077717
v 0.387340 0.252014 0.050046
v 0.368056 0.271748 0.049411
v 0.338899 0.242865 0.077082
v -0.200654 0.176709 0.039410
v -0.240637 0.147148 0.028864
v -0.193783 0.149077 0.041088
v -0.218519 0.130809 0.034452
v -0.192387 0.124565 0.027062
v -0.250284 0.167349 0.011557
v -0.210253 0.196905 0.022104
v 0.179136 -0.475651 -0.022344
v 0.151948 -0.483187 -0.005273
v 0.151725 -0.465954 0.001504
v 0.178912 -0.458423 -0.015553
v 0.168675 -0.443195 -0.013461
v 0.151869 -0.447853 -0.002846
v 0.236827 0.156392 0.064979
v 0.258013 0.156392 0.051117
v 0.236379 0.175362 0.078562
v 0.270692 0.175362 0.055430
v 0.236379 0.198815 0.078562
v 0.270692 0.198815 0.055430
v 0.258013 0.217785 0.051117
v 0.236827 0.217785 0.064979
v 0.190312 -0.449370 0.088687
v 0.207183 -0.449370 0.077600
v 0.189961 -0.434298 0.099355
v 0.217229 -0.434298 0.081323
v 0.189961 -0.415669 0.099355
v 0.217229 -0.415669 0.081323
v 0.207183 -0.400592 0.077600
v 0.190312 -0.400592 0.088687
v 0.249140 -0.481931 0.040160
v 0.261596 -0.481931 0.031831
v 0.248884 -0.470798 0.047913
v 0.269024 -0.470798 0.034505
v 0.248884 -0.457027 0.047913
v 0.269024 -0.457027 0.034505
v 0.261596 -0.445888 0.031831
v 0.249140 -0.445888 0.040160
v 0.137877 -0.432781 0.029694
v 0.124157 -0.411373 0.033123
v 0.134353 -0.405932 0.041221
v 0.148074 -0.427340 0.037792
v 0.147995 -0.402817 0.041670
v 0.156465 -0.416046 0.039520
v 0.159830 -0.403214 0.034299
v 0.239699 -0.420231 0.015082
v 0.256521 -0.420231 0.003994
v 0.239348 -0.405159 0.025751
v 0.266566 -0.405159 0.007717
v 0.239348 -0.386529 0.025751
v 0.266566 -0.386529 0.007717
v 0.256521 -0.371457 0.003994
v 0.239699 -0.371457 0.015082
v 0.030352 0.197930 0.029543
v 0.052400 0.219770 0.008911
v 0.037827 0.234691 0.008430
v 0.015778 0.212852 0.029063
v 0.151948 -0.483187 -0.005273
v 0.125895 -0.475651 -0.024099
v 0.151725 -0.465954 0.001504
v 0.125671 -0.458423 -0.017307
v 0.135749 -0.443195 -0.014546
v 0.151869 -0.447853 -0.002846
v -0.294928 0.150062 0.021743
v -0.325291 0.128167 0.014432
v -0.290895 0.131895 0.012648
v -0.309563 0.118360 0.005234
v -0.306546 0.167349 0.015050
v -0.325291 0.128167 0.014432
v -0.337116 0.145455 0.014043
v -0.321635 0.177156 0.004836
v -0.306546 0.167349 0.015050
v -0.340526 0.163621 0.004213
v -0.056397 0.171921 0.054843
v -0.046509 0.138009 0.045452
v -0.030047 0.144927 0.055711
v -0.062849 0.154694 0.044914
v -0.041824 0.186842 0.055323
v -0.015424 0.159848 0.056193
v -0.008382 0.177076 0.046708
v -0.024673 0.193760 0.046171
v -0.145053 0.165948 0.047063
v -0.137094 0.138546 0.039564
v -0.123757 0.144138 0.047765
v -0.111980 0.156191 0.048153
v -0.150245 0.152026 0.039130
v -0.133277 0.178000 0.047451
v -0.106279 0.170112 0.040579
v -0.119429 0.183587 0.040146
v 0.157619 -0.340168 0.029856
v 0.125205 -0.340168 0.035587
v 0.149861 -0.355240 0.022313
v 0.129843 -0.355240 0.026023
v 0.125205 -0.321539 0.035587
v 0.157619 -0.321539 0.029856
v 0.149861 -0.306467 0.022313
v 0.129843 -0.306467 0.026023
v 0.262499 -0.310250 -0.006000
v 0.238590 -0.310250 -0.001944
v 0.256786 -0.321388 -0.011535
v 0.242019 -0.321388 -0.009104
v 0.238590 -0.296479 -0.001944
v 0.262499 -0.296479 -0.006000
v 0.256786 -0.285341 -0.011535
v 0.242019 -0.285341 -0.009104
v -0.171211 0.142098 0.020961
v -0.193783 0.149077 0.041088
v -0.192387 0.124565 0.027062
v -0.464396 0.126800 -0.002283
v -0.497199 0.136567 -0.013080
v -0.480907 0.119882 -0.012544
v -0.490796 0.153794 -0.003153
v -0.476173 0.168716 -0.002671
v -0.449823 0.141722 -0.001802
v -0.459071 0.175634 -0.011824
v -0.442732 0.158949 -0.011286
v 0.102699 0.182245 0.013486
v 0.115987 0.136562 0.000815
v 0.138225 0.145877 0.014657
v 0.094052 0.159034 0.000092
v 0.157853 0.165983 0.015304
v 0.122376 0.202351 0.014134
v 0.145478 0.211666 0.001787
v 0.167411 0.189194 0.002510
v 0.189961 -0.434298 0.099355
v 0.174257 -0.449370 0.076515
v 0.190312 -0.449370 0.088687
v 0.163988 -0.434298 0.079569
v 0.163988 -0.415669 0.079569
v 0.189961 -0.415669 0.099355
v 0.174257 -0.400592 0.076515
v 0.190312 -0.400592 0.088687
v 0.358903 0.127182 0.036489
v 0.391745 0.118164 0.014760
v 0.370344 0.143309 0.047057
v 0.403170 0.134291 0.025816
v 0.382952 0.161933 0.044569
v 0.403240 0.156357 0.031151
v 0.391888 0.175930 0.029814
v -0.068060 0.207386 -0.029512
v -0.105941 0.207386 -0.030760
v -0.075003 0.190053 -0.039458
v -0.098360 0.190053 -0.040227
v -0.105941 0.228803 -0.030760
v -0.068060 0.228803 -0.029512
v -0.075003 0.246136 -0.039458
v -0.098360 0.246136 -0.040227
v 0.270813 -0.315143 0.083089
v 0.258668 -0.332592 0.072987
v 0.271970 -0.327814 0.077794
v 0.249330 -0.322880 0.074619
v 0.245991 -0.309863 0.071591
v 0.267473 -0.302131 0.080076
v 0.249929 -0.298519 0.065411
v 0.263213 -0.293741 0.070707
v 0.236379 0.175362 0.078562
v 0.216598 0.156392 0.049752
v 0.236827 0.156392 0.064979
v 0.203663 0.175362 0.053222
v 0.203663 0.198815 0.053222
v 0.236379 0.198815 0.078562
v 0.216598 0.217785 0.049752
v 0.236827 0.217785 0.064979
v 0.182109 -0.369548 -0.026127
v 0.209201 -0.361188 -0.040284
v 0.182061 -0.350985 -0.024677
v 0.198883 -0.375848 -0.035765
v 0.182508 -0.383605 -0.038245
v 0.209504 -0.345217 -0.049487
v 0.182365 -0.335018 -0.033880
v 0.030352 0.197930 0.029543
v 0.009759 0.176086 0.007506
v 0.015778 0.212852 0.029063
v -0.004864 0.191007 0.007024
v 0.248884 -0.470798 0.047913
v 0.237258 -0.481931 0.031029
v 0.249140 -0.481931 0.040160
v 0.229671 -0.470798 0.033208
v 0.229671 -0.457027 0.033208
v 0.248884 -0.457027 0.047913
v 0.237258 -0.445888 0.031029
v 0.249140 -0.445888 0.040160
v 0.239348 -0.405159 0.025751
v 0.223595 -0.420231 0.002909
v 0.239699 -0.420231 0.015082
v 0.213326 -0.405159 0.005963
v 0.213326 -0.386529 0.005963
v 0.239348 -0.386529 0.025751
v 0.223595 -0.371457 0.002909
v 0.239699 -0.371457 0.015082
v 0.358903 0.127182 0.036489
v 0.338279 0.156357 0.016879
v 0.370344 0.143309 0.047057
v 0.349720 0.172489 0.027447
v 0.382952 0.161933 0.044569
v 0.370185 0.179964 0.032491
v 0.391888 0.175930 0.029814
v 0.358183 0.223126 0.077717
v 0.330911 0.194243 0.048187
v 0.311626 0.213977 0.047551
v 0.338899 0.242865 0.077082
v 0.182061 -0.350985 -0.024677
v 0.155960 -0.361188 -0.042038
v 0.182109 -0.369548 -0.026127
v 0.165957 -0.375848 -0.036850
v 0.182508 -0.383605 -0.038245
v 0.156264 -0.345217 -0.051241
v 0.182365 -0.335018 -0.033880
v -0.364924 0.215479 0.032056
v -0.342701 0.181502 0.004631
v -0.387595 0.200563 0.031309
v -0.365372 0.166586 0.003884
v 0.147995 -0.402817 0.041670
v 0.151567 -0.392458 0.030146
v 0.159830 -0.403214 0.034299
v -0.490796 0.153794 -0.003153
v -0.501550 0.141722 -0.034583
v -0.497199 0.136567 -0.013080
v -0.493057 0.123610 -0.028467
v -0.497791 0.162134 -0.038340
v -0.483218 0.177061 -0.037860
v -0.398349 0.221563 -0.043314
v -0.408013 0.234541 0.002478
v -0.418060 0.209496 -0.002711
v -0.412079 0.201472 -0.030657
v -0.411622 0.183888 -0.010261
v -0.497791 0.162134 -0.038340
v -0.475727 0.140295 -0.059446
v -0.501550 0.141722 -0.034583
v -0.487903 0.128222 -0.047716
v -0.493057 0.123610 -0.028467
v -0.145053 0.165948 0.047063
v -0.153743 0.156191 0.021537
v -0.150245 0.152026 0.039130
v -0.146885 0.141561 0.026621
v -0.150702 0.172685 0.018719
v -0.133277 0.178000 0.047451
v -0.138925 0.184742 0.019107
v -0.408013 0.234541 0.002478
v -0.387595 0.200563 0.031309
v -0.418060 0.209496 -0.002711
v -0.405435 0.188495 0.015183
v -0.411622 0.183888 -0.010261
v -0.056397 0.171921 0.054843
v -0.067136 0.159848 0.022939
v -0.062849 0.154694 0.044914
v -0.058658 0.141737 0.029528
v -0.063392 0.180266 0.019656
v -0.041824 0.186842 0.055323
v -0.048819 0.195187 0.020136
v -0.325291 0.128167 0.014432
v -0.333561 0.121399 -0.020797
v -0.345388 0.138687 -0.021187
v -0.337116 0.145455 0.014043
v -0.345663 0.159436 -0.017300
v -0.340526 0.163621 0.004213
v -0.334225 0.175729 -0.011102
v -0.240637 0.147148 0.028864
v -0.228825 0.117586 -0.010547
v -0.250284 0.167349 0.011557
v -0.238424 0.137788 -0.027853
v -0.236450 0.165420 -0.034098
v -0.243726 0.183687 -0.010060
v -0.223524 0.189927 -0.028325
v -0.150702 0.172685 0.018719
v -0.132904 0.155040 0.001842
v -0.153743 0.156191 0.021537
v -0.142743 0.145289 0.011220
v -0.146885 0.141561 0.026621
v -0.116454 0.207386 -0.066538
v -0.098360 0.190053 -0.040227
v -0.105941 0.207386 -0.030760
v -0.104903 0.190053 -0.062276
v -0.116454 0.228803 -0.066538
v -0.105941 0.228803 -0.030760
v -0.098360 0.246136 -0.040227
v -0.104903 0.246136 -0.062276
v -0.319987 0.156402 -0.042183
v -0.345388 0.138687 -0.021187
v -0.345663 0.159436 -0.017300
v -0.329955 0.170389 -0.030380
v -0.334225 0.175729 -0.011102
v 0.137877 -0.432781 0.029694
v 0.121317 -0.417055 0.020898
v 0.129789 -0.430289 0.018748
v 0.126919 -0.420813 0.008952
v 0.124157 -0.411373 0.033123
v -0.063392 0.180266 0.019656
v -0.041329 0.158421 -0.001451
v -0.067136 0.159848 0.022939
v -0.053505 0.146349 0.010279
v -0.058658 0.141737 0.029528
v 0.102699 0.182245 0.013486
v 0.088239 0.165983 -0.029220
v 0.094052 0.159034 0.000092
v 0.099646 0.141586 -0.020594
v 0.093306 0.193484 -0.033912
v 0.122376 0.202351 0.014134
v 0.112934 0.213590 -0.033265
v 0.093306 0.193484 -0.033912
v 0.122971 0.164063 -0.062055
v 0.088239 0.165983 -0.029220
v 0.106593 0.147796 -0.046568
v 0.099646 0.141586 -0.020594
v -0.046509 0.138009 0.045452
v -0.062849 0.154694 0.044914
v -0.058658 0.141737 0.029528
v -0.137094 0.138546 0.039564
v -0.150245 0.152026 0.039130
v -0.146885 0.141561 0.026621
v -0.395788 0.175518 -0.030120
v -0.412079 0.201472 -0.030657
v -0.411622 0.183888 -0.010261
v 0.013697 0.233264 -0.018079
v -0.002595 0.216580 -0.018616
v 0.000510 0.229536 -0.002501
v 0.115987 0.136562 0.000815
v 0.094052 0.159034 0.000092
v 0.099646 0.141586 -0.020594
v 0.155960 -0.361188 -0.042038
v 0.172781 -0.386052 -0.053126
v 0.165957 -0.375848 -0.036850
v 0.166980 -0.377692 -0.067878
v 0.167300 -0.361721 -0.077584
v 0.156264 -0.345217 -0.051241
v 0.173581 -0.344242 -0.077377
v 0.166756 -0.334038 -0.061086
v 0.134250 -0.355240 -0.006345
v 0.109596 -0.340168 0.006915
v 0.132329 -0.340168 -0.016599
v 0.132329 -0.321539 -0.016599
v 0.120212 -0.355240 0.008242
v 0.109596 -0.321539 0.006915
v 0.134250 -0.306467 -0.006345
v 0.120212 -0.306467 0.008242
v 0.109596 -0.340168 0.006915
v 0.129843 -0.355240 0.026023
v 0.125205 -0.340168 0.035587
v 0.120212 -0.355240 0.008242
v 0.109596 -0.321539 0.006915
v 0.125205 -0.321539 0.035587
v 0.129843 -0.306467 0.026023
v 0.120212 -0.306467 0.008242
v 0.358387 0.165375 -0.016437
v 0.340313 0.137738 0.004326
v 0.338279 0.156357 0.016879
v 0.352728 0.143309 -0.016135
v 0.354977 0.123736 -0.005381
v 0.369779 0.181507 -0.005871
v 0.349720 0.172489 0.027447
v 0.015778 0.212852 0.029063
v -0.004864 0.191007 0.007024
v -0.008367 0.211425 0.003027
v 0.004384 0.224924 0.017045
v 0.000510 0.229536 -0.002501
v 0.125895 -0.475651 -0.024099
v 0.143196 -0.480770 -0.049731
v 0.136324 -0.488306 -0.032005
v 0.136995 -0.463462 -0.052365
v 0.125671 -0.458423 -0.017307
v 0.136771 -0.446230 -0.045573
v 0.142605 -0.435659 -0.031798
v 0.135749 -0.443195 -0.014546
v 0.245256 -0.321388 -0.032785
v 0.227059 -0.310250 -0.023194
v 0.243892 -0.310250 -0.040592
v 0.243892 -0.296479 -0.040592
v 0.234877 -0.321388 -0.021959
v 0.227059 -0.296479 -0.023194
v 0.245256 -0.285341 -0.032785
v 0.234877 -0.285341 -0.021959
v 0.249330 -0.322880 0.074619
v 0.251880 -0.327658 0.050915
v 0.245991 -0.309863 0.071591
v 0.248573 -0.314646 0.048391
v 0.251537 -0.301473 0.050903
v 0.249929 -0.298519 0.065411
v 0.181161 -0.449370 0.057812
v 0.163988 -0.434298 0.079569
v 0.175168 -0.434298 0.048876
v 0.175168 -0.415669 0.048876
v 0.174257 -0.449370 0.076515
v 0.163988 -0.415669 0.079569
v 0.181161 -0.400592 0.057812
v 0.174257 -0.400592 0.076515
v 0.019071 0.184431 -0.027619
v -0.004864 0.191007 0.007024
v 0.004497 0.199352 -0.028099
v -0.008367 0.211425 0.003027
v -0.002595 0.216580 -0.018616
v 0.000510 0.229536 -0.002501
v 0.230515 -0.420231 -0.016281
v 0.213326 -0.405159 0.005963
v 0.224506 -0.405159 -0.024730
v 0.224506 -0.386529 -0.024730
v 0.223595 -0.420231 0.002909
v 0.213326 -0.386529 0.005963
v 0.230515 -0.371457 -0.016281
v 0.223595 -0.371457 0.002909
v 0.225297 0.156392 0.025776
v 0.203663 0.175362 0.053222
v 0.217749 0.175362 0.014848
v 0.217749 0.198815 0.014848
v 0.216598 0.156392 0.049752
v 0.203663 0.198815 0.053222
v 0.225297 0.217785 0.025776
v 0.216598 0.217785 0.049752
v 0.227059 -0.310250 -0.023194
v 0.242019 -0.321388 -0.009104
v 0.238590 -0.310250 -0.001944
v 0.234877 -0.321388 -0.021959
v 0.227059 -0.296479 -0.023194
v 0.238590 -0.296479 -0.001944
v 0.242019 -0.285341 -0.009104
v 0.234877 -0.285341 -0.021959
v 0.242383 -0.481931 0.017111
v 0.229671 -0.470798 0.033208
v 0.237929 -0.470798 0.010655
v 0.237929 -0.457027 0.010655
v 0.237258 -0.481931 0.031029
v 0.229671 -0.457027 0.033208
v 0.242383 -0.445888 0.017111
v 0.237258 -0.445888 0.031029
v 0.358903 0.127182 0.036489
v 0.340313 0.137738 0.004326
v 0.353080 0.119701 0.016404
v 0.354977 0.123736 -0.005381
v 0.338279 0.156357 0.016879
v 0.311626 0.213977 0.047551
v 0.338899 0.242865 0.077082
v 0.306977 0.240976 0.042539
v 0.323855 0.258832 0.061063
v 0.318714 0.264931 0.035165
v 0.124157 -0.411373 0.033123
v 0.129950 -0.394608 0.015347
v 0.121317 -0.417055 0.020898
v 0.124924 -0.406696 0.009849
v 0.126919 -0.420813 0.008952
v 0.343223 0.205276 0.002482
v 0.330911 0.194243 0.048187
v 0.311626 0.213977 0.047551
v 0.323938 0.225010 0.001846
v 0.306977 0.240976 0.042539
v 0.314592 0.247799 0.014158
v 0.318714 0.264931 0.035165
v 0.137877 -0.432781 0.029694
v 0.138644 -0.428103 0.006420
v 0.152156 -0.429249 0.009295
v 0.162352 -0.423808 0.017392
v 0.129789 -0.430289 0.018748
v 0.126919 -0.420813 0.008952
v 0.148074 -0.427340 0.037792
v 0.166980 -0.377692 -0.067878
v 0.193145 -0.386052 -0.052455
v 0.172781 -0.386052 -0.053126
v 0.182508 -0.383605 -0.038245
v 0.199906 -0.377692 -0.066793
v -0.325291 0.128167 0.014432
v -0.314700 0.114180 -0.016280
v -0.309563 0.118360 0.005234
v -0.295951 0.119787 -0.009841
v -0.333561 0.121399 -0.020797
v 0.391442 0.141767 -0.017778
v 0.373368 0.114130 0.002986
v 0.373140 0.128719 -0.016914
v 0.354977 0.123736 -0.005381
v 0.391745 0.118164 0.014760
v 0.193145 -0.386052 -0.052455
v 0.198883 -0.375848 -0.035765
v 0.182508 -0.383605 -0.038245
v 0.256786 -0.321388 -0.011535
v 0.258836 -0.321388 -0.026028
v 0.247539 -0.325643 -0.020090
v 0.250879 -0.420231 -0.015610
v 0.256521 -0.420231 0.003994
v 0.240258 -0.425988 -0.001889
v 0.257398 -0.481931 0.017606
v 0.261596 -0.481931 0.031831
v 0.249555 -0.486191 0.027553
v -0.240637 0.147148 0.028864
v -0.211243 0.112537 0.010414
v -0.218519 0.130809 0.034452
v -0.192387 0.124565 0.027062
v -0.228825 0.117586 -0.010547
v 0.250912 0.156392 0.026620
v 0.258013 0.156392 0.051117
v 0.237529 0.149147 0.043658
v 0.152460 -0.492958 -0.020794
v 0.179136 -0.475651 -0.022344
v 0.151948 -0.483187 -0.005273
v 0.169250 -0.488306 -0.030920
v 0.153051 -0.491547 -0.038727
v -0.104903 0.190053 -0.062276
v -0.085515 0.190053 -0.075235
v -0.086154 0.183436 -0.055837
v 0.236827 0.156392 0.064979
v 0.258013 0.156392 0.051117
v 0.237529 0.149147 0.043658
v -0.098360 0.190053 -0.040227
v -0.104903 0.190053 -0.062276
v -0.086154 0.183436 -0.055837
v 0.190312 -0.449370 0.088687
v 0.207183 -0.449370 0.077600
v 0.190871 -0.455123 0.071730
v 0.249140 -0.481931 0.040160
v 0.261596 -0.481931 0.031831
v 0.249555 -0.486191 0.027553
v -0.333561 0.121399 -0.020797
v -0.308161 0.139114 -0.041793
v -0.314700 0.114180 -0.016280
v -0.298992 0.125127 -0.029360
v -0.295951 0.119787 -0.009841
v 0.274503 -0.332592 0.054578
v 0.281758 -0.327814 0.066949
v 0.270456 -0.335290 0.067065
v 0.201525 -0.449370 0.058484
v 0.207183 -0.449370 0.077600
v 0.190871 -0.455123 0.071730
v 0.258836 -0.321388 -0.026028
v 0.245256 -0.321388 -0.032785
v 0.247539 -0.325643 -0.020090
v 0.271970 -0.327814 0.077794
v 0.281758 -0.327814 0.066949
v 0.270456 -0.335290 0.067065
v 0.239699 -0.420231 0.015082
v 0.256521 -0.420231 0.003994
v 0.240258 -0.425988 -0.001889
v 0.149861 -0.355240 0.022313
v 0.152577 -0.355240 0.002510
v 0.137322 -0.360997 0.010746
v 0.163560 -0.480770 -0.049060
v 0.169250 -0.488306 -0.030920
v 0.153051 -0.491547 -0.038727
v 0.151948 -0.483187 -0.005273
v 0.125895 -0.475651 -0.024099
v 0.152460 -0.492958 -0.020794
v 0.136324 -0.488306 -0.032005
v 0.153051 -0.491547 -0.038727
v -0.309563 0.118360 0.005234
v -0.295951 0.119787 -0.009841
v -0.290895 0.131895 0.012648
v 0.152577 -0.355240 0.002510
v 0.134250 -0.355240 -0.006345
v 0.137322 -0.360997 0.010746
v 0.149861 -0.355240 0.022313
v 0.129843 -0.355240 0.026023
v 0.137322 -0.360997 0.010746
v 0.250879 -0.420231 -0.015610
v 0.230515 -0.420231 -0.016281
v 0.240258 -0.425988 -0.001889
v 0.035582 0.177513 -0.017358
v 0.051873 0.194198 -0.016821
v 0.047666 0.181241 -0.000947
v 0.256786 -0.321388 -0.011535
v 0.242019 -0.321388 -0.009104
v 0.247539 -0.325643 -0.020090
v -0.497199 0.136567 -0.013080
v -0.480907 0.119882 -0.012544
v -0.493057 0.123610 -0.028467
v 0.242383 -0.481931 0.017111
v 0.257398 -0.481931 0.017606
v 0.249555 -0.486191 0.027553
v 0.174257 -0.449370 0.076515
v 0.190312 -0.449370 0.088687
v 0.190871 -0.455123 0.071730
v 0.225297 0.156392 0.025776
v 0.250912 0.156392 0.026620
v 0.237529 0.149147 0.043658
v 0.251880 -0.327658 0.050915
v 0.274969 -0.322880 0.044892
v 0.260227 -0.335546 0.058477
v 0.274503 -0.332592 0.054578
v 0.270456 -0.335290 0.067065
v 0.122971 0.164063 -0.062055
v 0.123766 0.129614 -0.028049
v 0.106593 0.147796 -0.046568
v 0.099646 0.141586 -0.020594
v 0.150767 0.134638 -0.032018
v -0.067021 0.190053 -0.061028
v -0.085515 0.190053 -0.075235
v -0.086154 0.183436 -0.055837
v 0.358903 0.127182 0.036489
v 0.373368 0.114130 0.002986
v 0.391745 0.118164 0.014760
v 0.353080 0.119701 0.016404
v 0.354977 0.123736 -0.005381
v 0.172781 -0.386052 -0.053126
v 0.165957 -0.375848 -0.036850
v 0.182508 -0.383605 -0.038245
v -0.075003 0.190053 -0.039458
v -0.098360 0.190053 -0.040227
v -0.086154 0.183436 -0.055837
v 0.134250 -0.355240 -0.006345
v 0.120212 -0.355240 0.008242
v 0.137322 -0.360997 0.010746
v 0.258668 -0.332592 0.072987
v 0.271970 -0.327814 0.077794
v 0.270456 -0.335290 0.067065
v 0.181161 -0.449370 0.057812
v 0.201525 -0.449370 0.058484
v 0.190871 -0.455123 0.071730
v 0.129843 -0.355240 0.026023
v 0.120212 -0.355240 0.008242
v 0.137322 -0.360997 0.010746
v 0.216598 0.156392 0.049752
v 0.236827 0.156392 0.064979
v 0.237529 0.149147 0.043658
v 0.030352 0.197930 0.029543
v 0.029809 0.172358 0.004285
v 0.042561 0.185853 0.018303
v 0.047666 0.181241 -0.000947
v 0.009759 0.176086 0.007506
v 0.237258 -0.481931 0.031029
v 0.249140 -0.481931 0.040160
v 0.249555 -0.486191 0.027553
v 0.150767 0.134638 -0.032018
v 0.138225 0.145877 0.014657
v 0.123766 0.129614 -0.028049
v 0.115987 0.136562 0.000815
v 0.099646 0.141586 -0.020594
v -0.228825 0.117586 -0.010547
v -0.181518 0.128880 -0.024037
v -0.211243 0.112537 0.010414
v -0.181972 0.119515 0.001676
v -0.192387 0.124565 0.027062
v 0.163560 -0.480770 -0.049060
v 0.143196 -0.480770 -0.049731
v 0.153051 -0.491547 -0.038727
v 0.223595 -0.420231 0.002909
v 0.239699 -0.420231 0.015082
v 0.240258 -0.425988 -0.001889
v 0.143196 -0.480770 -0.049731
v 0.136324 -0.488306 -0.032005
v 0.153051 -0.491547 -0.038727
v 0.245256 -0.321388 -0.032785
v 0.234877 -0.321388 -0.021959
v 0.247539 -0.325643 -0.020090
v 0.249330 -0.322880 0.074619
v 0.260227 -0.335546 0.058477
v 0.258668 -0.332592 0.072987
v 0.270456 -0.335290 0.067065
v 0.251880 -0.327658 0.050915
v 0.181161 -0.449370 0.057812
v 0.174257 -0.449370 0.076515
v 0.190871 -0.455123 0.071730
v 0.035582 0.177513 -0.017358
v 0.029809 0.172358 0.004285
v 0.019071 0.184431 -0.027619
v 0.047666 0.181241 -0.000947
v 0.009759 0.176086 0.007506
v -0.004864 0.191007 0.007024
v -0.041329 0.158421 -0.001451
v -0.040785 0.132854 0.023807
v -0.053505 0.146349 0.010279
v -0.058658 0.141737 0.029528
v -0.020702 0.136582 0.021062
v -0.075003 0.190053 -0.039458
v -0.067021 0.190053 -0.061028
v -0.086154 0.183436 -0.055837
v 0.230515 -0.420231 -0.016281
v 0.223595 -0.420231 0.002909
v 0.240258 -0.425988 -0.001889
v 0.225297 0.156392 0.025776
v 0.216598 0.156392 0.049752
v 0.237529 0.149147 0.043658
v 0.242019 -0.321388 -0.009104
v 0.234877 -0.321388 -0.021959
v 0.247539 -0.325643 -0.020090
v 0.242383 -0.481931 0.017111
v 0.237258 -0.481931 0.031029
v 0.249555 -0.486191 0.027553
v -0.132904 0.155040 0.001842
v -0.132447 0.134382 0.022238
v -0.142743 0.145289 0.011220
v -0.146885 0.141561 0.026621
v -0.116255 0.137396 0.019854
v -0.020702 0.136582 0.021062
v -0.030047 0.144927 0.055711
v -0.040785 0.132854 0.023807
v -0.046509 0.138009 0.045452
v -0.058658 0.141737 0.029528
v 0.358183 0.223126 0.077717
v 0.357469 0.189309 0.044203
v 0.374298 0.207159 0.062725
v 0.381082 0.201060 0.037220
v 0.330911 0.194243 0.048187
v -0.387595 0.200563 0.031309
v -0.365372 0.166586 0.003884
v -0.391710 0.167495 -0.001843
v -0.405435 0.188495 0.015183
v -0.411622 0.183888 -0.010261
v -0.116255 0.137396 0.019854
v -0.123757 0.144138 0.047765
v -0.132447 0.134382 0.022238
v -0.137094 0.138546 0.039564
v -0.146885 0.141561 0.026621
v -0.475727 0.140295 -0.059446
v -0.475150 0.114723 -0.033713
v -0.487903 0.128222 -0.047716
v -0.493057 0.123610 -0.028467
v -0.455100 0.118455 -0.036933
v 0.365036 0.196127 0.015821
v 0.357469 0.189309 0.044203
v 0.343223 0.205276 0.002482
v 0.381082 0.201060 0.037220
v 0.330911 0.194243 0.048187
v -0.349329 0.194479 -0.041698
v -0.342701 0.181502 0.004631
v -0.365372 0.166586 0.003884
v -0.371999 0.179563 -0.042445
v -0.391710 0.167495 -0.001843
v -0.395788 0.175518 -0.030120
v -0.411622 0.183888 -0.010261
v -0.455100 0.118455 -0.036933
v -0.464396 0.126800 -0.002283
v -0.475150 0.114723 -0.033713
v -0.480907 0.119882 -0.012544
v -0.493057 0.123610 -0.028467
v -0.497791 0.162134 -0.038340
v -0.475727 0.140295 -0.059446
v -0.461153 0.155221 -0.058966
v -0.483218 0.177061 -0.037860
v 0.166980 -0.377692 -0.067878
v 0.199906 -0.377692 -0.066793
v 0.200225 -0.361721 -0.076499
v 0.167300 -0.361721 -0.077584
v 0.193944 -0.344242 -0.076706
v 0.173581 -0.344242 -0.077377
v 0.183483 -0.331923 -0.067823
v 0.373140 0.128719 -0.016914
v 0.352728 0.143309 -0.016135
v 0.391442 0.141767 -0.017778
v 0.354977 0.123736 -0.005381
v 0.358387 0.165375 -0.016437
v 0.369779 0.181507 -0.005871
v 0.402818 0.157899 -0.006723
v -0.150702 0.172685 0.018719
v -0.132904 0.155040 0.001842
v -0.121127 0.167098 0.002230
v -0.138925 0.184742 0.019107
v -0.116454 0.207386 -0.066538
v -0.085116 0.207386 -0.087353
v -0.104903 0.190053 -0.062276
v -0.085515 0.190053 -0.075235
v -0.085116 0.228803 -0.087353
v -0.116454 0.228803 -0.066538
v -0.104903 0.246136 -0.062276
v -0.085515 0.246136 -0.075235
v -0.333561 0.121399 -0.020797
v -0.308161 0.139114 -0.041793
v -0.319987 0.156402 -0.042183
v -0.345388 0.138687 -0.021187
v -0.063392 0.180266 0.019656
v -0.041329 0.158421 -0.001451
v -0.026755 0.173348 -0.000971
v -0.048819 0.195187 0.020136
v 0.271664 -0.309863 0.042353
v 0.283341 -0.302131 0.062157
v 0.273019 -0.293741 0.059388
v 0.265812 -0.298519 0.047004
v 0.093306 0.193484 -0.033912
v 0.122971 0.164063 -0.062055
v 0.142598 0.184164 -0.061408
v 0.112934 0.213590 -0.033265
v 0.243892 -0.310250 -0.040592
v 0.258836 -0.321388 -0.026028
v 0.245256 -0.321388 -0.032785
v 0.265801 -0.310250 -0.030168
v 0.265801 -0.296479 -0.030168
v 0.243892 -0.296479 -0.040592
v 0.258836 -0.285341 -0.026028
v 0.245256 -0.285341 -0.032785
v 0.147292 -0.405656 0.000395
v 0.152156 -0.429249 0.009295
v 0.135597 -0.413523 0.000498
v 0.138644 -0.428103 0.006420
v 0.126919 -0.420813 0.008952
v 0.162352 -0.423808 0.017392
v 0.157439 -0.400220 0.008491
v 0.132329 -0.340168 -0.016599
v 0.152577 -0.355240 0.002510
v 0.134250 -0.355240 -0.006345
v 0.162026 -0.340168 -0.002511
v 0.162026 -0.321539 -0.002511
v 0.132329 -0.321539 -0.016599
v 0.152577 -0.306467 0.002510
v 0.134250 -0.306467 -0.006345
v 0.224506 -0.405159 -0.024730
v 0.250879 -0.420231 -0.015610
v 0.230515 -0.420231 -0.016281
v 0.257432 -0.405159 -0.023645
v 0.257432 -0.386529 -0.023645
v 0.224506 -0.386529 -0.024730
v 0.250879 -0.371457 -0.015610
v 0.230515 -0.371457 -0.016281
v -0.349329 0.194479 -0.041698
v -0.352705 0.240524 -0.028701
v -0.336413 0.214570 -0.028164
v -0.375679 0.236480 -0.042567
v -0.398349 0.221563 -0.043314
v -0.371999 0.179563 -0.042445
v -0.395788 0.175518 -0.030120
v -0.412079 0.201472 -0.030657
v 0.019071 0.184431 -0.027619
v 0.045421 0.211425 -0.026750
v 0.035582 0.177513 -0.017358
v 0.051873 0.194198 -0.016821
v 0.004497 0.199352 -0.028099
v 0.030848 0.226346 -0.027230
v 0.013697 0.233264 -0.018079
v -0.002595 0.216580 -0.018616
v -0.295974 0.174116 -0.019559
v -0.284357 0.156829 -0.012866
v -0.319987 0.156402 -0.042183
v -0.308161 0.139114 -0.041793
v 0.343223 0.205276 0.002482
v 0.378112 0.240976 0.003631
v 0.365036 0.196127 0.015821
v 0.323938 0.225010 0.001846
v 0.386627 0.218192 0.016532
v 0.358827 0.260716 0.002996
v 0.314592 0.247799 0.014158
v 0.336135 0.269864 0.014868
v 0.262268 -0.470798 0.011457
v 0.242383 -0.481931 0.017111
v 0.237929 -0.470798 0.010655
v 0.257398 -0.481931 0.017606
v 0.262268 -0.457027 0.011457
v 0.237929 -0.457027 0.010655
v 0.242383 -0.445888 0.017111
v 0.257398 -0.445888 0.017606
v 0.259163 0.175362 0.016213
v 0.225297 0.156392 0.025776
v 0.217749 0.175362 0.014848
v 0.250912 0.156392 0.026620
v 0.259163 0.198815 0.016213
v 0.217749 0.198815 0.014848
v 0.225297 0.217785 0.025776
v 0.250912 0.217785 0.026620
v 0.251880 -0.327658 0.050915
v 0.274969 -0.322880 0.044892
v 0.271664 -0.309863 0.042353
v 0.248573 -0.314646 0.048391
v 0.251537 -0.301473 0.050903
v 0.265812 -0.298519 0.047004
v 0.122971 0.164063 -0.062055
v 0.150767 0.134638 -0.032018
v 0.142598 0.184164 -0.061408
v 0.170395 0.154744 -0.031371
v -0.085116 0.207386 -0.087353
v -0.067021 0.190053 -0.061028
v -0.085515 0.190053 -0.075235
v -0.055215 0.207386 -0.064520
v -0.055215 0.228803 -0.064520
v -0.085116 0.228803 -0.087353
v -0.067021 0.246136 -0.061028
v -0.085515 0.246136 -0.075235
v 0.208093 -0.434298 0.049961
v 0.181161 -0.449370 0.057812
v 0.175168 -0.434298 0.048876
v 0.201525 -0.449370 0.058484
v 0.208093 -0.415669 0.049961
v 0.175168 -0.415669 0.048876
v 0.181161 -0.400592 0.057812
v 0.201525 -0.400592 0.058484
v -0.228825 0.117586 -0.010547
v -0.181518 0.128880 -0.024037
v -0.191117 0.149077 -0.041329
v -0.238424 0.137788 -0.027853
v -0.207180 0.172398 -0.042836
v -0.236450 0.165420 -0.034098
v -0.223524 0.189927 -0.028325
v 0.136995 -0.463462 -0.052365
v 0.163560 -0.480770 -0.049060
v 0.143196 -0.480770 -0.049731
v 0.169921 -0.463462 -0.051280
v 0.169697 -0.446230 -0.044488
v 0.136771 -0.446230 -0.045573
v -0.041329 0.158421 -0.001451
v -0.020702 0.136582 0.021062
v -0.006128 0.151509 0.021542
v -0.026755 0.173348 -0.000971
v -0.132904 0.155040 0.001842
v -0.116255 0.137396 0.019854
v -0.121127 0.167098 0.002230
v -0.104479 0.149454 0.020242
v -0.191117 0.149077 -0.041329
v -0.173722 0.185616 -0.010183
v -0.207180 0.172398 -0.042836
v -0.196418 0.194981 -0.023551
v -0.223524 0.189927 -0.028325
v -0.475727 0.140295 -0.059446
v -0.455100 0.118455 -0.036933
v -0.461153 0.155221 -0.058966
v -0.440527 0.133377 -0.036453
v 0.135597 -0.413523 0.000498
v 0.129950 -0.394608 0.015347
v 0.147292 -0.405656 0.000395
v 0.124924 -0.406696 0.009849
v 0.126919 -0.420813 0.008952
v -1.004247 0.203040 0.060003
v -1.003384 0.137321 0.033829
v -1.003384 0.268764 0.033829
v -1.001291 0.110095 -0.029691
v -0.999199 0.268764 -0.093196
v -1.001291 0.295985 -0.029691
v -0.999199 0.137321 -0.093196
v -0.998336 0.203040 -0.119386
v -0.999199 0.137321 -0.093196
v -0.618418 0.137321 -0.080649
v -0.620511 0.110095 -0.017144
v -1.001291 0.110095 -0.029691
v -0.622604 0.137321 0.046376
v -1.003384 0.137321 0.033829
v -0.617555 0.203040 -0.106838
v -0.999199 0.137321 -0.093196
v -0.618418 0.137321 -0.080649
v -0.998336 0.203040 -0.119386
v -0.999199 0.268764 -0.093196
v -0.618418 0.268764 -0.080649
v -0.998336 0.203040 -0.119386
v -0.617555 0.203040 -0.106838
v -0.617555 0.203040 -0.106838
v -0.620511 0.295984 -0.017144
v -0.618418 0.268764 -0.080649
v -0.622604 0.137321 0.046376
v -0.622604 0.268764 0.046376
v -0.623466 0.203040 0.072551
v -0.618418 0.137321 -0.080649
v -0.620511 0.110095 -0.017144
v -0.622604 0.268764 0.046376
v -1.003384 0.268764 0.033829
v -1.001291 0.295985 -0.029691
v -0.620511 0.295984 -0.017144
v -0.999199 0.268764 -0.093196
v -0.618418 0.268764 -0.080649
v -0.622604 0.137321 0.046376
v -1.003384 0.137321 0.033829
v -0.623466 0.203040 0.072551
v -1.004247 0.203040 0.060003
v -0.622604 0.268764 0.046376
v -1.003384 0.268764 0.033829
v 0.483768 0.219282 -0.106468
v 0.483274 0.226195 -0.089983
v 0.484369 0.223221 -0.090421
v 0.484832 0.217202 -0.104492
v 0.483191 0.220363 -0.090460
v 0.483991 0.202673 -0.113244
v 0.483542 0.215198 -0.102594
v 0.485024 0.202673 -0.110307
v 0.483702 0.202673 -0.107432
v 0.483542 0.190148 -0.102594
v 0.484832 0.188144 -0.104492
v 0.483191 0.184989 -0.090460
v 0.484369 0.182125 -0.090421
v 0.483768 0.186064 -0.106468
v 0.483274 0.179151 -0.089983
v 0.478027 0.219282 -0.106657
v 0.480379 0.227482 -0.090078
v 0.480954 0.220157 -0.107523
v 0.477483 0.226195 -0.090174
v 0.483768 0.219282 -0.106468
v 0.483274 0.226195 -0.089983
v 0.480762 0.190952 -0.101708
v 0.483542 0.190148 -0.102594
v 0.483191 0.184989 -0.090460
v 0.480411 0.186179 -0.091040
v 0.477597 0.184989 -0.090644
v 0.477997 0.190148 -0.102777
v 0.477997 0.215198 -0.102777
v 0.483542 0.215198 -0.102594
v 0.480762 0.214394 -0.101708
v 0.483702 0.202673 -0.107432
v 0.480922 0.202673 -0.106561
v 0.478156 0.202673 -0.107615
v 0.480762 0.190952 -0.101708
v 0.483542 0.190148 -0.102594
v 0.477997 0.190148 -0.102777
v 0.478027 0.219282 -0.106657
v 0.477483 0.226195 -0.090174
v 0.476420 0.223221 -0.090683
v 0.476884 0.217202 -0.104754
v 0.477597 0.220363 -0.090644
v 0.478250 0.202673 -0.113433
v 0.477997 0.215198 -0.102777
v 0.478156 0.202673 -0.107615
v 0.477597 0.184989 -0.090644
v 0.478027 0.186064 -0.106657
v 0.477483 0.179151 -0.090174
v 0.476420 0.182125 -0.090683
v 0.476884 0.188144 -0.104754
v 0.477075 0.202673 -0.110569
v 0.477997 0.190148 -0.102777
v 0.477597 0.220363 -0.090644
v 0.477997 0.215198 -0.102777
v 0.483191 0.220363 -0.090460
v 0.483542 0.215198 -0.102594
v 0.480762 0.214394 -0.101708
v 0.480411 0.219167 -0.091040
v 0.483768 0.186064 -0.106468
v 0.483274 0.179151 -0.089983
v 0.480379 0.177864 -0.090078
v 0.480954 0.185190 -0.107523
v 0.478027 0.186064 -0.106657
v 0.477483 0.179151 -0.090174
v 0.478027 0.219282 -0.106657
v 0.480954 0.220157 -0.107523
v 0.483768 0.219282 -0.106468
v 0.481178 0.202673 -0.114314
v 0.478250 0.202673 -0.113433
v 0.483991 0.202673 -0.113244
v 0.483768 0.186064 -0.106468
v 0.480954 0.185190 -0.107523
v 0.478027 0.186064 -0.106657
vn 0.9643 -0.2628 0.0318
vn 0.9899 0.1383 0.0326
vn 0.9888 0.1458 0.0326
vn 0.9722 -0.2319 0.0320
vn 0.9668 0.2536 0.0319
vn 0.7503 -0.4627 0.4722
vn 0.9155 -0.4012 0.0302
vn 0.8579 0.0847 0.5068
vn 0.8014 0.5976 0.0264
vn 0.8894 0.0846 -0.4492
vn 0.7797 -0.4627 -0.4218
vn 0.8372 0.4936 0.2354
vn 0.9995 -0.0000 0.0329
vn 0.6369 0.7707 0.0209
vn 0.8509 0.4936 -0.1798
vn 0.9995 -0.0000 0.0330
vn 0.9183 0.3947 0.0303
vn 0.9183 0.3948 0.0303
vn -0.0131 0.9174 0.3977
vn -0.6370 0.7706 -0.0210
vn -0.8510 0.4922 0.1833
vn -0.0000 1.0000 -0.0000
vn -0.8372 0.4936 -0.2354
vn 0.0131 0.9174 -0.3977
vn 0.6370 0.7706 0.0210
vn 0.8510 0.4922 -0.1833
vn 0.0237 0.6947 -0.7190
vn -0.0000 1.0000 -0.0002
vn -0.0000 1.0000 0.0002
vn -0.0237 0.6946 0.7190
vn 0.0237 0.6946 -0.7190
vn -0.3607 0.8395 -0.4065
vn -0.3606 0.8395 -0.4065
vn -0.3866 0.8395 0.3819
vn -0.0329 -0.0000 0.9995
vn -0.0329 -0.0001 0.9995
vn -0.0329 0.0001 0.9995
vn -0.0237 -0.6946 0.7190
vn -0.0329 -0.0380 0.9987
vn -0.0321 -0.2292 0.9728
vn -0.0325 -0.1526 0.9877
vn -0.0277 -0.5431 0.8392
vn -0.0325 -0.1527 0.9877
vn -0.0276 -0.5431 0.8392
vn -0.0321 -0.2292 0.9729
vn -0.0329 -0.0381 0.9987
vn 0.3607 -0.8394 0.4066
vn 0.3606 -0.8394 0.4066
vn 0.1182 -0.3442 0.9314
vn 0.1181 -0.3443 0.9314
vn -0.1792 0.3443 0.9216
vn -0.3866 0.8394 0.3819
vn -0.3866 0.8394 0.3820
vn -0.9183 -0.3947 -0.0303
vn -0.9183 -0.3948 -0.0303
vn -0.9995 -0.0000 -0.0329
vn -0.9995 -0.0000 -0.0330
vn -0.8509 0.4936 0.1798
vn -0.6369 0.7707 -0.0209
vn -0.9503 0.3098 -0.0313
vn -0.9623 0.2700 -0.0317
vn -0.9624 0.2699 -0.0317
vn -0.9503 0.3097 -0.0313
vn -0.9723 0.2316 -0.0320
vn -0.9722 0.2320 -0.0320
vn -0.2419 -0.9703 -0.0080
vn -0.2418 -0.9703 -0.0080
vn -0.2422 -0.9702 -0.0080
vn 0.3058 -0.9520 0.0101
vn 0.9155 -0.4012 0.0301
vn 0.2910 -0.8810 0.3731
vn 0.3149 -0.8810 -0.3532
vn -0.0000 -1.0000 -0.0000
vn -0.0120 -0.9312 0.3644
vn 0.0120 -0.9312 -0.3644
vn 0.0237 -0.6946 -0.7190
vn -0.0000 -1.0000 -0.0002
vn -0.0000 -1.0000 0.0002
vn -0.0237 -0.6947 0.7190
vn -0.0277 -0.5430 0.8393
vn 0.0274 -0.5430 -0.8393
vn 0.0276 -0.5430 -0.8392
vn 0.0276 -0.5431 -0.8392
vn 0.0277 -0.5431 -0.8392
vn 0.3866 -0.8395 -0.3819
vn 0.3606 -0.8395 0.4065
vn 0.0329 -0.0000 -0.9995
vn 0.0329 -0.0001 -0.9995
vn 0.0329 0.0001 -0.9995
vn 0.0329 0.0002 -0.9995
vn 0.0329 -0.0002 -0.9995
vn 0.0238 -0.6946 -0.7190
vn 0.0329 -0.0381 -0.9987
vn 0.0329 -0.0380 -0.9987
vn 0.0325 -0.1527 -0.9877
vn 0.0321 -0.2292 -0.9728
vn 0.0329 -0.0382 -0.9987
vn 0.3866 -0.8394 -0.3819
vn 0.1792 -0.3443 -0.9216
vn 0.3866 -0.8394 -0.3820
vn -0.1181 0.3443 -0.9314
vn -0.3606 0.8394 -0.4066
vn 0.6962 0.2834 -0.6596
vn 0.9936 0.1079 0.0327
vn 0.7217 0.1074 -0.6838
vn 0.9583 0.2841 0.0316
vn 0.6512 0.2834 0.7040
vn 0.6751 0.1074 0.7298
vn 0.9582 0.2842 0.0316
vn 0.6342 0.4768 -0.6086
vn 0.8773 0.4791 0.0289
vn 0.5960 0.4792 0.6443
vn -0.0327 0.1067 0.9938
vn 0.6751 0.1074 0.7299
vn -0.0316 0.2810 0.9592
vn -0.6961 0.2834 0.6596
vn -0.7217 0.1074 0.6839
vn -0.0316 0.2811 0.9592
vn -0.0290 0.4747 0.8797
vn -0.6419 0.4769 0.6005
vn -0.6962 0.2834 0.6596
vn -0.9936 0.1080 -0.0328
vn -0.7217 0.1074 0.6838
vn -0.9583 0.2841 -0.0316
vn -0.6512 0.2834 -0.7040
vn -0.6752 0.1074 -0.7298
vn -0.6419 0.4768 0.6005
vn -0.9582 0.2842 -0.0316
vn -0.8773 0.4791 -0.0289
vn -0.5960 0.4792 -0.6443
vn 0.6961 0.2834 -0.6596
vn 0.0328 0.1067 -0.9938
vn 0.0316 0.2810 -0.9592
vn -0.6751 0.1074 -0.7299
vn 0.0327 0.1067 -0.9938
vn 0.6342 0.4768 -0.6087
vn 0.0290 0.4747 -0.8797
vn -0.5960 0.4792 -0.6444
vn 0.0316 0.2811 -0.9592
vn 0.6923 0.3006 -0.6560
vn 0.9928 0.1156 0.0327
vn 0.7211 0.1150 -0.6832
vn 0.9533 0.3004 0.0314
vn 0.6280 0.5016 -0.5950
vn 0.8635 0.5035 0.0285
vn 0.5875 0.5016 0.6350
vn 0.6477 0.3006 0.7001
vn 0.6746 0.1150 0.7292
vn -0.2770 0.6340 -0.7221
vn 0.0246 0.6661 -0.7455
vn -0.3203 0.9473 -0.0106
vn -0.0246 0.6661 0.7455
vn -0.5891 0.5180 -0.6202
vn -0.6454 0.7635 -0.0213
vn -0.6286 0.5180 0.5801
vn -0.3239 0.6340 0.7023
vn -0.3239 -0.6339 0.7023
vn -0.0246 -0.6660 0.7456
vn -0.3203 -0.0000 0.9473
vn -0.6286 -0.5179 0.5802
vn -0.6104 -0.0000 0.7921
vn -0.6286 0.5180 0.5802
vn -0.0246 0.6660 0.7455
vn -0.3239 0.6339 0.7023
vn -0.0327 0.1142 0.9929
vn -0.6923 0.3005 0.6560
vn -0.7210 0.1150 0.6833
vn -0.0314 0.2972 0.9543
vn -0.6280 0.5016 0.5950
vn -0.0285 0.4989 0.8662
vn 0.5874 0.5016 0.6351
vn 0.6476 0.3006 0.7002
vn 0.6745 0.1150 0.7292
vn -0.9928 0.1155 -0.0327
vn -0.6477 0.3006 -0.7001
vn -0.6746 0.1150 -0.7292
vn -0.9533 0.3004 -0.0314
vn -0.5875 0.5016 -0.6350
vn -0.8635 0.5035 -0.0285
vn -0.6923 0.3006 0.6560
vn -0.7211 0.1150 0.6832
vn -0.2770 -0.6340 -0.7221
vn -0.3203 -0.9473 -0.0106
vn -0.5891 -0.5180 -0.6202
vn 0.0246 -0.6661 -0.7455
vn -0.6454 -0.7635 -0.0213
vn -0.0000 -1.0000 0.0001
vn -0.6286 -0.5180 0.5801
vn -0.0246 -0.6660 0.7455
vn -0.0000 -1.0000 -0.0001
vn -0.2770 0.6339 -0.7221
vn 0.0246 0.6660 -0.7456
vn -0.2572 -0.0000 -0.9663
vn -0.5891 0.5179 -0.6203
vn -0.5570 -0.0000 -0.8305
vn -0.5890 -0.5180 -0.6203
vn -0.2770 -0.6339 -0.7221
vn 0.0246 -0.6660 -0.7455
vn 0.0327 0.1142 -0.9929
vn 0.7211 0.1150 -0.6833
vn 0.0314 0.2972 -0.9543
vn 0.0285 0.4992 -0.8660
vn -0.5874 0.5016 -0.6351
vn -0.6476 0.3006 -0.7002
vn -0.6745 0.1150 -0.7293
vn -0.2212 0.6491 -0.7279
vn -0.0000 1.0000 -0.0001
vn 0.0247 0.6621 -0.7490
vn -0.2646 0.9643 -0.0087
vn -0.2687 0.6490 0.7117
vn -0.0247 0.6621 0.7490
vn -0.5503 0.5481 0.6298
vn -0.2687 0.6491 0.7117
vn -0.5596 0.8286 -0.0184
vn -0.5077 0.5482 -0.6647
vn -0.2213 0.6490 -0.7279
vn -0.2687 -0.6490 0.7117
vn -0.0247 -0.6621 0.7491
vn -0.2662 -0.0000 0.9639
vn -0.0247 0.6620 0.7491
vn -0.5503 0.5481 0.6299
vn -0.5300 -0.0000 0.8480
vn -0.5503 -0.5481 0.6299
vn -0.0247 -0.6621 0.7490
vn -0.2646 -0.9643 -0.0087
vn -0.2212 -0.6491 -0.7279
vn 0.0247 -0.6621 -0.7490
vn -0.5077 -0.5482 -0.6647
vn -0.2213 -0.6490 -0.7279
vn -0.5596 -0.8286 -0.0185
vn -0.5503 -0.5482 0.6298
vn -0.5596 -0.8286 -0.0184
vn -0.2021 -0.0000 -0.9794
vn 0.0247 -0.6620 -0.7491
vn -0.2212 -0.6490 -0.7279
vn -0.2212 0.6490 -0.7279
vn 0.0247 0.6620 -0.7491
vn -0.2022 -0.0000 -0.9794
vn -0.5077 0.5481 -0.6647
vn -0.4730 -0.0000 -0.8810
vn -0.5077 -0.5481 -0.6648
vn 0.6493 -0.0000 -0.7605
vn 0.6369 -0.7707 0.0210
vn 0.6485 -0.5392 -0.5373
vn 0.6118 0.5392 0.5788
vn 0.6485 0.5391 -0.5373
vn 0.6118 -0.5391 0.5788
vn 0.5979 -0.0000 0.8016
vn 0.6803 0.1680 -0.7134
vn 0.7333 0.0229 -0.6795
vn 0.9705 0.2391 0.0320
vn 0.9990 0.0308 0.0329
vn 0.6870 0.0229 0.7263
vn 0.7451 0.6665 0.0246
vn 0.5101 0.4440 -0.7366
vn 0.6318 0.1680 0.7567
vn 0.4605 0.4439 0.7686
vn 0.6791 -0.0000 0.7341
vn 0.7259 -0.0000 -0.6878
vn 0.6499 -0.0000 0.7600
vn 0.6985 -0.0000 -0.7156
vn 0.9995 -0.0001 0.0329
vn 0.6596 0.2377 0.7130
vn 0.7051 0.2377 -0.6681
vn 0.6596 -0.2377 0.7130
vn 0.9705 -0.2391 0.0320
vn 0.7051 -0.2377 -0.6680
vn 0.6723 0.6531 -0.3485
vn 0.5971 0.7707 -0.2224
vn 0.5538 0.7214 -0.4158
vn 0.7132 0.6839 -0.1537
vn 0.5812 0.7707 0.2612
vn 0.6479 0.6531 0.3920
vn 0.5252 0.7214 0.4514
vn 0.7016 0.6839 0.2003
vn 0.6486 0.5391 -0.5373
vn -0.0000 1.0000 0.0001
vn 0.6118 0.5391 0.5788
vn 0.3095 0.6202 -0.7208
vn 0.5102 0.4439 -0.7366
vn 0.4166 0.9090 0.0138
vn 0.2365 0.6544 -0.7182
vn 0.3060 0.9520 0.0101
vn 0.1887 0.6544 0.7322
vn 0.4606 0.4439 0.7686
vn 0.2614 0.6202 0.7396
vn 0.0238 0.6947 -0.7190
vn 0.0195 0.9375 -0.3474
vn 0.5972 0.7707 -0.2223
vn 0.0215 0.9864 -0.1628
vn 0.3152 0.9034 -0.2908
vn 0.6722 0.6532 -0.3485
vn 0.3170 0.9409 -0.1195
vn 0.0107 0.9864 0.1639
vn -0.0035 0.9375 0.3480
vn 0.3085 0.9409 0.1401
vn 0.2954 0.9034 0.3109
vn 0.6479 0.6532 0.3920
vn -0.0329 -0.0002 0.9995
vn 0.6118 -0.5392 0.5788
vn -0.0407 -0.0000 0.9992
vn -0.0872 -0.0076 0.9962
vn -0.7446 -0.0230 0.6671
vn 0.4605 0.4439 0.7687
vn -0.7324 -0.1831 0.6558
vn -0.0871 -0.0379 0.9955
vn -0.5580 -0.4927 0.6677
vn -0.3310 -0.6406 0.6929
vn -0.2521 -0.6801 0.6884
vn -0.0407 -0.0304 0.9987
vn -0.0485 -0.0304 0.9984
vn 0.2614 0.6201 0.7397
vn -0.7259 -0.0000 0.6878
vn 0.6790 -0.0000 0.7341
vn -0.6985 -0.0000 0.7157
vn 0.6498 -0.0000 0.7601
vn 0.6790 -0.0001 0.7341
vn 0.6595 0.2377 0.7131
vn -0.0320 0.2364 0.9711
vn 0.6595 -0.2377 0.7131
vn -0.0320 -0.2364 0.9711
vn -0.7051 0.2377 0.6681
vn -0.7051 -0.2377 0.6681
vn -0.0329 0.0002 0.9995
vn -0.6877 -0.1831 -0.7025
vn -0.9990 -0.0310 -0.0329
vn -0.6991 -0.0230 -0.7146
vn -0.9643 -0.2627 -0.0318
vn -0.7325 -0.1831 0.6557
vn -0.5580 -0.4928 0.6677
vn -0.7302 -0.6828 -0.0241
vn -0.5129 -0.4928 -0.7030
vn -0.9995 -0.0000 -0.0328
vn -0.6791 -0.0000 -0.7341
vn -0.6985 -0.0000 0.7156
vn -0.6499 -0.0000 -0.7600
vn -0.6790 -0.0000 -0.7341
vn -0.6596 -0.2377 -0.7130
vn -0.6596 0.2377 -0.7130
vn -0.9705 -0.2391 -0.0320
vn -0.9705 0.2391 -0.0320
vn 0.6486 -0.5391 -0.5373
vn 0.6370 -0.7706 0.0210
vn -0.5128 -0.4928 -0.7030
vn -0.4330 -0.9013 -0.0142
vn -0.7301 -0.6829 -0.0241
vn -0.2847 -0.6406 -0.7131
vn -0.3204 -0.9472 -0.0105
vn -0.2063 -0.6801 -0.7035
vn -0.2522 -0.6801 0.6884
vn 0.0237 -0.6947 -0.7190
vn -0.1798 -0.9078 -0.3789
vn -0.0893 -0.9727 -0.2143
vn -0.0828 -0.9089 -0.4087
vn -0.1794 -0.9677 -0.1771
vn -0.1907 -0.9677 0.1649
vn 0.1438 -0.9660 -0.2150
vn 0.1419 -0.9012 -0.4095
vn 0.2765 -0.8829 -0.3795
vn 0.2797 -0.9449 -0.1703
vn 0.2679 -0.9449 0.1883
vn 0.1293 -0.9660 0.2240
vn 0.2509 -0.8829 0.3969
vn 0.1146 -0.9012 0.4179
vn -0.1095 -0.9089 0.4024
vn -0.1032 -0.9727 0.2080
vn -0.2044 -0.9078 0.3663
vn -0.0381 -0.9833 0.1781
vn -0.0241 -0.9997 -0.0008
vn -0.0263 -0.9833 -0.1802
vn -0.0062 -0.9823 0.1871
vn 0.0062 -0.9823 -0.1871
vn 0.0263 -0.9833 0.1802
vn 0.0381 -0.9833 -0.1781
vn 0.0241 -0.9997 0.0008
vn 0.6494 -0.0000 -0.7605
vn 0.6486 0.5392 -0.5372
vn -0.6877 -0.1831 -0.7026
vn -0.6991 -0.0230 -0.7147
vn -0.0215 -0.0076 -0.9997
vn 0.0251 -0.0000 -0.9997
vn 0.6802 0.1680 -0.7135
vn -0.0213 -0.0380 -0.9991
vn 0.5101 0.4439 -0.7367
vn -0.5128 -0.4927 -0.7030
vn -0.2847 -0.6406 -0.7132
vn 0.0251 -0.0304 -0.9992
vn 0.0174 -0.0304 -0.9994
vn 0.3095 0.6202 -0.7209
vn -0.6498 -0.0000 -0.7601
vn 0.6984 -0.0000 -0.7157
vn 0.0330 -0.0000 -0.9995
vn 0.7051 -0.2377 -0.6681
vn 0.0320 -0.2364 -0.9711
vn 0.0320 0.2364 -0.9711
vn -0.6596 -0.2377 -0.7131
vn -0.6596 0.2377 -0.7131
vn 0.6177 0.1980 -0.7611
vn 0.9667 -0.0921 0.2386
vn 0.8225 -0.2546 -0.5086
vn 0.7148 -0.6989 0.0235
vn 0.8346 0.4399 0.3315
vn 0.2298 0.5829 -0.7793
vn 0.4450 0.8355 0.3222
vn 0.6177 0.1980 -0.7610
vn 0.9734 -0.1466 0.1760
vn 0.1819 -0.6718 0.7181
vn 0.8290 -0.5172 -0.2127
vn 0.5358 -0.2442 0.8083
vn 0.7301 0.3696 0.5747
vn 0.1630 -0.1903 0.9681
vn 0.9667 -0.0921 0.2387
vn 0.8346 0.4400 0.3314
vn 0.5139 -0.5238 0.6794
vn 0.7148 -0.6989 0.0236
vn 0.5121 -0.1908 -0.8374
vn 0.8177 -0.4401 0.3710
vn 0.5404 -0.8356 0.0988
vn 0.8045 0.1919 -0.5621
vn 0.8446 0.0918 0.5274
vn 0.8434 0.5262 -0.1085
vn 0.5150 0.6972 0.4986
vn 0.3950 -0.9172 -0.0520
vn 0.5879 -0.6275 -0.5105
vn 0.8965 -0.0843 0.4349
vn 0.5881 -0.1525 -0.7943
vn 0.6064 -0.5339 0.5893
vn 0.9116 0.3858 0.1420
vn 0.4123 0.3604 -0.8367
vn 0.6392 0.7432 -0.1978
vn 0.8438 -0.2775 -0.4594
vn 0.4772 -0.7450 0.4660
vn 0.5838 -0.7465 -0.3192
vn 0.6925 -0.2761 0.6665
vn 0.6925 0.2761 0.6665
vn 0.8438 0.2775 -0.4594
vn 0.4772 0.7450 0.4660
vn 0.5838 0.7465 -0.3192
vn 0.5866 -0.2742 -0.7621
vn 0.9017 -0.2767 0.3323
vn 0.4074 -0.7464 -0.5263
vn 0.6225 -0.7479 0.2304
vn 0.9017 0.2766 0.3323
vn 0.5866 0.2742 -0.7621
vn 0.4073 0.7463 -0.5263
vn 0.6225 0.7479 0.2304
vn 0.9017 -0.2766 0.3323
vn 0.9017 0.2767 0.3323
vn 0.4074 0.7464 -0.5263
vn 0.4073 0.7464 -0.5263
vn 0.8346 0.4399 0.3314
vn 0.2298 0.5830 -0.7793
vn 0.4511 -0.3528 -0.8198
vn 0.9937 -0.0077 0.1122
vn 0.4537 -0.7718 -0.4455
vn 0.8235 -0.5327 0.1951
vn 0.3115 0.1599 -0.9367
vn 0.8608 0.5088 -0.0116
vn 0.4073 -0.7464 -0.5263
vn 0.4074 0.7463 -0.5263
vn 0.3117 -0.5292 0.7892
vn 0.2553 -0.0076 0.9668
vn 0.1209 0.5060 0.8540
vn 0.1630 -0.1904 0.9681
vn 0.6040 0.4928 -0.6263
vn 0.9734 -0.1466 0.1759
vn 0.8288 0.5504 -0.1012
vn 0.7302 0.3696 0.5747
vn 0.4772 -0.7450 0.4661
vn 0.5837 -0.7466 -0.3192
vn 0.6925 -0.2760 0.6665
vn 0.4773 0.7450 0.4660
vn 0.5838 0.7466 -0.3192
vn 0.5874 0.0380 -0.8084
vn 0.9105 -0.3629 0.1981
vn 0.4103 -0.4833 -0.7734
vn 0.6359 -0.7671 -0.0845
vn 0.8994 0.1460 0.4120
vn 0.5877 0.5392 -0.6032
vn 0.4003 0.8947 -0.1983
vn 0.6105 0.6125 0.5021
vn 0.7872 0.2546 0.5616
vn 0.7148 0.6989 0.0236
vn 0.2460 0.7975 0.5509
vn 0.8456 0.5331 0.0278
vn 0.8588 0.0845 -0.5053
vn 0.4475 0.7236 -0.5255
vn 0.9694 0.1995 0.1432
vn 0.1513 0.4370 0.8867
vn 0.8567 -0.2531 0.4494
vn 0.2967 -0.0916 0.9506
vn 0.2818 -0.7975 -0.5335
vn 0.7873 0.2546 0.5616
vn 0.2264 0.1904 -0.9553
vn 0.9803 0.0921 -0.1745
vn 0.8547 -0.4399 -0.2757
vn 0.5575 0.5238 -0.6441
vn 0.7148 0.6989 0.0235
vn 0.8546 -0.4399 -0.2758
vn 0.1781 -0.5829 0.7928
vn 0.4653 -0.8355 -0.2922
vn 0.5663 -0.1980 0.8001
vn 0.2264 0.1904 -0.9552
vn 0.8546 -0.4399 -0.2757
vn 0.9216 -0.2766 -0.2722
vn 0.3718 -0.7464 0.5520
vn 0.6363 -0.7479 -0.1889
vn 0.5352 -0.2742 0.7990
vn 0.5351 0.2742 0.7990
vn 0.9216 0.2766 -0.2722
vn 0.3718 0.7463 0.5520
vn 0.6363 0.7479 -0.1889
vn 0.9340 0.3151 -0.1683
vn 0.4953 0.0993 0.8630
vn 0.9664 -0.2313 -0.1119
vn 0.6699 -0.4488 0.5915
vn 0.5840 -0.8115 -0.0212
vn 0.2346 0.5999 0.7649
vn 0.6082 0.7235 -0.3266
vn 0.8547 -0.4400 -0.2757
vn 0.1780 -0.5830 0.7928
vn 0.5663 -0.1980 0.8000
vn 0.6018 -0.7981 -0.0288
vn 0.9694 0.1995 0.1433
vn 0.3440 -0.6970 0.6292
vn 0.5799 -0.5869 -0.5650
vn 0.3807 -0.1981 -0.9032
vn 0.7824 0.5875 -0.2065
vn 0.2018 0.1446 0.9687
vn 0.9639 -0.1157 0.2397
vn 0.6143 0.3992 0.6806
vn 0.8456 0.5331 0.0279
vn 0.7262 -0.6038 0.3287
vn 0.1780 -0.5830 0.7927
vn 0.9803 0.0921 -0.1746
vn 0.2994 0.8814 0.3654
vn 0.7301 0.3697 0.5747
vn 0.2493 -0.2362 -0.9392
vn 0.5097 -0.5695 -0.6449
vn 0.5839 -0.8115 -0.0212
vn 0.5097 -0.5694 -0.6450
vn 0.9664 -0.2312 -0.1119
vn 0.9639 -0.1158 0.2397
vn 0.5642 -0.3128 -0.7641
vn 0.7262 -0.6037 0.3288
vn 0.8546 -0.4400 -0.2758
vn -0.6178 0.1980 0.7610
vn -0.2299 0.5829 0.7793
vn -0.4451 0.8355 -0.3222
vn 0.1032 0.9727 -0.2079
vn -0.0447 0.6136 -0.7884
vn 0.2988 0.9282 0.2218
vn 0.8456 0.5332 0.0278
vn -0.2739 0.9142 0.2987
vn -0.5127 0.3128 -0.7996
vn -0.7463 0.6037 0.2802
vn 0.4451 0.8355 0.3222
vn 0.8346 0.4400 0.3315
vn -0.1032 0.9727 0.2079
vn -0.2460 0.7975 -0.5509
vn -0.7148 0.6989 -0.0235
vn 0.1032 0.9727 -0.2080
vn 0.2264 0.1903 -0.9553
vn -0.4451 0.8355 -0.3221
vn 0.7148 0.6990 0.0236
vn 0.2019 0.1446 0.9687
vn 0.2987 0.9282 0.2218
vn -0.2738 0.9142 0.2986
vn 0.6143 0.3993 0.6806
vn 0.8455 0.5332 0.0279
vn -0.1033 0.9727 0.2080
vn -0.2264 0.1903 0.9552
vn 0.4451 0.8355 0.3221
vn -0.5575 0.5238 0.6441
vn -0.2258 0.9740 0.0170
vn -0.9351 0.1931 0.2973
vn -0.0420 0.8351 0.5485
vn -0.8367 0.5273 -0.1481
vn -0.3440 0.6970 -0.6292
vn -0.2298 0.5830 0.7793
vn -0.8346 0.4400 -0.3315
vn -0.2298 0.5829 0.7793
vn 0.4123 0.3605 -0.8367
vn 0.0173 0.8508 -0.5252
vn 0.6392 0.7431 -0.1978
vn 0.0001 1.0000 -0.0000
vn 0.6226 0.7479 0.2304
vn 0.2118 0.9738 -0.0826
vn -0.1181 0.8349 -0.5375
vn 0.8434 0.5262 -0.1086
vn 0.2299 0.5829 -0.7793
vn -0.0128 0.9204 0.3909
vn -0.0297 0.4348 0.9000
vn -0.6225 0.7479 -0.2304
vn 0.0220 0.7450 -0.6667
vn -0.0220 0.7450 0.6667
vn -0.4074 0.7463 0.5263
vn -0.0219 0.7450 0.6667
vn 0.1033 0.9727 -0.2080
vn 0.0728 0.6316 -0.7718
vn -0.2502 0.9429 -0.2199
vn 0.4520 0.8824 -0.1308
vn 0.1033 0.9727 -0.2079
vn -0.1214 0.7453 -0.6556
vn 0.5837 0.7465 -0.3192
vn 0.4520 0.8824 -0.1307
vn 0.1210 0.5060 0.8540
vn -0.0553 0.8823 0.4674
vn -0.2264 0.1904 0.9552
vn 0.4003 0.8947 -0.1982
vn -0.0128 0.9204 0.3908
vn -0.0296 0.4348 0.9001
vn -0.0129 0.9204 0.3909
vn -0.6422 0.6125 0.4609
vn -0.1372 0.8330 0.5360
vn -0.5831 0.8122 -0.0192
vn -0.7680 0.3862 0.5108
vn -0.2898 0.7446 0.6013
vn -0.3718 0.7464 -0.5520
vn 0.4772 0.7450 0.4661
vn -0.0928 0.2057 -0.9742
vn 0.0873 0.9741 -0.2088
vn -0.4121 0.6096 -0.6772
vn 0.1513 0.4369 0.8867
vn 0.9694 0.1994 0.1432
vn -0.0421 0.8351 0.5485
vn -0.2257 0.9740 0.0170
vn 0.3440 0.7960 -0.4981
vn -0.7872 0.2546 -0.5616
vn -0.7148 0.6989 -0.0236
vn -0.3718 0.7463 -0.5520
vn -0.6363 0.7479 0.1889
vn -0.6600 0.4858 -0.5730
vn -0.2502 0.9429 -0.2200
vn 0.0728 0.6317 -0.7718
vn -0.6248 0.7431 -0.2394
vn -0.3563 0.3604 -0.8620
vn -0.4073 0.7463 0.5263
vn -0.6581 0.7470 -0.0943
vn -0.1215 0.7453 -0.6556
vn -0.0554 0.8823 0.4674
vn -0.7462 0.6372 0.1928
vn -0.6364 0.7479 0.1889
vn -0.6852 0.5859 0.4327
vn -0.1181 0.8349 -0.5376
vn -0.1790 0.7969 0.5770
vn 0.5150 0.6973 0.4986
vn -0.0059 0.9838 0.1792
vn -0.0228 0.7222 0.6913
vn 0.9116 0.3857 0.1420
vn 0.5878 0.5392 -0.6032
vn -0.5467 0.5392 -0.6406
vn 0.4002 0.8947 -0.1983
vn -0.3863 0.8947 -0.2242
vn -0.0129 0.9204 0.3908
vn -0.6423 0.6125 0.4608
vn -0.3864 0.8947 -0.2241
vn -0.6581 0.7470 -0.0942
vn -0.6601 0.4858 -0.5730
vn 0.3718 0.7464 0.5520
vn -0.3719 0.7463 -0.5520
vn 0.0873 0.9741 -0.2087
vn -0.9190 0.3858 0.0816
vn -0.0227 0.7222 0.6913
vn -0.8333 0.0382 0.5516
vn -0.1709 0.9839 0.0514
vn -0.5818 0.7644 -0.2779
vn -0.4268 0.2439 0.8708
vn 0.1180 0.3735 0.9201
vn 0.2994 0.8813 0.3655
vn -0.1710 0.9839 0.0515
vn 0.1946 0.2815 -0.9396
vn -0.5818 0.7644 -0.2778
vn 0.6040 0.4928 -0.6264
vn -0.7463 0.6038 0.2801
vn -0.2651 -0.1446 0.9533
vn 0.4451 0.8356 0.3221
vn 0.8347 0.4399 0.3314
vn -0.2265 0.1904 0.9552
vn -0.7424 -0.1914 0.6420
vn -0.3095 -0.5227 0.7943
vn -0.0261 -0.6104 0.7917
vn 0.9105 -0.3630 0.1980
vn -0.0328 -0.1067 0.9938
vn 0.8994 0.1461 0.4119
vn -0.0297 0.4348 0.9001
vn -0.0220 -0.7450 0.6667
vn 0.6226 -0.7479 0.2304
vn -0.0317 -0.2740 0.9612
vn -0.0317 0.2740 0.9612
vn -0.2303 -0.8875 0.3992
vn -0.4268 0.2440 0.8708
vn -0.8333 0.0383 0.5515
vn 0.1179 0.3735 0.9201
vn 0.5358 -0.2441 0.8083
vn -0.0219 -0.7450 0.6667
vn 0.9017 0.2766 0.3322
vn -0.0327 -0.1067 0.9938
vn -0.9216 -0.3629 0.1376
vn -0.9246 0.1461 0.3519
vn -0.6422 0.6125 0.4608
vn -0.0296 0.4348 0.9000
vn 0.4955 0.0993 0.8629
vn -0.4048 -0.5260 0.7480
vn 0.6699 -0.4489 0.5914
vn 0.0477 -0.8673 0.4955
vn 0.2347 0.5999 0.7649
vn -0.4047 -0.5260 0.7480
vn 0.4954 0.0992 0.8630
vn -0.6811 -0.0611 0.7296
vn -0.7681 0.3862 0.5108
vn -0.6178 0.1981 0.7610
vn -0.2818 -0.7975 0.5335
vn 0.1781 -0.5829 0.7927
vn -0.8225 -0.2546 0.5085
vn -0.2299 0.5830 0.7793
vn -0.2817 -0.7975 0.5335
vn 0.1781 -0.5830 0.7927
vn 0.5663 -0.1981 0.8000
vn -0.4131 -0.2759 0.8679
vn -0.2898 -0.7446 0.6013
vn -0.4131 0.2759 0.8679
vn 0.6925 0.2761 0.6664
vn 0.6926 -0.2760 0.6665
vn 0.4773 -0.7450 0.4660
vn 0.6926 0.2761 0.6664
vn 0.3440 -0.6969 0.6292
vn 0.2968 -0.0915 0.9505
vn -0.8225 -0.2546 0.5086
vn 0.2461 0.7975 0.5509
vn -0.8225 -0.2547 0.5085
vn 0.5664 -0.1981 0.8000
vn -0.6364 -0.7479 0.1889
vn -0.9216 -0.2766 0.2722
vn -0.9216 0.2766 0.2722
vn -0.3928 -0.5834 0.7109
vn 0.5405 -0.8356 0.0987
vn -0.1023 -0.1980 0.9749
vn 0.8178 -0.4401 0.3709
vn 0.2121 0.2529 0.9440
vn 0.8446 0.0918 0.5275
vn -0.5866 -0.2742 0.7620
vn 0.3719 -0.7464 0.5520
vn -0.4074 -0.7464 0.5263
vn -0.5866 0.2742 0.7620
vn 0.5352 0.2742 0.7990
vn -0.3678 -0.7707 0.5203
vn 0.3117 -0.5292 0.7891
vn -0.7374 -0.3547 0.5749
vn -0.8742 0.1616 0.4578
vn -0.0316 -0.2740 0.9612
vn -0.9216 -0.2767 0.2722
vn -0.0316 0.2740 0.9612
vn -0.0315 -0.2972 0.9543
vn 0.8966 -0.0844 0.4348
vn -0.0320 0.2436 0.9693
vn 0.6064 -0.5338 0.5893
vn -0.0173 -0.8508 0.5252
vn 0.9116 0.3857 0.1419
vn -0.0228 0.7223 0.6913
vn -0.4654 -0.8355 0.2921
vn 0.1631 -0.1904 0.9681
vn -0.8546 -0.4399 0.2757
vn -0.6363 -0.7479 0.1889
vn -0.9679 0.2004 0.1518
vn 0.5150 0.6972 0.4987
vn -0.8547 -0.4399 0.2757
vn -0.4653 -0.8355 0.2921
vn -0.0319 0.2436 0.9693
vn -0.9232 -0.0844 0.3749
vn -0.0314 -0.2971 0.9543
vn -0.6439 -0.5339 0.5481
vn -0.9190 0.3857 0.0816
vn -0.2652 -0.1445 0.9533
vn 0.2536 -0.9142 0.3160
vn -0.6177 0.1980 0.7610
vn -0.9667 -0.0921 -0.2386
vn -0.7148 -0.6989 -0.0235
vn -0.8346 0.4399 -0.3315
vn -0.5126 0.3128 -0.7996
vn -0.9776 0.1158 0.1757
vn -0.7463 0.6037 0.2803
vn -0.8236 -0.0846 -0.5608
vn -0.8456 -0.5331 -0.0279
vn -0.8347 0.4399 -0.3314
vn -0.1630 -0.1904 -0.9681
vn -0.9667 -0.0921 -0.2387
vn -0.5139 -0.5238 -0.6794
vn -0.7148 -0.6989 -0.0236
vn -0.6177 0.1980 0.7611
vn -0.8346 0.4399 -0.3314
vn -0.4450 0.8356 -0.3222
vn -0.9776 0.1157 0.1757
vn -0.7463 0.6038 0.2802
vn -0.6578 -0.3992 0.6387
vn -0.8456 -0.5331 -0.0278
vn -0.5843 -0.7439 -0.3244
vn -0.8983 -0.2858 -0.3337
vn -0.9375 0.2539 -0.2382
vn -0.7680 0.3862 0.5109
vn -0.9350 0.1931 0.2973
vn -0.4878 -0.8361 -0.2509
vn -0.6730 -0.4383 -0.5958
vn -0.6471 0.0916 -0.7568
vn -0.3440 0.6969 -0.6292
vn -0.8346 0.4400 -0.3314
vn -0.9017 -0.2766 -0.3323
vn -0.5866 -0.2742 0.7621
vn -0.6225 -0.7479 -0.2304
vn -0.9017 0.2766 -0.3323
vn -0.5866 0.2742 0.7621
vn -0.9374 0.2539 -0.2382
vn -0.0927 0.2058 -0.9742
vn -0.4122 0.6095 -0.6772
vn -0.5831 0.8122 -0.0193
vn -0.2302 -0.8875 0.3993
vn -0.9811 -0.1851 0.0556
vn -0.5723 -0.8179 -0.0592
vn -0.7302 -0.3697 -0.5746
vn -0.8332 0.0383 0.5516
vn -0.6177 0.1981 0.7610
vn -0.4120 -0.7236 -0.5538
vn -0.8456 -0.5332 -0.0279
vn -0.9232 -0.0843 0.3749
vn -0.3907 -0.9172 -0.0778
vn -0.6439 -0.5339 0.5480
vn -0.5530 -0.6275 -0.5481
vn -0.5346 -0.1525 -0.8313
vn -0.9190 0.3858 0.0817
vn -0.3563 0.3605 -0.8620
vn -0.6248 0.7432 -0.2395
vn -0.1215 -0.7453 -0.6556
vn -0.9521 -0.2779 -0.1273
vn -0.1718 -0.2745 -0.9461
vn -0.1718 0.2745 -0.9461
vn -0.6581 -0.7470 -0.0943
vn -0.9521 0.2779 -0.1273
vn -0.9521 -0.2779 -0.1274
vn -0.9521 0.2779 -0.1274
vn -0.4063 0.4381 -0.8018
vn -0.9510 -0.2548 -0.1754
vn -0.5585 -0.0915 -0.8245
vn -0.5151 -0.6972 -0.4986
vn -0.1180 0.8350 -0.5375
vn -0.6851 0.5859 0.4328
vn -0.2264 0.1904 0.9553
vn -0.9803 0.0921 0.1745
vn -0.9216 -0.3629 0.1377
vn -0.3585 -0.4833 -0.7987
vn -0.6290 -0.7671 -0.1262
vn -0.5329 0.0380 -0.8453
vn -0.3863 0.8947 -0.2241
vn -0.1718 -0.2746 -0.9461
vn -0.6581 -0.7470 -0.0942
vn -0.8742 0.1617 0.4578
vn -0.6233 -0.5644 -0.5413
vn -0.7373 -0.3547 0.5750
vn -0.7561 -0.0460 -0.6529
vn -0.6600 0.4858 -0.5731
vn -0.3718 -0.7464 -0.5520
vn -0.5351 -0.2742 -0.7990
vn -0.5351 0.2742 -0.7990
vn -0.9216 0.2767 0.2722
vn -0.1780 -0.5829 -0.7928
vn -0.8546 -0.4399 0.2758
vn -0.5663 -0.1980 -0.8000
vn -0.7873 0.2546 -0.5616
vn -0.7149 0.6989 -0.0236
vn -0.5352 -0.2742 -0.7990
vn -0.4130 -0.2759 0.8679
vn -0.9509 -0.2548 -0.1754
vn -0.5669 -0.7971 0.2081
vn -0.5150 -0.6972 -0.4986
vn -0.9803 0.0921 0.1746
vn -0.8018 0.3075 -0.5124
vn -0.7302 -0.3696 -0.5747
vn -0.8547 -0.4399 0.2758
vn -0.1781 -0.5829 -0.7928
vn -0.4653 -0.8355 0.2922
vn -0.5663 -0.1980 -0.8001
vn -0.2303 -0.8874 0.3993
vn -0.1281 -0.7065 -0.6960
vn 0.4223 -0.7281 -0.5400
vn -0.7301 -0.3697 -0.5747
vn 0.1819 -0.6717 0.7181
vn -0.5531 -0.6275 -0.5480
vn -0.3907 -0.9172 -0.0779
vn -0.0173 -0.8508 0.5251
vn -0.4047 -0.5259 0.7481
vn -0.0734 -0.9741 -0.2140
vn 0.5839 -0.8116 -0.0212
vn 0.5121 -0.1908 -0.8375
vn 0.0715 -0.9735 -0.2173
vn 0.0674 -0.5226 -0.8499
vn -0.5150 -0.6973 -0.4987
vn 0.6064 -0.5339 0.5892
vn 0.4074 -0.7463 -0.5263
vn -0.7424 -0.1914 0.6421
vn -0.1347 -0.9739 0.1828
vn -0.4877 -0.8362 -0.2509
vn -0.0110 -0.9427 0.3334
vn 0.9105 -0.3629 0.1980
vn 0.0129 -0.9204 -0.3908
vn 0.0219 -0.7450 -0.6667
vn -0.4074 -0.7463 0.5263
vn 0.0001 -1.0000 -0.0000
vn -0.5843 -0.7439 -0.3243
vn 0.2494 -0.2362 -0.9392
vn -0.0734 -0.9741 -0.2141
vn 0.2502 -0.9429 0.2199
vn 0.3117 -0.5293 0.7891
vn 0.0129 -0.9204 -0.3909
vn 0.0128 -0.9204 -0.3908
vn 0.5839 -0.8115 -0.0211
vn -0.1214 -0.7453 -0.6556
vn 0.2817 -0.7975 -0.5335
vn -0.3718 -0.7463 -0.5520
vn -0.6233 -0.5644 -0.5412
vn 0.4511 -0.3528 -0.8197
vn -0.2882 -0.9236 -0.2528
vn 0.2501 -0.9429 0.2199
vn -0.1631 -0.1904 -0.9681
vn 0.4654 -0.8355 -0.2921
vn 0.0220 -0.7450 -0.6667
vn 0.6363 -0.7479 -0.1890
vn 0.0715 -0.9735 -0.2172
vn -0.5669 -0.7971 0.2080
vn -0.5150 -0.6973 -0.4986
vn -0.4073 -0.7464 0.5263
vn 0.2502 -0.9429 0.2200
vn 0.3116 -0.5292 0.7892
vn 0.4073 -0.7463 -0.5263
vn -0.2899 -0.7446 0.6013
vn 0.0893 -0.9727 0.2143
vn -0.4653 -0.8356 0.2921
vn 0.1780 -0.5829 0.7928
vn -0.4878 -0.8361 -0.2508
vn 0.5800 -0.5868 -0.5650
vn -0.1347 -0.9739 0.1827
vn 0.0129 -0.9203 -0.3909
vn 0.0128 -0.9204 -0.3909
vn -0.3679 -0.7707 0.5203
vn -0.0001 -1.0000 -0.0000
vn 0.7148 -0.6990 0.0235
vn -0.5138 -0.5238 -0.6794
vn 0.6364 -0.7479 -0.1889
vn 0.3719 -0.7463 0.5520
vn -0.3719 -0.7463 -0.5520
vn 0.4654 -0.8355 -0.2922
vn -0.0893 -0.9727 -0.2142
vn 0.1631 -0.1903 0.9681
vn -0.2652 -0.1446 0.9533
vn -0.3127 -0.9282 0.2017
vn 0.4653 -0.8355 -0.2921
vn -0.1780 -0.5830 -0.7928
vn 0.7262 -0.6038 0.3288
vn 0.0965 -0.6136 -0.7837
vn -0.3127 -0.9282 0.2016
vn -0.4119 -0.7236 -0.5538
vn -0.8456 -0.5332 -0.0278
vn -0.7148 -0.6990 -0.0235
vn -0.4451 0.8356 -0.3221
vn 0.5882 -0.1525 -0.7942
vn 0.5880 -0.6275 -0.5105
vn -0.5346 -0.1525 -0.8312
vn -0.3563 0.3604 -0.8621
vn 0.0673 -0.5226 -0.8499
vn 0.5122 -0.1908 -0.8374
vn -0.5150 -0.6972 -0.4987
vn -0.4064 0.4381 -0.8018
vn -0.1182 0.8349 -0.5376
vn 0.0317 -0.2740 -0.9612
vn -0.6226 -0.7479 -0.2304
vn 0.0317 0.2740 -0.9612
vn -0.9017 0.2767 -0.3323
vn -0.0928 0.2058 -0.9742
vn -0.8983 -0.2857 -0.3337
vn 0.8608 0.5089 -0.0116
vn 0.0727 0.6316 -0.7718
vn -0.1719 -0.2746 -0.9461
vn -0.1719 0.2746 -0.9461
vn 0.1946 0.2816 -0.9396
vn 0.4222 -0.7282 -0.5399
vn -0.2718 -0.0152 -0.9622
vn -0.1281 -0.7065 -0.6961
vn 0.8290 -0.5173 -0.2126
vn -0.1719 -0.2745 -0.9461
vn 0.5838 -0.7466 -0.3192
vn 0.5837 0.7466 -0.3192
vn 0.5866 -0.2742 -0.7620
vn 0.5866 0.2742 -0.7620
vn -0.5352 0.2742 -0.7990
vn 0.4475 0.7236 -0.5254
vn 0.8588 0.0846 -0.5054
vn -0.0447 0.6137 -0.7883
vn 0.0965 -0.6137 -0.7837
vn -0.1781 -0.5830 -0.7927
vn 0.6178 0.1980 -0.7610
vn 0.8225 -0.2547 -0.5085
vn -0.5663 -0.1981 -0.8000
vn 0.2299 0.5830 -0.7793
vn 0.6081 0.7236 -0.3266
vn -0.1781 -0.5830 -0.7928
vn 0.6178 0.1981 -0.7610
vn -0.5664 -0.1980 -0.8000
vn -0.7873 0.2547 -0.5616
vn 0.3116 0.1599 -0.9367
vn 0.4512 -0.3528 -0.8197
vn 0.0727 0.6317 -0.7718
vn 0.0316 -0.2740 -0.9612
vn 0.3808 -0.1981 -0.9032
vn 0.5800 -0.5869 -0.5650
vn -0.6731 -0.4382 -0.5958
vn 0.0710 0.2525 -0.9650
vn -0.6471 0.0916 -0.7569
vn -0.5330 0.0380 -0.8453
vn 0.4103 -0.4832 -0.7734
vn 0.5875 0.0380 -0.8084
vn -0.5468 0.5392 -0.6406
vn 0.4653 -0.8356 -0.2921
vn 0.3440 0.7959 -0.4981
vn -0.2719 -0.0152 -0.9622
vn -0.5819 0.7644 -0.2778
vn -0.8018 0.3076 -0.5124
vn -0.7301 -0.3696 -0.5747
vn 0.9995 -0.0000 0.0331
vn -0.0237 0.6947 0.7190
vn 0.9949 0.1002 -0.0072
vn 0.6896 0.5180 -0.5061
vn 0.6465 0.7078 -0.2849
vn 0.9983 0.0537 -0.0229
vn 0.7234 -0.6227 0.2981
vn 0.6905 -0.0000 -0.7234
vn 0.7278 -0.4641 0.5048
vn 0.9993 -0.0000 -0.0387
vn 0.7188 -0.0000 0.6953
vn 0.7278 0.4641 0.5049
vn 0.9983 -0.0537 -0.0228
vn 0.7272 0.6191 0.2966
vn 0.9949 -0.1003 -0.0072
vn 0.6896 -0.5181 -0.5060
vn 0.6464 -0.7078 -0.2850
vn -0.6548 0.5181 -0.5504
vn 0.0128 0.9216 -0.3880
vn -0.6263 0.7078 -0.3269
vn 0.6464 0.7078 -0.2849
vn 0.7271 0.6191 0.2966
vn -0.7451 0.6191 0.2481
vn -0.7595 0.4641 0.4559
vn -0.0238 -0.6906 0.7229
vn 0.7187 -0.0000 0.6953
vn 0.7278 -0.4641 0.5049
vn -0.7629 -0.0000 0.6465
vn -0.7594 -0.4641 0.4559
vn -0.6548 0.5181 -0.5503
vn -0.9923 0.1002 -0.0726
vn -0.9946 0.0537 -0.0884
vn -0.7451 -0.6191 0.2481
vn -0.6413 -0.0000 -0.7673
vn -0.7595 -0.4641 0.4559
vn -0.6548 -0.5180 -0.5504
vn -0.6263 -0.7078 -0.3269
vn -0.9923 -0.1002 -0.0726
vn -0.9946 -0.0537 -0.0884
vn -0.9945 -0.0000 -0.1043
vn -0.7630 -0.0000 0.6464
vn -0.0238 -0.6906 0.7228
vn -0.0131 -0.9174 0.3977
vn 0.6896 -0.5180 -0.5061
vn 0.0128 -0.9216 -0.3880
vn -0.6547 -0.5181 -0.5504
vn -0.6547 0.5181 -0.5504
vt 27.983200 -41.008701
vt 28.016800 -41.097401
vt 28.016800 -41.008701
vt 27.983200 -41.097401
vt 27.983200 -41.105999
vt 28.016800 -41.105999
vt 27.983200 -41.119701
vt 28.016800 -41.119701
vt 28.000000 -40.995800
vt 27.983200 -41.004501
vt 28.000000 -41.004501
vt 27.983200 -40.991798
vt 28.000000 -40.991798
vt 28.016800 -40.991798
vt 28.016800 -41.004501
vt 28.031300 -40.985100
vt 28.000000 -40.915501
vt 28.000000 -40.998001
vt 27.968700 -40.985100
vt 28.031300 -40.928501
vt 28.044201 -40.959801
vt 27.968700 -40.928501
vt 27.955799 -40.959801
vt 28.031300 -41.003101
vt 28.000000 -41.015999
vt 27.968700 -41.003101
vt 28.021099 -41.000702
vt 28.021099 -40.889900
vt 27.978901 -40.889900
vt 28.010599 -40.880299
vt 27.989401 -40.880299
vt 27.978901 -41.000702
vt 28.010599 -41.010300
vt 27.989401 -41.010300
vt 28.168800 -41.031300
vt 28.122601 -41.000000
vt 28.122601 -41.031300
vt 28.168800 -41.000000
vt 28.122601 -40.968700
vt 28.168800 -40.968700
vt 28.215099 -41.031300
vt 28.215099 -41.000000
vt 28.215099 -40.968700
vt 27.837601 -41.008099
vt 27.632500 -41.000000
vt 27.632500 -41.008099
vt 27.837601 -41.000000
vt 27.632500 -40.991901
vt 27.837601 -40.991901
vt 27.852100 -41.016800
vt 28.103701 -41.016800
vt 28.103701 -41.000000
vt 27.851200 -41.000000
vt 27.846201 -41.016800
vt 27.839701 -41.000000
vt 27.846201 -40.983200
vt 27.852100 -40.983200
vt 28.103701 -40.983200
vt 28.102600 -41.000000
vt 28.102600 -40.968700
vt 28.102600 -41.031300
vt 28.235100 -41.000000
vt 28.235100 -40.968700
vt 28.235100 -41.031300
vt 28.349199 -41.010601
vt 28.367500 -41.010601
vt 28.349199 -40.989399
vt 28.367500 -40.989399
vt 28.153799 -41.004501
vt 28.147900 -40.991798
vt 28.147900 -41.008701
vt 28.153799 -40.991798
vt 27.896299 -41.008701
vt 27.896299 -40.991100
vt 27.921400 -41.008701
vt 27.896999 -41.081600
vt 27.961800 -41.097401
vt 27.986200 -41.008701
vt 27.895300 -41.088501
vt 27.966999 -41.105999
vt 27.891899 -41.102299
vt 27.963699 -41.119701
vt 28.367500 -40.950100
vt 28.162399 -40.950100
vt 28.367500 -40.958099
vt 28.162399 -40.958099
vt 28.367500 -40.966202
vt 28.162399 -40.966202
vt 27.877399 -40.928501
vt 27.897400 -40.959801
vt 27.897400 -40.928501
vt 27.877399 -40.959801
vt 27.897400 -40.985100
vt 27.877399 -40.985100
vt 27.877399 -41.003101
vt 27.897400 -41.003101
vt 27.831200 -40.985100
vt 27.831200 -41.003101
vt 27.784901 -40.985100
vt 27.784901 -41.003101
vt 27.764900 -41.003101
vt 27.764900 -40.985100
vt 27.764900 -40.959801
vt 27.784901 -40.959801
vt 27.764900 -40.928501
vt 27.784901 -40.928501
vt 27.689199 -41.018299
vt 27.707600 -41.010300
vt 27.703400 -41.000702
vt 27.684999 -41.008701
vt 27.655001 -40.889900
vt 27.636700 -40.897900
vt 27.650801 -40.880299
vt 27.632500 -40.888302
vt 27.978901 -40.897900
vt 28.021099 -41.008701
vt 28.021099 -40.897900
vt 28.010599 -40.888302
vt 27.989401 -40.888302
vt 27.978901 -41.008701
vt 28.010599 -41.018299
vt 27.989401 -41.018299
vt 27.983200 -41.081600
vt 28.016800 -41.081600
vt 27.983200 -41.088501
vt 28.016800 -41.088501
vt 27.983200 -41.102299
vt 28.016800 -41.102299
vt 27.891899 -41.016800
vt 27.963699 -41.016800
vt 27.963699 -40.983200
vt 27.891899 -40.983200
vt 28.153799 -40.983200
vt 28.148800 -41.000000
vt 28.163300 -41.000000
vt 28.153799 -41.016800
vt 28.147900 -40.983200
vt 28.147900 -41.016800
vt 27.896299 -41.000000
vt 27.896299 -40.983200
vt 27.896299 -41.016800
vt 28.162399 -41.008099
vt 28.367500 -41.008099
vt 28.162399 -41.000000
vt 28.367500 -41.000000
vt 28.162399 -40.991901
vt 28.367500 -40.991901
vt 27.877399 -40.968700
vt 27.897400 -41.000000
vt 27.897400 -40.968700
vt 27.877399 -41.000000
vt 27.897400 -41.031300
vt 27.877399 -41.031300
vt 27.831200 -40.968700
vt 27.831200 -41.000000
vt 27.831200 -41.031300
vt 27.784901 -40.968700
vt 27.784901 -41.000000
vt 27.784901 -41.031300
vt 27.764900 -40.968700
vt 27.764900 -41.000000
vt 27.764900 -41.031300
vt 27.707600 -41.010601
vt 27.707600 -40.989399
vt 27.689199 -41.010601
vt 27.689199 -40.989399
vt 27.852100 -40.991798
vt 28.103701 -41.008701
vt 28.103701 -40.991100
vt 27.852100 -41.008701
vt 27.846201 -41.004501
vt 27.846201 -40.991798
vt 28.038200 -41.097401
vt 28.078600 -41.008701
vt 28.013800 -41.008701
vt 28.103001 -41.081600
vt 28.104700 -41.088501
vt 28.033001 -41.105999
vt 28.108101 -41.102299
vt 28.036301 -41.119701
vt 27.837601 -40.950100
vt 27.632500 -40.950100
vt 27.837601 -40.958099
vt 27.632500 -40.958099
vt 27.837601 -40.966202
vt 27.632500 -40.966202
vt 28.102600 -40.928501
vt 28.122601 -40.959801
vt 28.122601 -40.928501
vt 28.102600 -40.959801
vt 28.122601 -40.985100
vt 28.102600 -40.985100
vt 28.102600 -41.003101
vt 28.122601 -41.003101
vt 28.168800 -41.003101
vt 28.168800 -40.985100
vt 28.215099 -41.003101
vt 28.215099 -40.928501
vt 28.235100 -40.959801
vt 28.235100 -40.928501
vt 28.215099 -40.959801
vt 28.235100 -40.985100
vt 28.235100 -41.003101
vt 28.215099 -40.985100
vt 28.310801 -41.018299
vt 28.296600 -41.000702
vt 28.292400 -41.010300
vt 28.315001 -41.008701
vt 28.344999 -40.889900
vt 28.363300 -40.897900
vt 28.349199 -40.880299
vt 28.367500 -40.888302
vt 55.982399 -53.054501
vt 56.000000 -52.941002
vt 55.973301 -52.941002
vt 56.000000 -53.054501
vt 56.017601 -53.054501
vt 56.026699 -52.941002
vt 55.984200 -53.058998
vt 56.000000 -53.058998
vt 56.015800 -53.058998
vt 55.984200 -53.015800
vt 55.984200 -52.984200
vt 55.977600 -53.000000
vt 56.015800 -52.984200
vt 56.000000 -52.977600
vt 56.015800 -53.015800
vt 56.000000 -53.022400
vt 56.022400 -53.000000
vt 56.026699 -52.973301
vt 56.026699 -53.026699
vt 56.037800 -53.000000
vt 55.973301 -52.973301
vt 56.000000 -52.962200
vt 55.962200 -53.000000
vt 55.973301 -53.026699
vt 56.000000 -53.037800
vt 15.980500 -1.102740
vt 16.000000 -0.985626
vt 15.970300 -0.985626
vt 16.000000 -1.102740
vt 15.982400 -1.107350
vt 16.000000 -1.107350
vt 16.017599 -1.107350
vt 16.019501 -1.102740
vt 16.029699 -0.985626
vt 16.021500 -0.951162
vt 15.978500 -0.951162
vt 16.000000 -0.961202
vt 16.030500 -0.926926
vt 15.969500 -0.926926
vt 15.978500 -0.902689
vt 16.021500 -0.902689
vt 16.000000 -0.892650
vt 15.979300 -0.906245
vt 16.029200 -0.926926
vt 16.020700 -0.906245
vt 16.000000 -0.897679
vt 15.979300 -0.947606
vt 15.970800 -0.926926
vt 16.020700 -0.947606
vt 16.000000 -0.956172
vt 15.828300 -0.978456
vt 16.075600 -1.000000
vt 16.075600 -0.978456
vt 15.828300 -1.000000
vt 16.075600 -1.021540
vt 15.813300 -0.986199
vt 15.813300 -1.000000
vt 15.813300 -1.013800
vt 15.828300 -1.021540
vt 16.186701 -1.000000
vt 16.090500 -1.020680
vt 16.186701 -1.020680
vt 16.090500 -1.000000
vt 16.090500 -0.979319
vt 16.186701 -0.979319
vt 15.855900 -1.000000
vt 15.898300 -0.982412
vt 15.880800 -0.975127
vt 15.863200 -0.982412
vt 15.880800 -1.024870
vt 15.863200 -1.017590
vt 15.905600 -1.000000
vt 15.898300 -1.017590
vt 15.924400 -0.926926
vt 16.171700 -0.902689
vt 15.924400 -0.902689
vt 16.171700 -0.926926
vt 16.186701 -0.911399
vt 16.186701 -0.926926
vt 16.186701 -0.942452
vt 15.924400 -0.951162
vt 16.171700 -0.951162
vt 16.119200 -0.985626
vt 16.138800 -1.102740
vt 16.148899 -0.985626
vt 16.119200 -1.102740
vt 16.136801 -1.107350
vt 16.119200 -1.107350
vt 16.101700 -1.107350
vt 16.099701 -1.102740
vt 16.089600 -0.985626
vt 15.813300 -0.947606
vt 15.909500 -0.926926
vt 15.813300 -0.926926
vt 15.813300 -0.906245
vt 15.909500 -0.947606
vt 15.909500 -0.906245
vt 15.986200 -0.911399
vt 16.013800 -0.911399
vt 16.000000 -0.904968
vt 16.019501 -0.926926
vt 15.980500 -0.926926
vt 15.986200 -0.942452
vt 16.013800 -0.942452
vt 16.000000 -0.948884
vt 16.119200 -0.958017
vt 16.161200 -1.000000
vt 16.148899 -0.970314
vt 16.077299 -1.000000
vt 16.089600 -0.970314
vt 16.119200 -1.041980
vt 16.148899 -1.029690
vt 16.089600 -1.029690
vt 16.171700 -0.978456
vt 16.171700 -1.000000
vt 16.186701 -0.986199
vt 15.924400 -0.978456
vt 15.924400 -1.000000
vt 16.186701 -1.013800
vt 16.171700 -1.021540
vt 15.924400 -1.021540
vt 15.909500 -1.020680
vt 15.813300 -1.020680
vt 15.909500 -1.000000
vt 15.813300 -0.979319
vt 15.909500 -0.979319
vt 15.828300 -0.951162
vt 16.075600 -0.951162
vt 15.828300 -0.926926
vt 16.075600 -0.926926
vt 15.813300 -0.942452
vt 15.813300 -0.911399
vt 15.828300 -0.902689
vt 16.075600 -0.902689
vt 15.880800 -0.985626
vt 15.900300 -1.102740
vt 15.910400 -0.985626
vt 15.880800 -1.102740
vt 15.898300 -1.107350
vt 15.880800 -1.107350
vt 15.863200 -1.107350
vt 15.861200 -1.102740
vt 15.851100 -0.985626
vt 16.186701 -0.947606
vt 16.090500 -0.926926
vt 16.090500 -0.947606
vt 16.090500 -0.906245
vt 16.186701 -0.906245
vt 45.975399 -23.000000
vt 46.024601 -23.000000
vt 46.017399 -22.980400
vt 46.017399 -23.019600
vt 45.982601 -22.980400
vt 46.000000 -22.972200
vt 45.982601 -23.019600
vt 46.000000 -23.027800
vt 45.883900 -22.982599
vt 46.131100 -23.000000
vt 46.131100 -22.982599
vt 45.883900 -23.000000
vt 45.883900 -23.017401
vt 46.131100 -23.017401
vt 45.868900 -23.011200
vt 45.868900 -23.000000
vt 45.868900 -22.988800
vt 46.116100 -22.980400
vt 45.868900 -22.980400
vt 46.116100 -23.000000
vt 46.116100 -23.019600
vt 45.868900 -23.019600
vt 46.131100 -23.012600
vt 46.131100 -22.987400
vt 46.011200 -23.012600
vt 45.988800 -23.012600
vt 46.000000 -23.017799
vt 45.984200 -23.000000
vt 46.015800 -23.000000
vt 46.011200 -22.987400
vt 45.988800 -22.987400
vt 46.000000 -22.982201
vt 46.116100 -23.017401
vt 45.868900 -23.017401
vt 46.116100 -22.982599
vt 45.868900 -22.982599
vt 46.131100 -22.988800
vt 46.131100 -23.011200
vt 46.131100 -22.980400
vt 45.883900 -22.980400
vt 45.883900 -23.019600
vt 46.131100 -23.019600
vt 45.868900 -23.012600
vt 45.868900 -22.987400
vt 62.000000 -4.953910
vt 62.007099 -4.961160
vt 62.010101 -4.958120
vt 62.009998 -4.968260
vt 62.000000 -4.958220
vt 62.014400 -4.968260
vt 61.992901 -4.961160
vt 62.007099 -4.975370
vt 61.989899 -4.958120
vt 62.010101 -4.978410
vt 61.985600 -4.968260
vt 62.000000 -4.978310
vt 61.990002 -4.968260
vt 62.000000 -4.982610
vt 61.992901 -4.975370
vt 61.989899 -4.978410
vt 62.004200 -5.048380
vt 62.004200 -5.023470
vt 62.000000 -5.047770
vt 62.000000 -5.023470
vt 61.995800 -5.023470
vt 62.000000 -5.070380
vt 62.004200 -5.071730
vt 61.995800 -5.048380
vt 61.995800 -5.071730
vt 62.030701 -4.968290
vt 62.000000 -4.937580
vt 62.000000 -4.998990
vt 62.021702 -4.946570
vt 62.021702 -4.990000
vt 61.969299 -4.968290
vt 61.978298 -4.946570
vt 61.978298 -4.990000
vt 62.009899 -4.922460
vt 62.009899 -4.904490
vt 62.000000 -4.922460
vt 62.000000 -4.904490
vt 61.990101 -4.922460
vt 61.990101 -4.904490
vt 62.000000 -4.939490
vt 61.987598 -4.904490
vt 61.987598 -4.941270
vt 62.012402 -4.904490
vt 62.012402 -4.941270
vt 62.000000 -5.023600
vt 61.964401 -5.018600
vt 61.963501 -5.023600
vt 62.000000 -5.018600
vt 62.035599 -5.018600
vt 61.964401 -5.028600
vt 62.000000 -5.028600
vt 62.035599 -5.028600
vt 62.036499 -5.023600
vt 62.015202 -4.928150
vt 62.005100 -4.939300
vt 62.015202 -4.943150
vt 62.005100 -4.924810
vt 61.994900 -4.939300
vt 61.984798 -4.928150
vt 61.984798 -4.943150
vt 61.994900 -4.924810
vt 61.633598 -4.992900
vt 61.655102 -5.000000
vt 61.655102 -4.992900
vt 61.633598 -5.000000
vt 61.655102 -5.007100
vt 61.633598 -5.007100
vt 62.164200 -5.000000
vt 62.138199 -5.004240
vt 62.165298 -5.004240
vt 62.137199 -5.000000
vt 62.116798 -5.004240
vt 62.116501 -5.000000
vt 62.116798 -4.995760
vt 62.165298 -4.995760
vt 62.138199 -4.995760
vt 61.931499 -5.012390
vt 61.929901 -5.000000
vt 61.926399 -5.000000
vt 61.931499 -4.987610
vt 61.933998 -5.009920
vt 61.933998 -4.990080
vt 61.943901 -5.017530
vt 61.943901 -4.982470
vt 61.943901 -5.014020
vt 61.943901 -4.985980
vt 61.953800 -5.009920
vt 61.953800 -4.990080
vt 61.956299 -5.012390
vt 61.956299 -4.987610
vt 61.957901 -5.000000
vt 61.961399 -5.000000
vt 61.849201 -5.000000
vt 61.863098 -5.000000
vt 61.849201 -4.978290
vt 61.863098 -4.978290
vt 61.863098 -5.021710
vt 61.849201 -5.021710
vt 61.648602 -5.000000
vt 61.633598 -4.989850
vt 61.648602 -4.989850
vt 61.648602 -5.010150
vt 61.633598 -5.010150
vt 61.977299 -5.000000
vt 61.926899 -4.949600
vt 61.926899 -5.050400
vt 61.962601 -4.964360
vt 61.962601 -5.035640
vt 61.876499 -5.000000
vt 61.891300 -5.035640
vt 61.891300 -4.964360
vt 62.250500 -5.015210
vt 62.270401 -5.015210
vt 62.267700 -5.005070
vt 62.247101 -5.005070
vt 62.362900 -5.015210
vt 62.272099 -5.005070
vt 62.275398 -5.015210
vt 62.366402 -5.005070
vt 62.267700 -4.994930
vt 62.247101 -4.994930
vt 62.250500 -4.984790
vt 62.270401 -4.984790
vt 62.272099 -4.994930
vt 62.366402 -4.994930
vt 62.362900 -4.984790
vt 62.275398 -4.984790
vt 62.344898 -4.975370
vt 62.366402 -4.975370
vt 62.344898 -4.968260
vt 62.366402 -4.968260
vt 62.344898 -4.961160
vt 62.366402 -4.961160
vt 61.817902 -5.023470
vt 61.822701 -5.048380
vt 61.821899 -5.023470
vt 61.818699 -5.049860
vt 61.813900 -5.023470
vt 61.834702 -5.071730
vt 61.814800 -5.051350
vt 61.831902 -5.074970
vt 61.829201 -5.078210
vt 61.856998 -5.095130
vt 61.881802 -5.103340
vt 61.859402 -5.091660
vt 61.882500 -5.099160
vt 61.861801 -5.088180
vt 61.883202 -5.094980
vt 62.066002 -4.922460
vt 62.066002 -4.904490
vt 62.056099 -4.922460
vt 62.056099 -4.904490
vt 62.046200 -4.922460
vt 62.046200 -4.904490
vt 61.724602 -4.928150
vt 61.687000 -5.013150
vt 61.729599 -4.943150
vt 61.637100 -4.898150
vt 61.719601 -5.003150
vt 61.729599 -5.003150
vt 61.749500 -4.943150
vt 61.749500 -5.008150
vt 62.136902 -4.946570
vt 62.150799 -4.968290
vt 62.150799 -4.946570
vt 62.136902 -4.968290
vt 62.150799 -4.990000
vt 62.136902 -4.990000
vt 62.043701 -4.941270
vt 62.043701 -4.904490
vt 62.056099 -4.943240
vt 62.068501 -4.941270
vt 62.068501 -4.904490
vt 62.108700 -5.018600
vt 62.073101 -5.023600
vt 62.109600 -5.023600
vt 62.073101 -5.018600
vt 62.108700 -5.028600
vt 62.073101 -5.028600
vt 62.037399 -5.018600
vt 62.037399 -5.028600
vt 62.036598 -5.023600
vt 62.351398 -4.958120
vt 62.366402 -4.958120
vt 62.351398 -4.968260
vt 62.366402 -4.978410
vt 62.351398 -4.978410
vt 61.995800 -5.051350
vt 62.000000 -5.051960
vt 62.004200 -5.051350
vt 62.004200 -5.078210
vt 62.000000 -5.079550
vt 61.995800 -5.078210
vt 62.008099 -4.960210
vt 62.000000 -4.956870
vt 62.011398 -4.968260
vt 61.991901 -4.960210
vt 62.008099 -4.976320
vt 61.988602 -4.968260
vt 62.000000 -4.979650
vt 61.991901 -4.976320
vt 62.366402 -4.992900
vt 62.344898 -4.992900
vt 62.366402 -5.000000
vt 62.344898 -5.000000
vt 62.366402 -5.007100
vt 62.344898 -5.007100
vt 61.829201 -5.004240
vt 61.855900 -5.000000
vt 61.828098 -5.000000
vt 61.829201 -4.995760
vt 61.856998 -5.004240
vt 61.881500 -5.000000
vt 61.881802 -5.004240
vt 61.856998 -4.995760
vt 61.881802 -4.995760
vt 62.073101 -4.949600
vt 62.123501 -5.000000
vt 62.108700 -4.964360
vt 62.073101 -5.050400
vt 62.108700 -5.035640
vt 62.022701 -5.000000
vt 62.037399 -4.964360
vt 62.037399 -5.035640
vt 62.136902 -4.978290
vt 62.150799 -5.000000
vt 62.150799 -4.978290
vt 62.136902 -5.000000
vt 62.150799 -5.021710
vt 62.136902 -5.021710
vt 61.749500 -5.015210
vt 61.729000 -5.005070
vt 61.729599 -5.015210
vt 61.752499 -5.005070
vt 61.752499 -4.994930
vt 61.720299 -5.005070
vt 61.719601 -5.015210
vt 61.687000 -5.015210
vt 61.685101 -5.005070
vt 61.685101 -4.994930
vt 61.720299 -4.994930
vt 61.687000 -4.984790
vt 61.719601 -4.984790
vt 61.729599 -4.984790
vt 61.729000 -4.994930
vt 61.749500 -4.984790
vt 62.351398 -4.989850
vt 62.366402 -4.989850
vt 62.351398 -5.000000
vt 62.366402 -5.010150
vt 62.351398 -5.010150
vt 62.038601 -5.000000
vt 62.043701 -5.012390
vt 62.043701 -5.000000
vt 62.043701 -4.987610
vt 62.056099 -5.000000
vt 62.056099 -5.017530
vt 62.056099 -4.982470
vt 62.068501 -5.012390
vt 62.068501 -4.987610
vt 62.068501 -5.000000
vt 62.073601 -5.000000
vt 61.655102 -4.961160
vt 61.633598 -4.961160
vt 61.655102 -4.968260
vt 61.633598 -4.968260
vt 61.655102 -4.975370
vt 61.633598 -4.975370
vt 62.185200 -5.051350
vt 62.186100 -5.023470
vt 62.181301 -5.049860
vt 62.182098 -5.023470
vt 62.177299 -5.048380
vt 62.178101 -5.023470
vt 62.168098 -5.074970
vt 62.165298 -5.071730
vt 62.170799 -5.078210
vt 62.143002 -5.095130
vt 62.140598 -5.091660
vt 62.118198 -5.103340
vt 62.117500 -5.099160
vt 62.138199 -5.088180
vt 62.116798 -5.094980
vt 61.933998 -4.904490
vt 61.933998 -4.922460
vt 61.943901 -4.904490
vt 61.943901 -4.922460
vt 61.953800 -4.904490
vt 61.953800 -4.922460
vt 62.313000 -5.013150
vt 62.275398 -4.928150
vt 62.270401 -4.943150
vt 62.362900 -4.898150
vt 62.280399 -5.003150
vt 62.270401 -5.003150
vt 62.250500 -4.943150
vt 62.250500 -5.008150
vt 61.849201 -4.946570
vt 61.863098 -4.968290
vt 61.863098 -4.946570
vt 61.849201 -4.968290
vt 61.863098 -4.990000
vt 61.849201 -4.990000
vt 61.956299 -4.941270
vt 61.956299 -4.904490
vt 61.943901 -4.943240
vt 61.931499 -4.941270
vt 61.931499 -4.904490
vt 61.926899 -5.023600
vt 61.890400 -5.023600
vt 61.891300 -5.028600
vt 61.891300 -5.018600
vt 61.926899 -5.028600
vt 61.926899 -5.018600
vt 61.962601 -5.028600
vt 61.962601 -5.018600
vt 61.963402 -5.023600
vt 61.633598 -4.958120
vt 61.648602 -4.968260
vt 61.648602 -4.958120
vt 61.648602 -4.978410
vt 61.633598 -4.978410
vt 30.003401 -16.913099
vt 29.992701 -16.917101
vt 30.000099 -16.918800
vt 29.994801 -16.923100
vt 29.991501 -16.910400
vt 30.003401 -16.908199
vt 29.991501 -16.905500
vt 29.995600 -17.076099
vt 29.992599 -17.079399
vt 29.997999 -17.078501
vt 29.992300 -17.076599
vt 29.993601 -17.073400
vt 29.984100 -16.917601
vt 29.988199 -16.921600
vt 30.009001 -16.937799
vt 29.997900 -16.939699
vt 30.000601 -16.943701
vt 30.006300 -16.933800
vt 29.996500 -16.934200
vt 30.001699 -16.930599
vt 29.996799 -16.929300
vt 30.016199 -17.069099
vt 30.020000 -17.067101
vt 30.013201 -17.063000
vt 30.022400 -17.063101
vt 30.011999 -17.066601
vt 30.015600 -17.059000
vt 30.022499 -17.058701
vt 30.018200 -17.056200
vt 30.011101 -17.050301
vt 30.006201 -17.053101
vt 30.010000 -17.053101
vt 30.004900 -17.050301
vt 30.004900 -17.046900
vt 30.011101 -17.046900
vt 30.006201 -17.044100
vt 30.010000 -17.044100
vt 30.009399 -17.073900
vt 30.001400 -17.073900
vt 30.007200 -17.077700
vt 30.002300 -17.077700
vt 30.001400 -17.069300
vt 30.009399 -17.069300
vt 30.007200 -17.065500
vt 30.002300 -17.065500
vt 30.000401 -17.090200
vt 29.994499 -17.090200
vt 29.998800 -17.093000
vt 29.995100 -17.093000
vt 29.994499 -17.086800
vt 30.000401 -17.086800
vt 29.998800 -17.084000
vt 29.995100 -17.084000
vt 29.999100 -16.929501
vt 29.989100 -16.929501
vt 29.996401 -16.934200
vt 29.990200 -16.934200
vt 29.989100 -16.923599
vt 29.999100 -16.923599
vt 29.996401 -16.918900
vt 29.990200 -16.918900
vt 30.008301 -16.920500
vt 30.000200 -16.923500
vt 30.005800 -16.924801
vt 30.001801 -16.927999
vt 29.999300 -16.918400
vt 30.008301 -16.916800
vt 29.991800 -17.053400
vt 29.986799 -17.051500
vt 29.989401 -17.055799
vt 29.986300 -17.054701
vt 29.992500 -17.050200
vt 29.987499 -17.048300
vt 29.990000 -17.081200
vt 29.982000 -17.081200
vt 29.987801 -17.084900
vt 29.982901 -17.084900
vt 29.982000 -17.076500
vt 29.990000 -17.076500
vt 29.987801 -17.072800
vt 29.982901 -17.072800
vt 29.983299 -17.054701
vt 29.982000 -17.051500
vt 29.982700 -17.048300
vt 29.993700 -16.923800
vt 29.996799 -16.926901
vt 30.000299 -17.072701
vt 29.997000 -17.072399
vt 30.003099 -17.057699
vt 29.996599 -17.061501
vt 30.001699 -17.061501
vt 29.994801 -17.057699
vt 29.994801 -17.053101
vt 30.003099 -17.053101
vt 29.996599 -17.049299
vt 30.001699 -17.049299
vt 30.015699 -17.088400
vt 30.008301 -17.091400
vt 30.015100 -17.092699
vt 30.010500 -17.094601
vt 30.006599 -17.087200
vt 30.014000 -17.084101
vt 30.010500 -17.081499
vt 30.005899 -17.083401
vt 29.989700 -16.930799
vt 29.993000 -16.928200
vt 29.989700 -16.927401
vt 30.000299 -16.915300
vt 30.005501 -16.919701
vt 30.005501 -16.913200
vt 29.997999 -16.931900
vt 29.989300 -16.929100
vt 29.994200 -16.937700
vt 29.988899 -16.936001
vt 30.000099 -16.924299
vt 30.000200 -16.933500
vt 30.004200 -16.930300
vt 30.000200 -16.929399
vt 30.018101 -16.927299
vt 30.009300 -16.927799
vt 30.010599 -16.934601
vt 30.014000 -16.923201
vt 30.007299 -16.921700
vt 29.998400 -16.936800
vt 30.010599 -16.939600
vt 29.998400 -16.931801
vt 30.001801 -16.926001
vt 30.001101 -16.930000
vt 29.994600 -16.930300
vt 29.995501 -16.935400
vt 29.997999 -16.927000
vt 29.993000 -16.925800
vt 30.017200 -16.921499
vt 30.010599 -16.925800
vt 30.016300 -16.925800
vt 30.008101 -16.921499
vt 30.008101 -16.916201
vt 30.017200 -16.916201
vt 30.010599 -16.911900
vt 30.016300 -16.911900
vt 30.002001 -16.934099
vt 29.992901 -16.935801
vt 30.000999 -16.939199
vt 29.995399 -16.940300
vt 30.001101 -16.943300
vt 29.994600 -16.931499
vt 30.003599 -16.929800
vt 29.999500 -16.931499
vt 29.994301 -16.931801
vt 29.995001 -16.935900
vt 29.997000 -16.929100
vt 29.986500 -16.937000
vt 29.995501 -16.939100
vt 29.986500 -16.933300
vt 29.989000 -16.929001
vt 29.999100 -16.943399
vt 29.992500 -16.942101
vt 30.005800 -16.941000
vt 30.010099 -16.936001
vt 30.002300 -16.926901
vt 29.989700 -16.919500
vt 29.998199 -16.921700
vt 29.993700 -16.916500
vt 29.997000 -16.927900
vt 29.987700 -16.937201
vt 29.995001 -16.938900
vt 29.987700 -16.934200
vt 30.012300 -16.934500
vt 30.005800 -16.934799
vt 30.006701 -16.939899
vt 30.009199 -16.931499
vt 29.994600 -17.070700
vt 30.009199 -16.938499
vt 30.006100 -16.941999
vt 30.008801 -16.924700
vt 29.997700 -16.941500
vt 30.006701 -16.943600
vt 29.997700 -16.937799
vt 30.112400 -16.997700
vt 30.108700 -16.997700
vt 30.110800 -17.006701
vt 30.105700 -17.005800
vt 30.104401 -17.000200
vt 30.101200 -17.004200
vt 30.083401 -17.008801
vt 30.078800 -16.998199
vt 30.077499 -17.005501
vt 30.073601 -17.000299
vt 30.085501 -16.997000
vt 30.089199 -17.008801
vt 30.091299 -16.997000
vt 29.891199 -17.003401
vt 29.893400 -16.991501
vt 29.888500 -16.991501
vt 29.896099 -17.003401
vt 29.900101 -16.992701
vt 29.901800 -17.000099
vt 29.906099 -16.994801
vt 30.105301 -17.012300
vt 30.102301 -17.009199
vt 30.022699 -16.995001
vt 30.021000 -16.987700
vt 30.018600 -16.994301
vt 30.017500 -16.989700
vt 30.014900 -16.993000
vt 30.080099 -16.989700
vt 30.075399 -16.993700
vt 29.900600 -16.984100
vt 29.904600 -16.988199
vt 30.043200 -17.000099
vt 30.051100 -16.996000
vt 30.040800 -16.993601
vt 30.049601 -17.001600
vt 30.044600 -17.006399
vt 29.997700 -16.986500
vt 30.003401 -16.995501
vt 30.001400 -16.986500
vt 29.999701 -16.995501
vt 29.994600 -16.994600
vt 29.993401 -16.989000
vt 29.990101 -16.993000
vt 29.938801 -17.022499
vt 29.941401 -17.020201
vt 29.937201 -17.018200
vt 29.921801 -17.010000
vt 29.924700 -17.008400
vt 29.922199 -17.006201
vt 29.923800 -17.007200
vt 29.926399 -17.003599
vt 29.922199 -17.002300
vt 29.921801 -16.998800
vt 29.923700 -16.996099
vt 29.920601 -16.995100
vt 29.889999 -17.001301
vt 29.885000 -17.006300
vt 29.893400 -17.005699
vt 29.884800 -17.001699
vt 29.887501 -16.996799
vt 29.923401 -16.996401
vt 29.926701 -16.991899
vt 29.921400 -16.990200
vt 29.974100 -16.999300
vt 29.979900 -17.008301
vt 29.977800 -16.999300
vt 29.982901 -17.000200
vt 29.984100 -17.005800
vt 29.987400 -17.001801
vt 29.944700 -17.005899
vt 29.948900 -17.006701
vt 29.948900 -17.003099
vt 30.018299 -16.999500
vt 30.015900 -16.997000
vt 30.014700 -17.016300
vt 30.009899 -17.014700
vt 30.009899 -17.019800
vt 29.926701 -16.986300
vt 30.012800 -17.010599
vt 29.934099 -16.982901
vt 29.938299 -16.984200
vt 29.938299 -16.979799
vt 29.923700 -16.992901
vt 29.994301 -17.001101
vt 29.991301 -16.997999
vt 29.959000 -17.010599
vt 29.956200 -16.998400
vt 29.952200 -17.009300
vt 29.950500 -17.001801
vt 29.946100 -17.007299
vt 29.919399 -16.991199
vt 29.920900 -16.988400
vt 29.917500 -16.988100
vt 29.935699 -16.987801
vt 29.951700 -17.018101
vt 29.947701 -17.014000
vt 29.925301 -17.011600
vt 29.918699 -16.982700
vt 29.914900 -16.987499
vt 29.919901 -16.985201
vt 29.926399 -16.999201
vt 29.983200 -16.993700
vt 29.986200 -16.996799
vt 29.948601 -17.001699
vt 29.952400 -16.999500
vt 29.949200 -16.996599
vt 29.946301 -17.010500
vt 29.953100 -17.005899
vt 30.069300 -16.997101
vt 30.072599 -17.001101
vt 30.074100 -16.997101
vt 29.989201 -16.989000
vt 29.953400 -17.003799
vt 29.954201 -16.995501
vt 29.929001 -17.007200
vt 29.926001 -17.005400
vt 30.069300 -17.009199
vt 30.067801 -17.002701
vt 30.063000 -17.003599
vt 30.071699 -17.006100
vt 30.038200 -16.989300
vt 30.029200 -16.997999
vt 30.031799 -17.002300
vt 30.037701 -17.005501
vt 29.907301 -17.000099
vt 29.944901 -17.001801
vt 29.925699 -16.998800
vt 29.942499 -16.982901
vt 29.929899 -16.996401
vt 29.923000 -16.990101
vt 30.004999 -17.016300
vt 29.945601 -17.018200
vt 29.944000 -17.022499
vt 30.006901 -17.010599
vt 29.956800 -17.000000
vt 29.923300 -16.986401
vt 29.940901 -16.987801
vt 29.931900 -16.990200
vt 29.898300 -16.996901
vt 29.893000 -16.995899
vt 29.941401 -17.015600
vt 29.941401 -17.011400
vt 29.934601 -17.015600
vt 29.926800 -16.995100
vt 29.944700 -17.014000
vt 29.953100 -17.014000
vt 29.951500 -17.010500
vt 29.930599 -17.002300
vt 29.927900 -17.008699
vt 30.065399 -16.994600
vt 29.948099 -17.015600
vt 29.955601 -16.993601
vt 29.951599 -16.996300
vt 29.954300 -16.998301
vt 29.952900 -16.991600
vt 29.949499 -16.991600
vt 29.948700 -16.994600
vt 29.950001 -17.002199
vt 29.947300 -17.000299
vt 29.945999 -16.997000
vt 29.908701 -16.914700
vt 29.919901 -16.919500
vt 29.914499 -16.910999
vt 29.914200 -16.923201
vt 30.106600 -16.905500
vt 30.104300 -16.917601
vt 30.111500 -16.910400
vt 30.099400 -16.912701
vt 29.961800 -16.929100
vt 29.951500 -16.936501
vt 29.963600 -16.936001
vt 29.957199 -16.940500
vt 29.963800 -16.942101
vt 29.948900 -16.931499
vt 29.959200 -16.924101
vt 30.051100 -17.093300
vt 30.057899 -17.091400
vt 30.051100 -17.089001
vt 30.057899 -17.087200
vt 30.055300 -17.083401
vt 30.051100 -17.084499
vt 30.073299 -16.934200
vt 30.078600 -16.934200
vt 30.073299 -16.929501
vt 30.081900 -16.929501
vt 30.073299 -16.923599
vt 30.081900 -16.923599
vt 30.078600 -16.918900
vt 30.073299 -16.918900
vt 30.061701 -17.084900
vt 30.065901 -17.084900
vt 30.061701 -17.081200
vt 30.068501 -17.081200
vt 30.061701 -17.076500
vt 30.068501 -17.076500
vt 30.065901 -17.072800
vt 30.061701 -17.072800
vt 30.076300 -17.093000
vt 30.079399 -17.093000
vt 30.076300 -17.090200
vt 30.081301 -17.090200
vt 30.076300 -17.086800
vt 30.081301 -17.086800
vt 30.079399 -17.084000
vt 30.076300 -17.084000
vt 30.047899 -17.080799
vt 30.047100 -17.074100
vt 30.044399 -17.075399
vt 30.050501 -17.079399
vt 30.050501 -17.073299
vt 30.052700 -17.076599
vt 30.053499 -17.073400
vt 30.073601 -17.077700
vt 30.077801 -17.077700
vt 30.073601 -17.073900
vt 30.080400 -17.073900
vt 30.073601 -17.069300
vt 30.080400 -17.069300
vt 30.077801 -17.065500
vt 30.073601 -17.065500
vt 30.022200 -16.914700
vt 30.020500 -16.923800
vt 30.025900 -16.918400
vt 30.016800 -16.920099
vt 30.044399 -17.091400
vt 30.044399 -17.087200
vt 30.046900 -17.083401
vt 29.937700 -16.935801
vt 29.929899 -16.941200
vt 29.938601 -16.940300
vt 29.933800 -16.943600
vt 29.934601 -16.931499
vt 29.926901 -16.936899
vt 29.930700 -16.929001
vt 29.925900 -16.932400
vt 29.998600 -16.930300
vt 30.001101 -16.938801
vt 30.005400 -16.937000
vt 29.996901 -16.934601
vt 30.002300 -16.926600
vt 30.009100 -16.933300
vt 30.010799 -16.929001
vt 30.006599 -16.924900
vt 29.976000 -16.931801
vt 29.978001 -16.938601
vt 29.981400 -16.937201
vt 29.984400 -16.934200
vt 29.974600 -16.935301
vt 29.979000 -16.928801
vt 29.985800 -16.930799
vt 29.982500 -16.927401
vt 30.052900 -17.057699
vt 30.044701 -17.057699
vt 30.050800 -17.061501
vt 30.045799 -17.061501
vt 30.044701 -17.053101
vt 30.052900 -17.053101
vt 30.050800 -17.049299
vt 30.045799 -17.049299
vt 30.079300 -17.050301
vt 30.073200 -17.050301
vt 30.077801 -17.053101
vt 30.073999 -17.053101
vt 30.073200 -17.046900
vt 30.079300 -17.046900
vt 30.077801 -17.044100
vt 30.073999 -17.044100
vt 29.969101 -16.937700
vt 29.894300 -16.941500
vt 29.885900 -16.939100
vt 29.889999 -16.943300
vt 29.887600 -16.934799
vt 29.891300 -16.931101
vt 29.898001 -16.937799
vt 29.895599 -16.929399
vt 29.899799 -16.933500
vt 30.038799 -16.927799
vt 30.042000 -16.939100
vt 30.047800 -16.936800
vt 30.036501 -16.933500
vt 30.052799 -16.931801
vt 30.043800 -16.922701
vt 30.049500 -16.920401
vt 30.055099 -16.926001
vt 30.057501 -17.084900
vt 30.054899 -17.081200
vt 30.054899 -17.076500
vt 30.057501 -17.072800
vt 30.104200 -16.941500
vt 30.112301 -16.943701
vt 30.107201 -16.937401
vt 30.115299 -16.939699
vt 30.110300 -16.932800
vt 30.115400 -16.934200
vt 30.112499 -16.929300
vt 29.995001 -16.921499
vt 29.985300 -16.921499
vt 29.993099 -16.925800
vt 29.987200 -16.925800
vt 29.985300 -16.916201
vt 29.995001 -16.916201
vt 29.993099 -16.911900
vt 29.987200 -16.911900
vt 30.082100 -17.051500
vt 30.079000 -17.055799
vt 30.082399 -17.054701
vt 30.076599 -17.053400
vt 30.075701 -17.050200
vt 30.081301 -17.048300
vt 30.076700 -17.047400
vt 30.080099 -17.046200
vt 30.068100 -16.934200
vt 30.064800 -16.929501
vt 30.064800 -16.923599
vt 30.068100 -16.918900
vt 30.058599 -17.065001
vt 30.065399 -17.063000
vt 30.058599 -17.060400
vt 30.062799 -17.066601
vt 30.058599 -17.068501
vt 30.065399 -17.059000
vt 30.058599 -17.056400
vt 30.015100 -16.929300
vt 30.011299 -16.925600
vt 30.073200 -17.093000
vt 30.071199 -17.090200
vt 30.071199 -17.086800
vt 30.073200 -17.084000
vt 30.069401 -17.077700
vt 30.066900 -17.073900
vt 30.066900 -17.069300
vt 30.069401 -17.065500
vt 30.098700 -16.934200
vt 30.101700 -16.930201
vt 30.107000 -16.928301
vt 30.092199 -16.919901
vt 30.097099 -16.924801
vt 30.051901 -17.063000
vt 30.054399 -17.066601
vt 30.051901 -17.059000
vt 29.925400 -16.927900
vt 29.919600 -16.931601
vt 30.051300 -17.070700
vt 30.002300 -16.934799
vt 29.994200 -16.937799
vt 29.999800 -16.939100
vt 29.995800 -16.942301
vt 29.993299 -16.932800
vt 29.993299 -16.929001
vt 29.991199 -16.917999
vt 30.001801 -16.921000
vt 30.003000 -16.914700
vt 29.994499 -16.923000
vt 29.999701 -16.927299
vt 29.987700 -16.938200
vt 29.990801 -16.941200
vt 30.012300 -16.931801
vt 30.005699 -16.934200
vt 30.010300 -16.935301
vt 30.007000 -16.937901
vt 30.004999 -16.930099
vt 30.012300 -16.928801
vt 30.004999 -16.927099
vt 30.010300 -16.923201
vt 30.006300 -16.926201
vt 30.013500 -16.930300
vt 30.005400 -16.933300
vt 30.011000 -16.934601
vt 30.007000 -16.937799
vt 30.004499 -16.928200
vt 30.013500 -16.926600
vt 30.004499 -16.924500
vt 29.996401 -16.942900
vt 30.005400 -16.941200
vt 29.996401 -16.938601
vt 30.005400 -16.936899
vt 29.997299 -16.933399
vt 30.002899 -16.932400
vt 29.998899 -16.929399
vt 30.004000 -16.931499
vt 29.998100 -16.943800
vt 30.008301 -16.936501
vt 29.993799 -16.938801
vt 29.992100 -16.931900
vt 29.998400 -16.927401
vt 29.993601 -16.925800
vt 30.000500 -16.934500
vt 30.003000 -16.936899
vt 29.982800 -16.921499
vt 29.989401 -16.925800
vt 29.991899 -16.921499
vt 29.983700 -16.925800
vt 29.982800 -16.916201
vt 29.991899 -16.916201
vt 29.989401 -16.911900
vt 29.983700 -16.911900
vt 29.990801 -16.934200
vt 29.993900 -16.930700
vt 30.005400 -17.080799
vt 30.003300 -17.076900
vt 30.002600 -17.080200
vt 30.000099 -17.077801
vt 30.006399 -17.075399
vt 29.998899 -16.933701
vt 30.002001 -16.936701
vt 30.001600 -16.927799
vt 29.990700 -16.931801
vt 29.998199 -16.933500
vt 29.992701 -16.937901
vt 29.989401 -16.924999
vt 30.001600 -16.922701
vt 29.989401 -16.920000
vt 29.981899 -16.932301
vt 29.986000 -16.936300
vt 30.011000 -16.938801
vt 30.010300 -16.938601
vt 29.994499 -16.929399
vt 29.994200 -16.919201
vt 29.998199 -16.916000
vt 29.994200 -16.915100
vt 29.998199 -16.939100
vt 29.986799 -17.063000
vt 29.983801 -17.069099
vt 29.988001 -17.066601
vt 29.980000 -17.067101
vt 29.977600 -17.063101
vt 29.984400 -17.059000
vt 29.977501 -17.058701
vt 29.981800 -17.056200
vt 29.996201 -17.061501
vt 29.999701 -17.057699
vt 29.993500 -17.057699
vt 29.993500 -17.053101
vt 30.000000 -17.061501
vt 29.999701 -17.053101
vt 29.996201 -17.049299
vt 30.000000 -17.049299
vt 30.004499 -17.061501
vt 30.007000 -17.057699
vt 30.007000 -17.053101
vt 30.004499 -17.049299
vt 29.991600 -16.931900
vt 29.997101 -16.938801
vt 30.000401 -16.934200
vt 29.991699 -16.937401
vt 29.994600 -16.942301
vt 29.994301 -16.927900
vt 30.003099 -16.930201
vt 30.000700 -16.925600
vt 30.006300 -16.920099
vt 29.999800 -16.920500
vt 30.003201 -16.917101
vt 29.991699 -17.091400
vt 29.984900 -17.092699
vt 29.989500 -17.094601
vt 29.984301 -17.088400
vt 29.993401 -17.087200
vt 29.986000 -17.084101
vt 29.989500 -17.081499
vt 29.994101 -17.083401
vt 29.988400 -17.053101
vt 29.991100 -17.050301
vt 29.986401 -17.050301
vt 29.986401 -17.046900
vt 29.991301 -17.053101
vt 29.991100 -17.046900
vt 29.988400 -17.044100
vt 29.991301 -17.044100
vt 30.015301 -17.050200
vt 30.009899 -17.054600
vt 30.016001 -17.053400
vt 30.009199 -17.051399
vt 30.009899 -17.048100
vt 30.013599 -17.047400
vt 30.012199 -17.084900
vt 30.018000 -17.081200
vt 30.010000 -17.081200
vt 30.010000 -17.076500
vt 30.017099 -17.084900
vt 30.018000 -17.076500
vt 30.012199 -17.072800
vt 30.017099 -17.072800
vt 29.991699 -16.927200
vt 29.991699 -16.923500
vt 29.992800 -17.077700
vt 29.998600 -17.073900
vt 29.990601 -17.073900
vt 29.990601 -17.069300
vt 29.997700 -17.077700
vt 29.998600 -17.069300
vt 29.992800 -17.065500
vt 29.997700 -17.065500
vt 30.003599 -16.934200
vt 30.010900 -16.929501
vt 30.000900 -16.929501
vt 30.000900 -16.923599
vt 30.009800 -16.934200
vt 30.010900 -16.923599
vt 30.003599 -16.918900
vt 30.009800 -16.918900
vt 29.994600 -17.053101
vt 29.996401 -17.050301
vt 29.996401 -17.046900
vt 29.994600 -17.044100
vt 30.001200 -17.093000
vt 30.005501 -17.090200
vt 29.999599 -17.090200
vt 29.999599 -17.086800
vt 30.004900 -17.093000
vt 30.005501 -17.086800
vt 30.001200 -17.084000
vt 30.004900 -17.084000
vt 30.005199 -16.941500
vt 30.000099 -16.943300
vt 30.008499 -16.919901
vt 30.015900 -16.912701
vt 30.007299 -16.913099
vt 30.011801 -16.908701
vt 30.005199 -16.907200
vt 30.001699 -17.071301
vt 30.000401 -17.074301
vt 29.996599 -16.922001
vt 30.008499 -16.924801
vt 29.996599 -16.917101
vt 29.999901 -16.911400
vt 30.047899 -16.994600
vt 30.047899 -17.000700
vt 30.051300 -16.999901
vt 30.054001 -16.997999
vt 30.045700 -16.997400
vt 30.044901 -16.999901
vt 30.050501 -16.992599
vt 30.054399 -17.020000
vt 30.061199 -17.016199
vt 30.056000 -17.016199
vt 30.058599 -17.012400
vt 30.062799 -17.020000
vt 29.929899 -16.994600
vt 29.932301 -17.002701
vt 29.933800 -16.997101
vt 29.937099 -17.001101
vt 29.927500 -17.003599
vt 30.112000 -17.009001
vt 30.107599 -17.003401
vt 30.107300 -17.008600
vt 30.102800 -17.005400
vt 30.112301 -17.000601
vt 30.062799 -17.011999
vt 30.075300 -17.008400
vt 30.078199 -17.010000
vt 30.077801 -17.006201
vt 30.073601 -17.003599
vt 30.076200 -17.007200
vt 30.077801 -17.002300
vt 30.076300 -16.996099
vt 30.078199 -16.998800
vt 30.079399 -16.995100
vt 29.951500 -16.991699
vt 29.958900 -16.996599
vt 29.957199 -16.990299
vt 29.963800 -16.992500
vt 29.954201 -17.001900
vt 30.073299 -16.991899
vt 30.076599 -16.996401
vt 30.078600 -16.990200
vt 30.051100 -17.007700
vt 30.057899 -17.008301
vt 30.051100 -17.003799
vt 30.055300 -17.010500
vt 30.051100 -17.012400
vt 29.990101 -17.014700
vt 29.985300 -17.016300
vt 29.990101 -17.019800
vt 30.073299 -16.986300
vt 29.987200 -17.010599
vt 30.061701 -16.984200
vt 30.065901 -16.982901
vt 30.061701 -16.979799
vt 30.076300 -16.992901
vt 29.933800 -17.009199
vt 29.936199 -17.006100
vt 30.081900 -16.986200
vt 30.082800 -16.989401
vt 30.084801 -16.986300
vt 30.064301 -16.987801
vt 30.074699 -17.011600
vt 30.082399 -16.983299
vt 30.073601 -16.999201
vt 30.047600 -16.999500
vt 30.051399 -17.001699
vt 30.050800 -16.996599
vt 30.053699 -17.015100
vt 30.044399 -17.008301
vt 30.046900 -17.010500
vt 29.938601 -16.995399
vt 30.046600 -17.003799
vt 30.045799 -16.995501
vt 30.070999 -17.007200
vt 30.024599 -17.001801
vt 30.021400 -17.005800
vt 30.025600 -17.005800
vt 30.073999 -17.005400
vt 29.886801 -17.004200
vt 29.889999 -17.000200
vt 29.885900 -17.000200
vt 30.074301 -16.998800
vt 30.057501 -16.982901
vt 30.070101 -16.996401
vt 30.077000 -16.990101
vt 30.082899 -16.991800
vt 30.079201 -16.988300
vt 30.043301 -17.018101
vt 30.043800 -17.009300
vt 30.039301 -17.014000
vt 30.037701 -17.007299
vt 30.050600 -17.010599
vt 29.995001 -17.016300
vt 30.104200 -16.994801
vt 30.102501 -16.999901
vt 30.054399 -17.011999
vt 29.993099 -17.010599
vt 30.043200 -17.000000
vt 30.079000 -16.984600
vt 30.059099 -16.987801
vt 30.068100 -16.990200
vt 30.020500 -16.993700
vt 30.020100 -17.000200
vt 30.023500 -16.996799
vt 30.015100 -16.999300
vt 30.073200 -16.995100
vt 30.047800 -16.998400
vt 30.042000 -17.001801
vt 29.966101 -17.005800
vt 29.966200 -16.999100
vt 30.048500 -17.015100
vt 30.069401 -17.002300
vt 30.072100 -17.008699
vt 30.076599 -16.983999
vt 30.017099 -17.008301
vt 30.011299 -16.999300
vt 30.002001 -17.001101
vt 30.002300 -16.994600
vt 29.999001 -16.997999
vt 29.997801 -16.993000
vt 30.007401 -16.995501
vt 29.978701 -16.999500
vt 29.979000 -16.994301
vt 29.976299 -16.997000
vt 29.975401 -16.993000
vt 29.983101 -16.995001
vt 30.005400 -16.986500
vt 30.001101 -16.989000
vt 30.104300 -16.984100
vt 30.103901 -16.992701
vt 30.108299 -16.988199
vt 30.109800 -16.994801
vt 30.097099 -16.991501
vt 29.919600 -16.997000
vt 29.914200 -16.989700
vt 29.912800 -16.998199
vt 29.909500 -16.993700
vt 29.907700 -17.000299
vt 29.981400 -16.987700
vt 29.978001 -16.989700
vt 29.891001 -17.012300
vt 29.891300 -17.005800
vt 29.888000 -17.009199
vt 29.896400 -17.006701
vt 30.105499 -17.000099
vt 30.099899 -17.003401
vt 29.923300 -17.008801
vt 29.925400 -16.997000
vt 29.917500 -17.008801
vt 29.911600 -17.005501
vt 29.894300 -16.997700
vt 30.108999 -16.938200
vt 30.114500 -16.932800
vt 30.105301 -16.934500
vt 30.110800 -16.929001
vt 29.945601 -17.067101
vt 29.937201 -17.063101
vt 29.937201 -17.067101
vt 29.945601 -17.063101
vt 29.938801 -17.058701
vt 29.944000 -17.058701
vt 29.941401 -17.055700
vt 29.892700 -16.941099
vt 29.897900 -16.937401
vt 29.888000 -16.937799
vt 29.897200 -16.942301
vt 29.896400 -16.931900
vt 29.893400 -16.927900
vt 29.885000 -16.933800
vt 30.021299 -16.934500
vt 30.025700 -16.930099
vt 30.018299 -16.931499
vt 30.022699 -16.927099
vt 30.017700 -16.921499
vt 30.009899 -16.921499
vt 30.014700 -16.925800
vt 30.009899 -16.925800
vt 30.009899 -16.916201
vt 30.017700 -16.916201
vt 30.014700 -16.911900
vt 30.009899 -16.911900
vt 30.072500 -16.942900
vt 30.069300 -16.934200
vt 30.066200 -16.938499
vt 30.075500 -16.938601
vt 29.997999 -16.933701
vt 30.003401 -16.928200
vt 29.994301 -16.930000
vt 29.999701 -16.924500
vt 29.917999 -17.050200
vt 29.917500 -17.046200
vt 29.914900 -17.048300
vt 29.919399 -17.047400
vt 29.956699 -16.932301
vt 29.964001 -16.924999
vt 29.951700 -16.927299
vt 29.959000 -16.920000
vt 29.925800 -17.050301
vt 29.921801 -17.053101
vt 29.925301 -17.053101
vt 29.920099 -17.050301
vt 29.920099 -17.046900
vt 29.925800 -17.046900
vt 29.921801 -17.044100
vt 29.925301 -17.044100
vt 29.950001 -17.073999
vt 29.948700 -17.079901
vt 29.952999 -17.076000
vt 29.952101 -17.079599
vt 29.955099 -17.077801
vt 29.945999 -17.078501
vt 29.947300 -17.072701
vt 29.953899 -17.057699
vt 29.948601 -17.061501
vt 29.953400 -17.061501
vt 29.946301 -17.057699
vt 29.946301 -17.053101
vt 29.953899 -17.053101
vt 29.948601 -17.049299
vt 29.953400 -17.049299
vt 29.930599 -17.073900
vt 29.923800 -17.077700
vt 29.929001 -17.077700
vt 29.922199 -17.073900
vt 29.922199 -17.069300
vt 29.930599 -17.069300
vt 29.923800 -17.065500
vt 29.929001 -17.065500
vt 30.076700 -16.924700
vt 30.077499 -16.913200
vt 30.073299 -16.919701
vt 30.083401 -16.914301
vt 30.089199 -16.917999
vt 30.082500 -16.928400
vt 30.088400 -16.929399
vt 30.092600 -16.923000
vt 29.982901 -16.927200
vt 29.976101 -16.920500
vt 29.978600 -16.928900
vt 29.974400 -16.924801
vt 29.986601 -16.923500
vt 29.979900 -16.916800
vt 29.984100 -16.915100
vt 29.988300 -16.919201
vt 30.059900 -16.934099
vt 30.063000 -16.929800
vt 29.900101 -16.922001
vt 29.891199 -16.913099
vt 29.894501 -16.924299
vt 29.905001 -16.917101
vt 29.889000 -16.918800
vt 29.896099 -16.908199
vt 29.907301 -16.911400
vt 29.901800 -16.906000
vt 29.920601 -17.090200
vt 29.925699 -17.093000
vt 29.926800 -17.090200
vt 29.921801 -17.093000
vt 29.920601 -17.086800
vt 29.926800 -17.086800
vt 29.925699 -17.084000
vt 29.921801 -17.084000
vt 29.921400 -16.929501
vt 29.929899 -16.934200
vt 29.931900 -16.929501
vt 29.923401 -16.934200
vt 29.921400 -16.923599
vt 29.931900 -16.923599
vt 29.929899 -16.918900
vt 29.923401 -16.918900
vt 29.923000 -17.054600
vt 29.917101 -17.053400
vt 29.923800 -17.051399
vt 29.923000 -17.048100
vt 29.949400 -16.939600
vt 29.944401 -16.934601
vt 30.004999 -16.925800
vt 30.002100 -16.921499
vt 30.002100 -16.916201
vt 30.004999 -16.911900
vt 29.934099 -17.081200
vt 29.940901 -17.084900
vt 29.942499 -17.081200
vt 29.935699 -17.084900
vt 29.934099 -17.076500
vt 29.942499 -17.076500
vt 29.940901 -17.072800
vt 29.935699 -17.072800
vt 30.045799 -16.943800
vt 30.036501 -16.936001
vt 30.033899 -16.941000
vt 30.048401 -16.938801
vt 30.040600 -16.930201
vt 30.047899 -16.931900
vt 30.044600 -16.925800
vt 29.953100 -17.088400
vt 29.946301 -17.092699
vt 29.951500 -17.092699
vt 29.944700 -17.088400
vt 29.944700 -17.084101
vt 29.953100 -17.084101
vt 29.992599 -16.939100
vt 29.988899 -16.935400
vt 30.016899 -16.938900
vt 30.013901 -16.935900
vt 30.031799 -16.926901
vt 30.037701 -16.924601
vt 30.103600 -16.943600
vt 30.099899 -16.939899
vt 29.954300 -17.071301
vt 29.955601 -17.074301
vt 45.976898 1.000000
vt 45.983601 0.983648
vt 45.983601 1.016350
vt 46.000000 0.976875
vt 46.016399 1.016350
vt 46.000000 1.023130
vt 46.016399 0.983648
vt 46.023102 1.000000
vt 45.951500 0.983648
vt 46.048500 0.983648
vt 45.951500 1.000000
vt 46.048500 1.000000
vt 45.951500 1.016350
vt 46.048500 1.016350
vt 46.000000 1.023120
vt 17.997000 -6.994890
vt 18.001101 -6.995870
vt 17.996901 -6.994150
vt 18.000601 -6.996390
vt 17.997000 -6.995600
vt 18.002800 -7.000000
vt 18.000099 -6.996880
vt 18.002100 -7.000000
vt 18.001400 -7.000000
vt 18.000099 -7.003120
vt 18.000601 -7.003620
vt 17.997000 -7.004400
vt 17.997000 -7.005110
vt 18.001101 -7.004130
vt 17.996901 -7.005850
vt 18.000700 -7.001110
vt 18.000000 -6.996870
vt 18.000000 -7.001330
vt 18.000700 -6.996900
vt 17.999300 -7.001110
vt 17.999300 -6.996900
vt 17.999300 -6.997050
vt 17.999300 -7.000090
vt 18.000000 -6.999890
vt 18.000000 -6.997080
vt 18.000700 -6.997050
vt 18.000700 -7.000090
vt 18.000700 -7.000000
vt 18.000700 -6.996880
vt 18.000000 -7.000000
vt 17.999300 -7.000000
vt 17.999300 -6.996880
vt 18.000000 -7.002920
vt 18.000700 -7.003120
vt 17.999300 -7.003120
vt 17.998899 -6.995870
vt 18.003000 -6.994890
vt 18.003099 -6.994150
vt 17.999399 -6.996390
vt 18.003000 -6.995600
vt 17.997200 -7.000000
vt 17.999901 -6.996880
vt 17.998899 -7.004130
vt 18.003099 -7.005850
vt 18.003000 -7.005110
vt 17.999399 -7.003620
vt 18.003000 -7.004400
vt 17.997900 -7.000000
vt 17.998600 -7.000000
vt 17.999901 -7.003120
vt 18.000700 -6.995870
vt 18.000000 -6.995650
vt 17.999300 -6.995870
vt 17.999300 -7.004130
vt 18.000000 -7.004350
vt 18.000700 -7.004130
s 1
usemtl Meshpart1Mtl.012
f 1/1/1 2/2/2 3/3/1
f 2/2/2 1/1/1 4/4/2
f 2/2/2 4/4/2 5/5/3
f 5/5/3 6/6/3 2/2/2
f 6/6/3 5/5/3 7/7/4
f 7/7/4 8/8/4 6/6/3
f 9/9/5 10/10/6 11/11/7
f 10/10/6 9/9/5 12/12/8
f 13/13/9 12/12/8 9/9/5
f 14/14/10 13/13/9 9/9/5
f 14/14/10 9/9/5 15/15/11
f 15/15/11 9/9/5 11/11/7
f 16/16/12 19/17/13 17/18/14
f 17/18/14 19/17/13 18/19/15
f 19/17/13 16/16/12 20/20/13
f 20/20/13 16/16/12 21/21/13
f 22/22/13 18/19/15 19/17/13
f 18/19/15 22/22/13 23/23/13
f 24/16/13 25/17/13 26/18/13
f 25/17/13 24/16/13 27/20/13
f 27/20/13 24/16/13 28/21/16
f 26/18/13 29/24/13 24/16/13
f 29/24/13 26/18/13 30/25/13
f 31/26/16 30/25/13 26/18/13
f 26/18/13 32/19/13 31/26/16
f 26/18/13 25/17/13 32/19/13
f 33/22/13 32/19/13 25/17/13
f 32/19/13 33/22/13 34/23/13
f 35/27/17 36/28/17 37/29/17
f 37/29/17 36/28/17 38/30/18
f 37/29/17 38/30/18 39/31/17
f 40/32/17 35/27/17 37/29/17
f 35/27/17 40/32/17 41/33/18
f 41/33/18 40/32/17 42/34/17
f 45/35/19 44/36/20 43/37/21
f 47/38/22 46/39/23 44/36/20
f 44/36/20 45/35/19 47/38/22
f 46/39/23 47/38/22 48/40/24
f 45/35/19 49/41/12 47/38/22
f 47/38/22 50/42/25 48/40/24
f 49/41/12 50/42/25 47/38/22
f 50/42/25 51/43/26 48/40/24
f 52/44/27 53/45/28 54/46/27
f 53/45/28 52/44/27 55/47/29
f 55/47/29 56/48/30 53/45/28
f 56/48/30 55/47/29 57/49/30
f 58/50/22 59/51/22 60/52/22
f 58/50/22 60/52/22 61/53/22
f 61/53/22 62/54/22 58/50/22
f 62/54/22 61/53/22 63/55/22
f 64/56/22 63/55/22 61/53/22
f 61/53/22 65/57/22 64/56/22
f 60/52/22 65/57/22 61/53/22
f 65/57/22 60/52/22 66/58/22
f 67/59/22 68/36/22 69/60/30
f 68/36/22 70/39/30 69/60/30
f 71/37/31 68/36/22 67/59/22
f 72/61/27 71/37/31 67/59/22
f 75/62/22 73/63/30 74/43/30
f 76/42/22 75/62/22 74/43/30
f 77/64/31 75/62/22 76/42/22
f 78/41/31 77/64/31 76/42/22
f 79/65/32 80/66/33 81/67/34
f 80/66/33 82/68/34 81/67/34
f 83/69/35 84/70/35 85/71/35
f 84/70/35 83/69/35 86/72/35
f 85/71/35 84/70/35 87/73/35
f 87/73/35 84/70/35 88/74/35
f 89/75/35 90/76/35 91/77/35
f 91/77/35 92/78/35 89/75/35
f 93/79/36 91/77/35 90/76/35
f 93/79/36 94/80/35 91/77/35
f 95/81/37 94/80/35 93/79/36
f 94/80/35 95/81/37 96/82/35
f 97/83/30 98/84/30 99/85/35
f 100/86/35 99/85/35 98/84/30
f 99/85/35 100/86/35 101/87/38
f 102/88/38 101/87/38 100/86/35
f 104/89/30 105/90/39 103/91/30
f 105/90/39 104/89/30 106/92/39
f 106/92/39 107/93/40 105/90/39
f 107/93/40 106/92/39 108/94/41
f 109/95/42 107/93/40 108/94/41
f 109/95/42 110/96/42 107/93/40
f 108/94/41 111/97/35 109/95/42
f 112/98/42 109/95/42 111/97/35
f 113/99/43 112/98/42 111/97/35
f 112/98/42 113/99/43 114/100/42
f 115/101/44 114/100/42 113/99/43
f 115/101/44 113/99/43 116/102/45
f 113/99/43 117/103/39 116/102/45
f 117/103/39 113/99/43 118/104/46
f 118/104/46 119/105/30 117/103/39
f 119/105/30 118/104/46 120/106/30
f 122/107/47 121/108/48 123/109/49
f 123/109/49 124/110/50 122/107/47
f 125/111/51 124/110/50 123/109/49
f 124/110/50 125/111/51 126/112/51
f 126/112/51 125/111/51 127/113/52
f 127/113/52 128/114/53 126/112/51
f 129/115/54 130/116/54 131/117/54
f 129/115/54 131/117/54 132/118/55
f 129/115/54 132/118/55 133/119/54
f 134/120/54 130/116/54 129/115/54
f 130/116/54 134/120/54 135/121/55
f 135/121/55 134/120/54 136/122/54
f 137/19/56 138/17/56 139/22/56
f 137/19/56 139/22/56 140/23/56
f 141/18/56 138/17/56 137/19/56
f 142/26/56 141/18/56 137/19/56
f 141/18/56 142/26/56 143/25/56
f 144/24/56 141/18/56 143/25/56
f 141/18/56 144/24/56 145/16/56
f 145/16/56 138/17/56 141/18/56
f 138/17/56 145/16/56 146/20/56
f 146/20/56 145/16/56 147/21/57
f 148/26/56 149/18/56 150/19/56
f 149/18/56 148/26/56 151/25/56
f 152/24/56 149/18/56 151/25/56
f 149/18/56 152/24/56 153/16/56
f 154/19/58 155/17/56 156/22/56
f 154/19/58 156/22/56 157/23/56
f 158/18/59 155/17/56 154/19/58
f 159/16/23 155/17/56 158/18/59
f 155/17/56 159/16/23 160/20/56
f 160/20/56 159/16/23 161/21/56
f 162/1/60 163/123/61 164/124/62
f 162/1/60 164/124/62 165/3/63
f 166/125/64 164/124/62 163/123/61
f 164/124/62 166/125/64 167/126/64
f 168/127/65 167/126/64 166/125/64
f 167/126/64 168/127/65 169/128/65
f 170/129/66 171/130/67 172/131/68
f 170/129/66 172/131/68 173/132/66
f 174/133/6 177/134/69 175/135/70
f 177/134/69 176/136/11 175/135/70
f 177/134/69 174/133/6 178/137/71
f 176/136/11 177/134/69 179/138/72
f 180/139/73 177/134/69 178/137/71
f 180/139/73 179/138/72 177/134/69
f 180/139/73 178/137/71 181/140/74
f 179/138/72 180/139/73 182/141/75
f 183/142/76 184/143/76 185/144/77
f 187/145/78 185/144/77 184/143/76
f 185/144/77 187/145/78 188/146/79
f 186/147/38 188/146/79 187/145/78
f 189/148/44 192/149/73 190/150/80
f 193/151/73 191/152/81 192/149/73
f 192/149/73 189/148/44 193/151/73
f 191/152/81 193/151/73 194/153/82
f 193/151/73 189/148/44 195/154/44
f 194/153/82 193/151/73 196/155/73
f 196/155/73 193/151/73 195/154/44
f 197/156/82 194/153/82 196/155/73
f 198/157/44 196/155/73 195/154/44
f 200/158/73 197/156/82 196/155/73
f 196/155/73 198/157/44 200/158/73
f 197/156/82 200/158/73 199/159/83
f 201/160/44 200/158/73 198/157/44
f 200/158/73 201/160/44 202/161/73
f 202/161/73 199/159/83 200/158/73
f 199/159/83 202/161/73 203/162/84
f 204/163/85 205/164/86 206/165/85
f 206/165/85 205/164/86 207/166/86
f 208/167/87 209/168/87 210/169/87
f 209/168/87 208/167/87 211/170/87
f 208/167/87 212/171/87 211/170/87
f 212/171/87 208/167/87 213/172/87
f 214/173/88 215/174/87 216/175/87
f 215/174/87 214/173/88 217/176/88
f 214/173/88 218/177/89 217/176/88
f 218/177/89 214/173/88 219/178/88
f 219/178/88 220/179/90 218/177/89
f 220/179/90 219/178/88 221/180/91
f 222/181/31 223/182/31 224/183/88
f 225/184/87 224/183/88 223/182/31
f 224/183/88 225/184/87 226/185/92
f 227/186/76 226/185/92 225/184/87
f 229/187/31 230/188/93 228/189/31
f 230/188/93 229/187/31 231/190/94
f 231/190/94 232/191/95 230/188/93
f 232/191/95 231/190/94 233/192/96
f 233/192/96 234/193/83 232/191/95
f 232/191/95 234/193/83 235/194/84
f 235/194/84 236/195/84 232/191/95
f 237/196/87 232/191/95 236/195/84
f 238/197/84 237/196/87 236/195/84
f 241/198/31 242/199/93 240/200/31
f 242/199/93 241/198/31 243/201/97
f 243/201/97 244/202/96 242/199/93
f 244/202/96 238/197/84 239/203/84
f 244/202/96 243/201/97 245/204/95
f 238/197/84 244/202/96 245/204/95
f 237/196/87 238/197/84 245/204/95
f 247/205/98 248/206/99 246/207/100
f 248/206/99 247/205/98 249/208/99
f 249/208/99 250/209/101 248/206/99
f 250/209/101 249/208/99 251/210/101
f 251/210/101 252/211/102 250/209/101
f 252/211/102 251/210/101 253/212/102
usemtl Meshpart2Mtl.010
f 254/213/103 256/214/104 255/215/105
f 256/214/104 254/213/103 257/216/106
f 258/217/107 256/214/104 257/216/106
f 256/214/104 258/217/107 259/218/108
f 260/216/109 261/219/110 262/220/111
f 263/221/112 260/216/109 262/220/111
f 261/219/110 260/216/109 264/213/103
f 265/217/107 260/216/109 263/221/112
f 266/222/22 267/223/22 268/224/22
f 266/222/22 269/225/22 267/223/22
f 267/223/22 269/225/22 270/226/22
f 269/225/22 266/222/22 271/227/22
f 271/227/22 266/222/22 272/228/22
f 269/225/22 271/227/22 273/229/22
f 274/213/107 276/214/113 275/215/114
f 276/214/113 274/213/107 277/216/115
f 278/217/116 276/214/113 277/216/115
f 276/214/113 278/217/116 279/218/117
f 280/219/112 282/216/118 281/213/107
f 282/216/118 280/219/112 283/220/119
f 284/221/120 282/216/118 283/220/119
f 285/217/116 282/216/118 284/221/120
f 286/213/121 288/214/122 287/215/123
f 288/214/122 286/213/121 289/216/124
f 290/217/125 288/214/122 289/216/124
f 288/214/122 290/217/125 291/218/126
f 292/219/127 294/216/128 293/213/121
f 294/216/128 292/219/127 295/220/129
f 296/221/130 294/216/128 295/220/129
f 297/217/125 294/216/128 296/221/130
f 298/230/73 299/231/73 300/232/73
f 299/231/73 298/230/73 301/233/73
f 301/233/73 298/230/73 302/234/73
f 303/235/73 299/231/73 301/233/73
f 299/231/73 303/235/73 304/236/73
f 299/231/73 304/236/73 305/237/73
f 306/217/131 307/214/132 308/216/133
f 307/214/132 306/217/131 309/218/105
f 311/215/134 310/213/125 312/214/135
f 313/216/133 312/214/135 310/213/125
f 315/217/131 316/216/133 314/221/136
f 317/220/137 314/221/136 316/216/133
f 318/219/138 320/216/139 319/213/125
f 320/216/139 318/219/138 321/220/137
usemtl Meshpart3Mtl.006
f 322/238/140 324/239/141 323/240/142
f 324/239/141 322/238/140 325/241/143
f 326/242/144 325/241/143 322/238/140
f 325/241/143 326/242/144 327/243/145
f 328/244/146 325/241/143 327/243/145
f 329/245/147 325/241/143 328/244/146
f 324/239/141 329/245/147 330/246/148
f 329/245/147 324/239/141 325/241/143
f 331/247/13 332/248/13 333/249/13
f 334/250/13 332/248/13 331/247/13
f 334/250/13 335/251/13 332/248/13
f 335/251/13 334/250/13 336/252/13
f 336/252/13 334/250/13 337/253/13
f 336/252/13 337/253/13 338/254/13
f 339/255/13 340/256/13 341/257/13
f 339/255/13 341/257/13 342/258/13
f 340/256/13 339/255/13 343/259/13
f 339/255/13 344/260/13 343/259/13
f 343/259/13 345/261/13 340/256/13
f 345/261/13 343/259/13 346/262/13
f 347/263/149 349/264/22 348/265/150
f 349/264/22 347/263/149 350/266/151
f 350/266/151 351/267/152 349/264/22
f 352/268/153 350/266/151 347/263/149
f 350/266/151 352/268/153 353/269/154
f 354/270/155 350/266/151 353/269/154
f 354/270/155 355/271/156 350/266/151
f 351/267/152 350/266/151 355/271/156
f 358/272/22 357/273/30 356/274/30
f 357/273/30 358/272/22 359/275/22
f 359/275/22 358/272/22 360/276/31
f 361/277/31 360/276/31 358/272/22
f 362/278/22 363/279/22 364/280/22
f 362/278/22 364/280/22 365/281/22
f 363/279/22 362/278/22 366/282/22
f 366/282/22 362/278/22 367/283/22
f 363/279/22 366/282/22 368/284/22
f 368/284/22 366/282/22 369/285/22
f 375/286/35 373/287/157 374/288/158
f 373/287/157 376/289/159 372/290/160
f 373/287/157 375/286/35 376/289/159
f 377/291/161 372/290/160 376/289/159
f 376/289/159 371/292/162 377/291/161
f 370/293/163 376/289/159 375/286/35
f 371/292/162 376/289/159 378/294/164
f 376/289/159 370/293/163 378/294/164
f 383/295/165 381/296/166 382/297/167
f 384/298/168 380/299/169 381/296/166
f 381/296/166 383/295/165 384/298/168
f 380/299/169 384/298/168 385/300/170
f 384/298/168 379/301/171 385/300/170
f 384/298/168 383/295/165 386/302/172
f 379/301/171 384/298/168 386/302/172
f 386/302/172 383/295/165 387/303/173
f 388/304/30 389/305/35 390/306/35
f 389/305/35 391/307/38 390/306/35
f 389/305/35 388/304/30 392/308/30
f 391/307/38 389/305/35 393/309/38
f 394/257/56 395/255/56 396/256/56
f 395/255/56 394/257/56 397/258/56
f 396/256/56 395/255/56 398/262/56
f 396/256/56 398/262/56 399/261/56
f 398/262/56 395/255/56 400/259/56
f 400/259/56 395/255/56 401/260/56
f 405/239/174 403/245/175 404/246/176
f 403/245/175 406/241/177 402/244/178
f 403/245/175 405/239/174 406/241/177
f 407/243/179 402/244/178 406/241/177
f 406/241/177 408/242/169 407/243/179
f 406/241/177 405/239/174 409/238/180
f 408/242/169 406/241/177 409/238/180
f 410/240/181 409/238/180 405/239/174
f 411/310/56 412/311/56 413/312/56
f 411/310/56 414/313/56 412/311/56
f 415/314/56 414/313/56 411/310/56
f 414/313/56 415/314/56 416/315/56
f 416/315/56 417/316/56 414/313/56
f 417/316/56 416/315/56 418/317/56
f 419/318/73 420/319/73 421/320/73
f 420/319/73 419/318/73 422/321/73
f 422/321/73 419/318/73 423/322/73
f 422/321/73 424/323/73 420/319/73
f 420/319/73 424/323/73 425/324/73
f 424/323/73 422/321/73 426/325/73
f 428/326/182 430/327/183 427/328/184
f 428/326/182 429/329/185 430/327/183
f 431/272/186 427/328/184 430/327/183
f 432/330/187 430/327/183 429/329/185
f 430/327/183 433/331/188 431/272/186
f 430/327/183 432/330/187 434/332/157
f 433/331/188 430/327/183 434/332/157
f 435/333/189 434/332/157 432/330/187
f 437/334/38 438/269/190 436/335/38
f 438/269/190 437/334/38 439/336/187
f 439/336/187 440/337/76 438/269/190
f 440/337/76 439/336/187 441/338/76
f 442/339/191 443/340/192 444/341/193
f 445/342/87 444/341/193 443/340/192
f 442/339/191 444/341/193 446/343/194
f 447/306/195 446/343/194 444/341/193
f 444/341/193 448/344/196 447/306/195
f 444/341/193 445/342/87 449/345/197
f 448/344/196 444/341/193 449/345/197
f 450/346/198 449/345/197 445/342/87
f 451/347/199 452/348/140 453/349/200
f 452/348/140 451/347/199 454/350/201
f 452/348/140 454/350/201 455/351/144
f 456/352/202 455/351/144 454/350/201
f 454/350/201 457/353/203 456/352/202
f 451/347/199 458/354/204 454/350/201
f 457/353/203 454/350/201 458/354/204
f 459/355/205 458/354/204 451/347/199
f 462/356/31 464/357/88 460/358/31
f 463/359/76 465/291/89 461/360/76
f 464/357/88 462/356/31 465/291/89
f 465/291/89 463/359/76 464/357/88
usemtl Meshpart4Mtl.005
f 466/361/13 467/362/13 468/363/13
f 467/362/13 466/361/13 469/364/13
f 466/361/13 468/363/13 470/365/13
f 470/365/13 468/363/13 471/366/13
f 472/367/13 469/364/13 466/361/13
f 469/364/13 472/367/13 473/368/13
f 474/369/206 476/370/207 475/371/208
f 476/370/207 474/369/206 477/372/209
f 478/373/210 476/370/207 477/372/209
f 476/370/207 478/373/210 479/374/211
f 482/372/209 480/375/212 481/373/213
f 480/375/212 482/372/209 483/376/214
f 482/372/209 484/377/215 483/376/214
f 484/377/215 482/372/209 485/369/216
f 486/378/217 487/379/218 488/380/219
f 488/380/219 487/379/218 489/376/35
f 490/381/210 492/376/37 491/382/220
f 493/380/219 492/376/37 490/381/210
f 494/380/219 495/383/221 496/370/222
f 495/383/221 494/380/219 497/381/210
f 500/380/219 498/384/223 499/378/217
f 498/384/223 500/380/219 501/370/222
f 502/385/56 503/386/56 504/387/56
f 503/386/56 502/385/56 505/388/56
f 506/389/56 505/388/56 502/385/56
f 505/388/56 506/389/56 507/390/56
f 507/390/56 508/391/56 505/388/56
f 508/391/56 507/390/56 509/392/56
f 510/393/217 512/376/190 511/394/224
f 513/380/225 512/376/190 510/393/217
f 514/395/226 512/376/190 513/380/225
f 512/376/190 514/395/226 515/396/227
f 518/380/225 516/397/228 517/395/229
f 516/397/228 518/380/225 519/370/230
f 518/380/225 520/398/231 521/370/232
f 520/398/231 518/380/225 522/393/217
f 525/372/233 524/399/234 523/400/235
f 524/399/234 525/372/233 526/370/90
f 527/401/236 526/370/90 525/372/233
f 526/370/90 527/401/236 528/402/237
f 531/372/238 529/403/239 530/401/216
f 529/403/239 531/372/238 532/376/240
f 531/372/238 533/404/241 532/376/240
f 533/404/241 531/372/238 534/400/229
f 2337/1740/1026 2338/1741/16 2339/1742/16
f 2340/1743/13 2339/1742/16 2338/1741/16
f 2339/1742/16 2340/1743/13 2341/1744/13
f 2339/1742/16 2341/1744/13 2342/1745/13
f 2343/1746/13 2341/1744/13 2340/1743/13
f 2341/1744/13 2343/1746/13 2344/1747/13
f 2346/1748/30 2345/1749/1027 2347/1750/277
f 2347/1750/277 2345/1749/1027 2348/1751/22
f 2347/1750/277 2348/1751/22 2349/1752/31
f 2349/1752/31 2348/1751/22 2350/1753/31
f 2351/1751/35 2352/1748/30 2353/1749/30
f 2352/1748/30 2351/1751/35 2354/1750/35
f 2357/1750/36 2356/1753/38 2355/1752/38
f 2356/1753/38 2357/1750/36 2358/1751/35
f 2359/1740/56 2360/1754/56 2361/1742/56
f 2359/1740/56 2362/1746/56 2360/1754/56
f 2362/1746/56 2363/1744/57 2360/1754/56
f 2363/1744/57 2362/1746/56 2364/1747/56
f 2362/1746/56 2359/1740/56 2365/1741/56
f 2362/1746/56 2365/1741/56 2366/1743/56
f 2369/1750/73 2367/1753/76 2368/1752/76
f 2367/1753/76 2369/1750/73 2370/1751/187
f 2371/1748/38 2370/1751/187 2369/1750/73
f 2370/1751/187 2371/1748/38 2372/1749/38
f 2373/1748/31 2374/1749/31 2375/1750/88
f 2375/1750/88 2374/1749/31 2376/1751/89
f 2375/1750/88 2376/1751/89 2377/1752/76
f 2377/1752/76 2376/1751/89 2378/1753/76
usemtl Meshpart5Mtl.001
f 535/405/13 536/406/13 537/407/13
f 538/408/13 537/407/13 536/406/13
f 536/406/13 535/405/13 539/409/13
f 537/407/13 538/408/13 540/410/13
f 535/405/13 541/411/13 539/409/13
f 542/412/13 540/410/13 538/408/13
f 535/405/13 543/413/13 541/411/13
f 540/410/13 542/412/13 544/414/13
f 545/415/13 541/411/13 543/413/13
f 546/416/13 544/414/13 542/412/13
f 541/411/13 545/415/13 547/417/13
f 544/414/13 546/416/13 548/418/13
f 549/419/13 547/417/13 545/415/13
f 546/416/13 550/420/13 548/418/13
f 545/415/13 550/420/13 549/419/13
f 550/420/13 546/416/13 549/419/13
f 553/417/242 552/409/243 551/411/244
f 556/412/245 553/417/242 554/419/246
f 556/412/245 554/419/246 555/416/14
f 553/417/242 556/412/245 552/409/243
f 556/412/245 558/406/247 552/409/243
f 558/406/247 556/412/245 557/408/248
f 559/421/249 560/422/250 561/423/251
f 562/424/252 561/423/251 560/422/250
f 563/425/253 561/423/251 562/424/252
f 561/423/251 565/426/254 559/421/249
f 564/427/255 559/421/249 565/426/254
f 561/423/251 563/425/253 566/428/256
f 566/428/256 565/426/254 561/423/251
f 565/426/254 566/428/256 567/429/257
f 568/430/13 569/431/13 570/432/13
f 569/431/13 568/430/13 571/433/13
f 568/430/13 570/432/13 572/434/13
f 570/432/13 569/431/13 573/435/13
f 573/435/13 569/431/13 574/436/13
f 570/432/13 573/435/13 575/437/16
f 576/438/258 577/439/258 578/440/16
f 579/441/16 578/440/16 577/439/258
f 578/440/16 579/441/16 580/442/259
f 581/443/259 580/442/259 579/441/16
f 584/444/13 583/445/258 582/446/260
f 584/444/13 585/441/13 583/445/258
f 584/444/13 586/447/259 585/441/13
f 586/447/259 584/444/13 587/448/261
f 588/449/262 589/450/263 590/451/258
f 589/450/263 588/449/262 591/452/251
f 588/449/262 592/453/264 591/452/251
f 593/454/265 588/449/262 590/451/258
f 588/449/262 593/454/265 594/455/266
f 595/456/267 588/449/262 594/455/266
f 588/449/262 595/456/267 596/457/259
f 592/453/264 588/449/262 596/457/259
f 599/458/268 598/459/269 597/460/270
f 598/459/269 599/458/268 600/461/271
f 600/461/271 601/462/272 598/459/269
f 601/462/272 603/463/273 602/464/274
f 601/462/272 600/461/271 604/465/275
f 603/463/273 601/462/272 604/465/275
f 606/466/31 607/467/25 605/468/276
f 607/467/25 606/466/31 608/469/277
f 608/469/277 609/470/278 607/467/25
f 609/470/278 608/469/277 610/471/30
f 612/472/254 614/473/279 611/474/280
f 616/475/281 615/476/282 614/473/279
f 614/473/279 612/472/254 616/475/281
f 615/476/282 616/475/281 617/477/283
f 617/477/283 616/475/281 618/478/284
f 613/479/285 619/480/286 612/472/254
f 616/475/281 612/472/254 619/480/286
f 619/480/286 618/478/284 616/475/281
f 620/481/22 621/482/22 622/483/22
f 621/482/22 623/484/22 622/483/22
f 621/482/22 620/481/22 624/485/22
f 623/484/22 621/482/22 625/486/22
f 626/487/22 624/485/22 620/481/22
f 627/488/22 623/484/22 625/486/22
f 624/485/22 626/487/22 628/489/22
f 625/486/22 629/490/22 627/488/22
f 626/487/22 630/491/22 628/489/22
f 631/492/22 627/488/22 629/490/22
f 630/491/22 626/487/22 632/493/22
f 627/488/22 631/492/22 633/494/22
f 632/493/22 634/495/22 630/491/22
f 634/495/22 633/494/22 631/492/22
f 632/493/22 635/496/22 634/495/22
f 633/494/22 634/495/22 635/496/22
f 636/495/22 637/490/22 638/489/22
f 637/490/22 636/495/22 639/492/22
f 636/495/22 638/489/22 640/491/22
f 637/490/22 641/482/22 638/489/22
f 638/489/22 641/482/22 642/485/22
f 641/482/22 637/490/22 643/486/22
f 644/497/207 645/498/207 646/499/30
f 645/498/207 647/500/30 646/499/30
f 648/501/287 645/498/207 644/497/207
f 649/502/31 648/501/287 644/497/207
f 650/469/207 651/503/207 652/504/30
f 651/503/207 653/505/30 652/504/30
f 654/506/31 651/503/207 650/469/207
f 655/507/31 654/506/31 650/469/207
f 656/508/22 657/509/22 658/510/22
f 657/509/22 656/508/22 659/511/22
f 656/508/22 658/510/22 660/512/22
f 657/509/22 661/513/22 658/510/22
f 658/510/22 661/513/22 662/514/22
f 661/513/22 657/509/22 663/515/22
f 664/516/288 665/517/270 666/518/289
f 666/518/289 668/519/290 664/516/288
f 670/520/291 669/521/271 667/522/292
f 669/521/271 670/520/291 671/523/293
f 668/519/290 666/518/289 672/524/272
f 668/519/290 672/524/272 673/525/294
f 672/524/272 674/526/295 673/525/294
f 674/526/295 672/524/272 675/527/274
f 671/523/293 677/528/275 669/521/271
f 677/528/275 671/523/293 678/529/296
f 677/528/275 679/530/297 676/531/298
f 679/530/297 677/528/275 678/529/296
f 681/532/278 682/533/30 683/534/248
f 684/535/299 683/534/248 682/533/30
f 683/534/248 684/535/299 685/536/300
f 680/537/38 685/536/300 684/535/299
f 688/538/301 687/539/256 686/540/253
f 687/539/256 688/538/301 689/541/302
f 690/542/303 689/541/302 688/538/301
f 689/541/302 691/543/304 687/539/256
f 689/541/302 690/542/303 692/544/305
f 692/544/305 693/545/306 689/541/302
f 691/543/304 689/541/302 693/545/306
f 693/545/306 692/544/305 694/546/307
f 694/546/307 695/547/308 693/545/306
f 695/547/308 696/548/309 697/549/310
f 693/545/306 695/547/308 697/549/310
f 697/549/310 696/548/309 698/550/311
f 693/545/306 697/549/310 691/543/304
f 691/543/304 697/549/310 700/551/312
f 697/549/310 698/550/311 700/551/312
f 700/551/312 698/550/311 699/552/284
f 701/553/313 702/554/313 703/555/35
f 703/555/35 702/554/313 704/556/35
f 703/555/35 704/556/35 705/557/314
f 705/557/314 704/556/35 706/558/314
f 707/559/35 708/560/35 709/561/35
f 708/560/35 707/559/35 710/562/35
f 709/561/35 708/560/35 711/563/35
f 712/564/35 709/561/35 711/563/35
f 712/564/35 713/565/35 709/561/35
f 713/565/35 712/564/35 714/566/35
f 716/567/30 717/568/36 715/569/30
f 717/568/36 716/567/30 718/570/35
f 718/570/35 719/571/38 717/568/36
f 719/571/38 718/570/35 720/572/38
f 721/573/315 722/556/35 723/574/313
f 722/556/35 721/573/315 724/575/35
f 722/556/35 724/575/35 725/576/316
f 725/576/316 726/577/317 722/556/35
f 727/578/318 729/579/35 728/580/314
f 729/579/35 727/578/318 730/581/319
f 729/579/35 731/582/320 728/580/314
f 731/582/320 729/579/35 732/583/321
f 733/584/322 729/579/35 730/581/319
f 734/585/323 732/583/321 729/579/35
f 729/579/35 733/584/322 735/586/313
f 734/585/323 729/579/35 735/586/313
f 737/587/30 738/535/299 736/588/30
f 738/535/299 737/587/30 739/589/324
f 739/589/324 740/590/38 738/535/299
f 740/590/38 739/589/324 741/591/38
f 742/592/325 743/424/326 744/425/327
f 743/424/326 742/592/325 745/593/328
f 743/424/326 747/594/329 746/422/303
f 747/594/329 743/424/326 745/593/328
f 745/593/328 748/595/330 747/594/329
f 748/595/330 745/593/328 749/596/331
f 745/593/328 750/597/332 749/596/331
f 750/597/332 745/593/328 742/592/325
f 751/442/313 753/441/56 752/443/313
f 753/441/56 751/442/313 754/440/333
f 754/440/333 755/439/334 753/441/56
f 755/439/334 754/440/333 756/438/334
f 758/447/313 759/444/56 757/448/335
f 759/444/56 758/447/313 760/441/56
f 761/445/334 759/444/56 760/441/56
f 761/445/334 762/446/336 759/444/56
f 769/449/56 768/451/337 766/454/338
f 769/449/56 767/450/339 768/451/337
f 766/454/338 770/455/340 769/449/56
f 764/456/323 769/449/56 770/455/340
f 769/449/56 764/456/323 765/457/313
f 769/449/56 765/457/313 763/453/322
f 767/450/339 769/449/56 771/452/341
f 763/453/322 771/452/341 769/449/56
f 772/435/56 773/432/56 774/431/56
f 773/432/56 772/435/56 775/437/57
f 772/435/56 774/431/56 776/436/56
f 774/431/56 773/432/56 777/430/56
f 777/430/56 773/432/56 778/434/56
f 774/431/56 777/430/56 779/433/56
f 780/405/56 781/598/56 782/407/56
f 781/598/56 783/410/56 782/407/56
f 781/598/56 780/405/56 784/599/56
f 783/410/56 781/598/56 785/600/56
f 786/601/56 784/599/56 780/405/56
f 787/602/57 783/410/56 785/600/56
f 786/601/56 780/405/56 788/413/56
f 783/410/56 787/602/57 789/414/57
f 788/413/56 790/603/56 786/601/56
f 791/604/56 789/414/57 787/602/57
f 788/413/56 792/415/56 790/603/56
f 789/414/57 791/604/56 793/418/56
f 792/415/56 794/605/56 790/603/56
f 791/604/56 795/420/56 793/418/56
f 792/415/56 795/420/56 794/605/56
f 795/420/56 791/604/56 794/605/56
f 796/606/76 797/607/342 798/608/190
f 799/609/343 798/608/190 797/607/342
f 798/608/190 799/609/343 800/610/79
f 801/611/247 800/610/79 799/609/343
f 804/612/344 805/613/345 803/614/346
f 805/613/345 802/615/330 803/614/346
f 805/613/345 804/612/344 806/616/347
f 806/616/347 807/617/348 805/613/345
f 807/617/348 806/616/347 808/618/349
f 807/617/348 809/619/308 805/613/345
f 802/615/330 805/613/345 809/619/308
f 809/619/308 807/617/348 810/620/350
f 811/621/73 812/622/73 813/623/73
f 811/621/73 814/624/73 812/622/73
f 812/622/73 814/624/73 815/625/73
f 814/624/73 811/621/73 816/626/73
f 816/626/73 811/621/73 817/627/73
f 814/624/73 816/626/73 818/628/73
f 820/629/79 822/630/73 819/631/38
f 822/630/73 820/629/79 824/632/190
f 823/633/351 824/632/190 821/634/351
f 824/632/190 823/633/351 822/630/73
f 825/635/352 826/636/353 827/637/354
f 826/636/353 825/635/352 828/638/355
f 826/636/353 828/638/355 829/639/356
f 827/637/354 826/636/353 830/640/357
f 831/641/358 827/637/354 830/640/357
f 830/640/357 832/642/359 831/641/358
f 832/642/359 830/640/357 833/643/360
f 833/643/360 830/640/357 834/644/361
f 835/645/362 834/644/361 830/640/357
f 830/640/357 826/636/353 835/645/362
f 834/644/361 835/645/362 836/646/363
f 837/647/364 836/646/363 835/645/362
f 835/645/362 838/648/365 837/647/364
f 826/636/353 839/649/366 835/645/362
f 838/648/365 835/645/362 839/649/366
f 826/636/353 829/639/356 839/649/366
f 839/649/366 840/650/367 838/648/365
f 839/649/366 829/639/356 840/650/367
f 842/651/38 844/608/190 841/652/38
f 844/608/190 842/651/38 846/653/190
f 845/654/76 846/653/190 843/655/76
f 846/653/190 845/654/76 844/608/190
f 847/656/73 848/657/368 849/658/369
f 850/659/370 847/656/73 849/658/369
f 848/657/368 851/660/73 849/658/369
f 851/660/73 850/659/370 849/658/369
f 848/657/368 852/661/371 851/660/73
f 850/659/370 851/660/73 853/662/372
f 854/663/373 851/660/73 852/661/371
f 851/660/73 855/664/374 853/662/372
f 851/660/73 854/663/373 856/665/375
f 851/660/73 856/665/375 855/664/374
f 854/663/373 857/666/73 856/665/375
f 857/666/73 855/664/374 856/665/375
f 859/667/342 858/668/76 860/669/376
f 861/670/87 860/669/376 858/668/76
f 860/669/376 861/670/87 862/671/377
f 863/672/31 862/671/377 861/670/87
f 864/673/378 865/674/379 866/675/380
f 866/675/380 865/674/379 867/676/381
f 866/675/380 867/676/381 868/677/382
f 868/677/382 867/676/381 869/678/250
f 866/675/380 870/679/383 864/673/378
f 868/677/382 871/680/384 866/675/380
f 870/679/383 866/675/380 871/680/384
f 872/681/385 864/673/378 870/679/383
f 870/679/383 873/682/386 872/681/385
f 873/682/386 870/679/383 874/683/387
f 871/680/384 874/683/387 870/679/383
f 874/683/387 875/684/349 873/682/386
f 875/684/349 874/683/387 876/685/388
f 877/686/389 876/685/388 874/683/387
f 874/683/387 871/680/384 877/686/389
f 876/685/388 877/686/389 878/687/282
f 879/688/337 880/689/337 881/690/87
f 881/690/87 880/689/337 883/691/87
f 881/690/87 883/691/87 884/692/259
f 884/692/259 883/691/87 882/693/259
f 885/694/88 886/695/87 887/696/89
f 886/695/87 885/694/88 888/697/87
f 887/696/89 889/698/88 885/694/88
f 887/696/89 890/699/87 889/698/88
f 891/700/87 890/699/87 887/696/89
f 890/699/87 891/700/87 892/701/87
f 894/702/31 895/703/89 893/704/31
f 895/703/89 894/702/31 896/705/88
f 896/705/88 897/706/76 895/703/89
f 897/706/76 896/705/88 898/707/76
f 901/690/87 900/708/390 899/709/337
f 900/708/390 901/690/87 903/710/87
f 901/690/87 904/711/391 903/710/87
f 904/711/391 901/690/87 902/712/259
f 908/713/392 907/714/259 906/715/393
f 908/713/392 905/716/264 907/714/259
f 908/713/392 906/715/393 909/717/394
f 905/716/264 908/713/392 910/718/395
f 911/719/396 908/713/392 909/717/394
f 912/720/397 910/718/395 908/713/392
f 908/713/392 911/719/396 913/721/337
f 912/720/397 908/713/392 913/721/337
f 915/722/31 916/723/87 914/724/31
f 916/723/87 915/722/31 917/670/87
f 917/670/87 918/725/76 916/723/87
f 918/725/76 917/670/87 919/726/76
usemtl Bobas1Mtl
f 920/727/398 921/728/399 922/729/400
f 923/730/401 922/729/400 921/728/399
f 921/728/399 920/727/398 924/731/402
f 926/732/403 925/733/404 920/727/405
f 929/734/406 928/735/407 927/736/408
f 928/735/407 929/734/406 930/737/409
f 929/734/406 931/738/410 930/737/409
f 932/739/411 933/728/412 934/731/413
f 933/728/412 932/739/411 935/740/414
f 936/730/415 933/728/412 935/740/414
f 937/741/416 939/742/417 938/743/418
f 939/742/417 937/741/416 940/744/419
f 940/744/419 941/745/420 939/742/417
f 941/745/420 940/744/419 942/746/421
f 942/746/421 943/747/422 941/745/420
f 944/748/423 945/749/424 946/750/425
f 947/751/426 946/750/425 945/749/424
f 944/748/423 946/750/425 948/752/427
f 946/750/425 947/751/426 949/753/428
f 950/754/429 949/753/428 947/751/426
f 949/753/428 950/754/429 951/755/430
f 952/756/431 953/757/432 954/758/433
f 953/757/432 952/756/431 955/759/434
f 952/756/431 956/760/435 955/759/434
f 957/761/436 956/760/435 952/756/431
f 956/760/435 957/761/436 958/762/437
f 958/762/437 957/761/436 959/763/438
f 960/764/439 961/765/440 962/766/441
f 962/766/441 961/765/440 963/767/442
f 960/764/439 964/768/443 961/765/440
f 965/769/444 964/768/443 960/764/439
f 966/770/445 964/768/443 965/769/444
f 964/768/443 966/770/445 967/771/446
f 968/772/439 969/773/447 970/774/441
f 970/774/441 969/773/447 971/775/442
f 968/772/439 972/776/448 969/773/447
f 973/777/444 972/776/448 968/772/439
f 974/778/449 972/776/448 973/777/444
f 972/776/448 974/778/449 975/779/446
f 976/780/439 977/781/440 978/782/441
f 978/782/441 977/781/440 979/783/442
f 976/780/439 980/784/443 977/781/440
f 981/785/444 980/784/443 976/780/439
f 982/786/450 980/784/443 981/785/444
f 980/784/443 982/786/450 983/787/446
f 984/788/405 985/789/399 986/790/400
f 987/791/401 986/790/400 985/789/399
f 985/789/399 984/788/405 988/792/451
f 989/793/452 988/792/451 984/788/405
f 990/794/453 991/795/454 992/796/455
f 992/796/455 991/795/454 993/797/456
f 994/798/457 991/795/454 990/794/453
f 991/795/454 994/798/457 995/799/458
f 996/800/439 997/801/440 998/802/459
f 998/802/459 997/801/440 999/803/442
f 996/800/439 1000/804/443 997/801/440
f 1001/805/444 1000/804/443 996/800/439
f 1002/806/460 1000/804/443 1001/805/444
f 1000/804/443 1002/806/460 1003/807/446
f 1004/795/454 1005/808/461 1006/797/456
f 1005/808/461 1004/795/454 1007/809/462
f 1004/795/454 1008/810/463 1007/809/462
f 1009/799/458 1008/810/463 1004/795/454
f 1010/811/464 1011/789/412 1012/792/451
f 1011/789/412 1010/811/464 1013/812/414
f 1014/791/415 1011/789/412 1013/812/414
f 1015/736/408 1016/813/465 1017/734/466
f 1016/813/465 1018/814/467 1017/734/466
f 1018/814/467 1019/738/468 1017/734/466
f 1020/815/431 1021/816/469 1022/817/470
f 1021/816/469 1020/815/431 1023/818/471
f 1020/815/431 1024/819/435 1023/818/471
f 1024/819/435 1020/815/431 1025/820/436
f 1024/819/435 1025/820/436 1026/821/472
f 1026/821/472 1025/820/436 1027/822/473
f 1028/823/474 1029/824/475 1030/825/476
f 1030/825/476 1029/824/475 1031/826/477
f 1028/823/474 1032/827/478 1029/824/475
f 1032/827/478 1028/823/474 1033/828/479
f 1034/829/480 1032/827/478 1033/828/479
f 1032/827/478 1034/829/480 1035/830/481
f 1036/831/482 1038/832/483 1037/833/484
f 1041/834/485 1040/835/486 1039/836/487
f 1042/837/488 1043/838/489 1044/839/490
f 1044/839/490 1043/838/489 1045/840/491
f 1048/730/401 1046/841/492 1047/729/400
f 1050/842/493 1051/843/483 1049/844/484
f 1052/845/494 1054/846/495 1053/847/496
f 1054/846/495 1052/845/494 1055/848/497
f 1055/848/497 1056/849/498 1054/846/495
f 1059/847/499 1058/850/500 1057/851/501
f 1058/850/500 1059/847/499 1060/852/502
f 1061/846/495 1060/852/502 1059/847/499
f 1060/852/502 1061/846/495 1062/853/493
f 1061/846/495 1063/849/483 1062/853/493
f 1065/854/503 1066/855/495 1064/856/504
f 1066/855/495 1065/854/503 1067/857/497
f 1067/857/497 1068/858/498 1066/855/495
f 1069/859/505 1070/860/506 1071/861/507
f 1070/860/506 1069/859/505 1072/862/508
f 1069/859/505 1073/863/509 1072/862/508
f 1073/863/509 1069/859/505 1074/864/510
f 1073/863/509 1074/864/510 1075/865/511
f 1075/865/511 1074/864/510 1076/866/512
f 1077/867/513 1078/868/514 1079/869/515
f 1079/869/515 1078/868/514 1080/870/516
f 1081/871/517 1079/869/515 1080/870/516
f 1078/868/514 1077/867/513 1082/872/518
f 1083/873/519 1082/872/518 1077/867/513
f 1084/874/503 1086/875/495 1085/876/520
f 1086/875/495 1084/874/503 1087/877/497
f 1087/877/497 1088/832/498 1086/875/495
f 1091/856/499 1090/878/521 1089/879/501
f 1090/878/521 1091/856/499 1092/880/522
f 1093/855/495 1092/880/522 1091/856/499
f 1092/880/522 1093/855/495 1094/881/482
f 1093/855/495 1095/858/483 1094/881/482
f 1096/839/490 1097/882/523 1098/837/524
f 1099/883/525 1097/882/523 1096/839/490
f 1097/882/523 1100/884/526 1098/837/524
f 1101/885/527 1098/837/524 1100/884/526
f 1098/837/524 1101/885/527 1102/886/528
f 1103/887/529 1104/888/530 1105/889/531
f 1106/834/532 1105/889/531 1104/888/530
f 1104/888/530 1103/887/529 1107/890/533
f 1110/876/499 1109/891/534 1108/892/501
f 1109/891/534 1110/876/499 1111/893/522
f 1112/875/495 1111/893/522 1110/876/499
f 1111/893/522 1112/875/495 1113/831/493
f 1112/875/495 1114/832/483 1113/831/493
f 1115/894/494 1117/895/535 1116/896/496
f 1117/895/535 1115/894/494 1118/897/497
f 1118/897/497 1119/843/498 1117/895/535
f 1121/898/536 1122/738/537 1120/814/467
f 1123/899/538 1124/869/515 1125/900/539
f 1124/869/515 1123/899/538 1126/867/513
f 1127/871/540 1125/900/541 1128/869/542
f 1129/835/486 1130/888/543 1131/901/544
f 1132/834/532 1130/888/543 1129/835/486
f 1130/888/543 1133/890/545 1131/901/544
f 1136/896/546 1135/902/500 1134/903/501
f 1135/902/500 1136/896/546 1137/904/522
f 1138/895/495 1137/904/522 1136/896/546
f 1137/904/522 1138/895/495 1139/842/493
f 1138/895/495 1140/843/483 1139/842/493
f 1141/905/547 1143/906/548 1142/907/549
f 1142/907/549 1143/906/548 1144/908/550
f 1143/906/548 1145/909/484 1144/908/550
f 1145/909/484 1146/910/483 1144/908/550
f 1147/911/551 1148/912/552 1149/913/487
f 1150/914/553 1149/913/487 1148/912/552
f 1148/912/552 1147/911/551 1151/915/554
f 1152/916/555 1151/915/554 1147/911/551
f 1151/915/554 1152/916/555 1153/917/556
f 1154/918/405 1156/919/557 1155/920/558
f 1157/921/403 1158/922/559 1156/919/557
f 1158/922/559 1157/921/403 1159/923/560
f 1159/923/560 1160/924/561 1158/922/559
f 1163/908/562 1161/925/563 1162/907/564
f 1161/925/563 1163/908/562 1164/926/497
f 1163/908/562 1165/910/498 1164/926/497
f 1167/927/549 1166/928/548 1168/929/550
f 1166/928/548 1169/930/484 1168/929/550
f 1169/930/484 1170/931/565 1168/929/550
f 1171/932/566 1172/912/567 1173/915/568
f 1172/912/567 1171/932/566 1174/933/569
f 1175/914/570 1172/912/567 1174/933/569
f 1178/922/571 1177/934/572 1176/919/573
f 1177/934/572 1178/922/571 1179/935/574
f 1178/922/571 1180/924/561 1179/935/574
f 1183/936/575 1181/937/576 1182/938/577
f 1181/937/576 1183/936/575 1184/939/578
f 1183/936/575 1185/940/579 1184/939/578
f 1188/941/580 1187/942/581 1186/943/547
f 1189/944/549 1188/941/582 1190/945/550
f 1188/941/582 1191/946/484 1190/945/550
f 1191/946/484 1192/947/483 1190/945/550
f 1193/948/583 1195/949/584 1194/950/585
f 1197/951/438 1198/952/586 1196/953/472
f 1199/954/460 1201/955/22 1200/956/446
f 1202/957/460 1204/958/22 1203/959/587
f 1207/960/588 1206/961/419 1205/962/589
f 1206/961/419 1207/960/588 1208/963/590
f 1207/960/588 1209/964/422 1208/963/590
f 1210/965/460 1212/966/22 1211/967/446
f 1213/968/402 1214/969/591 1215/970/557
f 1214/969/591 1216/971/559 1215/970/557
f 1216/971/559 1214/969/591 1217/972/560
f 1217/972/560 1218/973/561 1216/971/559
f 1219/974/481 1221/975/592 1220/976/593
f 1224/929/562 1222/977/563 1223/927/564
f 1222/977/563 1224/929/562 1225/978/497
f 1224/929/562 1226/931/498 1225/978/497
f 1227/979/594 1229/980/22 1228/981/595
f 1230/967/446 1232/966/22 1231/982/596
f 1233/983/597 1235/980/22 1234/979/594
f 1236/984/446 1238/985/22 1237/986/596
f 1239/959/446 1241/958/277 1240/987/598
f 1244/945/599 1242/988/563 1243/944/564
f 1242/988/563 1244/945/599 1245/989/497
f 1244/945/599 1246/947/498 1245/989/497
f 1248/990/564 1247/991/582 1249/992/550
f 1247/991/582 1250/993/484 1249/992/550
f 1250/993/484 1251/994/483 1249/992/550
f 1253/995/600 1254/996/601 1252/997/602
f 1255/998/449 1257/985/22 1256/984/446
f 1260/992/603 1258/999/503 1259/990/564
f 1258/999/503 1260/992/603 1261/1000/497
f 1260/992/603 1262/994/498 1261/1000/497
f 1264/1001/604 1265/952/207 1263/951/605
f 1268/997/606 1266/1002/607 1267/1003/458
f 1266/1002/607 1268/997/606 1269/1004/608
f 1268/997/606 1270/996/601 1269/1004/608
f 1271/956/446 1273/955/22 1272/1005/598
f 1276/971/571 1275/1006/609 1274/970/573
f 1275/1006/609 1276/971/571 1277/1007/574
f 1276/971/571 1278/973/561 1277/1007/574
f 1280/1008/473 1281/1009/22 1279/1010/437
f 1282/1011/610 1284/975/611 1283/974/481
f 1286/976/612 1287/975/613 1285/1012/614
f 1288/1013/615 1290/1014/616 1289/1015/617
f 1291/1016/493 1293/947/483 1292/946/484
f 1295/1017/604 1296/1009/22 1294/1008/438
f 1297/1010/472 1299/1009/22 1298/1018/618
f 1301/1019/619 1302/955/22 1300/954/450
f 1303/953/620 1305/952/22 1304/1020/618
f 1306/1021/621 1307/1022/622 1308/1023/519
f 1307/1022/622 1306/1021/621 1309/1024/623
f 1309/1024/623 1310/1014/616 1307/1022/622
f 1312/1025/624 1311/1026/625 1313/938/626
f 1311/1026/625 1314/1027/528 1313/938/626
f 1313/938/626 1314/1027/528 1315/936/627
f 1314/1027/528 1316/1028/628 1315/936/627
f 1316/1028/628 1317/940/579 1315/936/627
f 1318/1029/629 1320/924/630 1319/923/560
f 1322/1030/482 1323/994/483 1321/993/484
f 1324/1031/631 1326/958/22 1325/957/449
f 1328/986/596 1329/985/22 1327/1032/632
f 1330/1033/619 1332/966/22 1331/965/450
f 1333/1034/633 1335/996/634 1334/995/635
f 1337/981/595 1338/980/22 1336/1035/512
f 1340/1036/636 1341/949/584 1339/1037/637
f 1342/1038/511 1344/980/22 1343/983/638
f 1346/1039/639 1347/1009/22 1345/1017/640
f 1349/1004/641 1350/996/601 1348/1040/642
f 1351/1041/631 1353/985/22 1352/998/460
f 1354/1018/618 1356/1009/22 1355/1039/639
f 1358/982/596 1359/966/22 1357/1042/643
f 1361/1043/644 1362/960/588 1360/962/645
f 1362/960/588 1361/1043/644 1363/1044/646
f 1363/1044/646 1364/964/647 1362/960/588
f 1367/1045/648 1366/1046/649 1365/1047/650
f 1367/1045/648 1365/1047/650 1368/950/585
f 1368/950/585 1369/949/584 1367/1045/648
f 1371/987/596 1372/958/22 1370/1048/632
f 1373/1049/651 1374/1050/652 1375/1011/653
f 1375/1011/653 1374/1050/652 1376/1051/654
f 1376/1051/654 1377/975/655 1375/1011/653
f 1379/1005/596 1380/955/22 1378/1052/632
f 1382/1012/656 1383/975/655 1381/1051/657
f 1385/1053/658 1386/952/22 1384/1001/640
f 1388/1040/642 1389/996/601 1387/1034/659
f 1391/1032/643 1392/985/22 1390/1041/619
f 1394/1035/512 1395/980/22 1393/1038/660
f 1397/1052/643 1398/955/22 1396/1019/661
f 1401/1022/662 1399/1054/518 1400/1023/519
f 1399/1054/518 1401/1022/662 1402/1013/615
f 1401/1022/662 1403/1014/616 1402/1013/615
f 1405/1042/643 1406/966/22 1404/1033/661
f 1407/1020/618 1409/952/22 1408/1053/639
f 1411/1048/632 1412/958/22 1410/1031/631
f 1415/1045/648 1413/1055/663 1414/1046/664
f 1413/1055/663 1415/1045/648 1416/1036/636
f 1415/1045/648 1417/949/584 1416/1036/636
f 1418/1056/665 1420/1057/666 1419/1058/667
f 1420/1057/666 1418/1056/665 1421/1059/668
f 1422/1060/669 1420/1057/666 1421/1059/668
f 1420/1057/666 1422/1060/669 1423/1061/670
f 1426/1057/671 1425/1062/672 1424/1058/673
f 1425/1062/672 1426/1057/671 1427/1063/674
f 1426/1057/671 1428/1064/467 1427/1063/674
f 1428/1064/467 1426/1057/671 1429/1061/670
f 1432/1065/675 1430/1066/529 1431/1067/568
f 1430/1066/529 1432/1065/675 1433/1068/676
f 1436/1069/677 1434/1070/464 1435/1071/678
f 1434/1070/464 1436/1069/677 1437/1072/679
f 1438/1073/624 1439/1074/680 1440/1075/491
f 1440/1075/491 1439/1074/680 1441/1076/681
f 1442/1077/525 1440/1075/491 1441/1076/681
f 1438/1073/624 1443/1078/576 1439/1074/680
f 1444/1079/577 1443/1078/576 1438/1073/624
f 1446/1080/682 1445/1081/683 1447/1082/684
f 1448/1083/685 1447/1082/684 1445/1081/683
f 1449/1084/481 1447/1082/684 1448/1083/685
f 1447/1082/684 1449/1084/481 1450/1085/686
f 1451/1086/687 1452/1087/688 1453/1088/689
f 1452/1087/688 1454/1089/447 1453/1088/689
f 1453/1088/689 1454/1089/447 1455/1090/690
f 1454/1089/447 1456/1091/448 1455/1090/690
f 1457/1092/446 1455/1090/690 1456/1091/448
f 1455/1090/690 1457/1092/446 1458/1093/596
f 1459/1094/687 1460/1095/442 1461/1096/689
f 1460/1095/442 1462/1097/447 1461/1096/689
f 1461/1096/689 1462/1097/447 1463/1098/690
f 1462/1097/447 1464/1099/443 1463/1098/690
f 1465/1100/587 1463/1098/690 1464/1099/443
f 1463/1098/690 1465/1100/587 1466/1101/596
f 1467/1102/687 1468/1103/442 1469/1104/689
f 1468/1103/442 1470/1105/447 1469/1104/689
f 1469/1104/689 1470/1105/447 1471/1106/690
f 1470/1105/447 1472/1107/443 1471/1106/690
f 1473/1108/446 1471/1106/690 1472/1107/443
f 1471/1106/690 1473/1108/446 1474/1109/596
f 1475/1110/691 1477/1111/692 1476/1112/693
f 1477/1111/692 1475/1110/691 1478/1113/407
f 1478/1113/407 1479/1114/694 1477/1111/692
f 1479/1114/694 1478/1113/407 1480/1115/695
f 1480/1115/695 1481/1116/537 1479/1114/694
f 1482/1117/696 1483/1118/442 1484/1119/689
f 1483/1118/442 1485/1120/447 1484/1119/689
f 1484/1119/689 1485/1120/447 1486/1121/690
f 1485/1120/447 1487/1122/697 1486/1121/690
f 1488/1123/446 1486/1121/690 1487/1122/697
f 1486/1121/690 1488/1123/446 1489/1124/596
f 1492/1125/573 1490/1126/464 1491/1127/678
f 1490/1126/464 1492/1125/573 1493/1128/679
f 1496/1082/698 1495/1129/699 1494/1080/682
f 1495/1129/699 1496/1082/698 1497/1130/700
f 1497/1130/700 1496/1082/698 1498/1131/701
f 1496/1082/698 1499/1085/702 1498/1131/701
f 1500/1132/703 1501/1133/704 1502/1134/705
f 1502/1134/705 1501/1133/704 1503/1135/706
f 1504/1136/707 1505/1133/708 1500/1132/709
f 1505/1133/708 1504/1136/707 1506/1137/710
f 1507/1138/615 1506/1137/710 1508/1136/707
f 1506/1137/710 1507/1138/615 1509/1139/711
f 1510/1140/712 1511/1141/713 1512/1142/714
f 1511/1141/713 1510/1140/712 1513/1143/715
f 1512/1142/714 1514/1144/716 1510/1140/712
f 1514/1144/716 1512/1142/714 1515/1145/522
f 1516/1146/493 1514/1144/716 1515/1145/522
f 1514/1144/716 1516/1146/493 1517/1147/484
f 1518/1148/547 1519/1149/717 1520/1150/718
f 1521/1151/719 1518/1148/547 1520/1150/718
f 1519/1149/717 1518/1148/547 1522/1152/715
f 1518/1148/547 1521/1151/719 1523/1153/548
f 1524/1154/493 1523/1153/548 1521/1151/719
f 1523/1153/548 1524/1154/493 1525/1155/484
f 1526/1156/434 1527/1157/720 1528/1158/432
f 1528/1158/432 1527/1157/720 1529/1159/721
f 1527/1157/720 1526/1156/434 1530/1160/722
f 1531/1161/723 1530/1160/722 1526/1156/434
f 1532/1162/472 1530/1160/722 1531/1161/723
f 1530/1160/722 1532/1162/472 1533/1163/618
f 1534/1164/724 1535/1165/720 1536/1166/725
f 1536/1166/725 1535/1165/720 1537/1167/721
f 1535/1165/720 1534/1164/724 1538/1168/722
f 1539/1169/726 1538/1168/722 1534/1164/724
f 1540/1170/437 1538/1168/722 1539/1169/726
f 1538/1168/722 1540/1170/437 1541/1171/618
f 1544/1077/727 1542/1172/490 1543/1075/728
f 1545/1173/718 1546/1174/729 1547/1175/713
f 1546/1174/729 1545/1173/718 1548/1176/712
f 1545/1173/718 1549/1177/548 1548/1176/712
f 1549/1177/548 1545/1173/718 1550/1178/522
f 1550/1178/522 1551/1179/730 1549/1177/548
f 1551/1179/730 1550/1178/522 1552/1180/493
f 1553/1181/547 1554/1182/713 1555/1183/718
f 1554/1182/713 1553/1181/547 1556/1184/731
f 1557/1185/732 1553/1181/547 1555/1183/718
f 1553/1181/547 1557/1185/732 1558/1186/716
f 1557/1185/732 1559/1187/484 1558/1186/716
f 1559/1187/484 1557/1185/732 1560/1188/493
f 1561/1096/689 1562/1189/733 1563/1094/696
f 1562/1189/733 1561/1096/689 1564/1190/734
f 1564/1190/734 1561/1096/689 1565/1191/735
f 1561/1096/689 1566/1098/690 1565/1191/735
f 1565/1191/735 1566/1098/690 1567/1192/643
f 1566/1098/690 1568/1101/596 1567/1192/643
f 1569/1193/736 1570/1194/737 1571/1195/738
f 1570/1194/737 1572/1196/739 1571/1195/738
f 1571/1195/738 1572/1196/739 1573/1197/740
f 1572/1196/739 1574/1198/741 1573/1197/740
f 1574/1198/741 1575/1199/422 1573/1197/740
f 1576/1200/508 1577/1201/742 1578/1202/743
f 1578/1202/743 1577/1201/742 1579/1203/744
f 1577/1201/742 1576/1200/508 1580/1204/745
f 1581/1205/746 1580/1204/745 1576/1200/508
f 1582/1206/660 1580/1204/745 1581/1205/746
f 1580/1204/745 1582/1206/660 1583/1207/597
f 1584/1208/462 1585/1209/747 1586/1210/748
f 1585/1209/747 1584/1208/462 1587/1211/749
f 1584/1208/462 1588/1212/750 1587/1211/749
f 1589/1213/607 1588/1212/750 1584/1208/462
f 1588/1212/750 1589/1213/607 1590/1214/642
f 1590/1214/642 1589/1213/607 1591/1215/641
f 1592/1088/751 1593/1216/733 1594/1086/687
f 1593/1216/733 1592/1088/751 1595/1217/752
f 1595/1217/752 1592/1088/751 1596/1218/735
f 1592/1088/751 1597/1090/753 1596/1218/735
f 1596/1218/735 1597/1090/753 1598/1219/632
f 1597/1090/753 1599/1093/596 1598/1219/632
f 1600/1220/754 1601/1221/755 1602/1222/756
f 1601/1221/755 1600/1220/754 1603/1223/757
f 1604/1224/758 1603/1223/757 1600/1220/754
f 1605/1225/759 1602/1222/756 1601/1221/755
f 1602/1222/756 1605/1225/759 1606/1226/760
f 1609/1128/609 1608/1227/761 1607/1126/762
f 1608/1227/761 1609/1128/609 1610/1228/763
f 1611/1104/689 1612/1229/733 1613/1102/687
f 1612/1229/733 1611/1104/689 1614/1230/752
f 1614/1230/752 1611/1104/689 1615/1231/735
f 1611/1104/689 1616/1106/753 1615/1231/735
f 1615/1231/735 1616/1106/753 1617/1232/632
f 1616/1106/753 1618/1109/598 1617/1232/632
f 1619/1119/689 1620/1233/764 1621/1117/687
f 1620/1233/764 1619/1119/689 1622/1234/734
f 1622/1234/734 1619/1119/689 1623/1235/735
f 1619/1119/689 1624/1121/753 1623/1235/735
f 1623/1235/735 1624/1121/753 1625/1236/632
f 1624/1121/753 1626/1124/596 1625/1236/632
f 1629/1195/738 1628/1237/765 1627/1193/736
f 1628/1237/765 1629/1195/738 1630/1238/644
f 1631/1197/740 1630/1238/644 1629/1195/738
f 1630/1238/644 1631/1197/740 1632/1239/646
f 1631/1197/740 1633/1199/766 1632/1239/646
f 1634/1070/464 1636/1240/767 1635/1241/768
f 1636/1240/767 1634/1070/464 1637/1072/609
f 1638/1222/769 1639/1242/770 1640/1220/771
f 1640/1220/771 1639/1242/770 1641/1243/772
f 1642/1224/758 1640/1220/771 1641/1243/772
f 1639/1242/770 1638/1222/769 1643/1244/773
f 1644/1226/649 1643/1244/773 1638/1222/769
f 1647/1068/774 1646/1245/533 1645/1066/529
f 1646/1245/533 1647/1068/774 1648/1246/775
f 1649/1114/669 1651/1116/537 1650/1247/670
f 1652/1248/776 1653/1249/777 1654/1250/729
f 1655/1251/778 1654/1250/729 1653/1249/777
f 1653/1249/777 1652/1248/776 1656/1252/779
f 1656/1252/779 1652/1248/776 1657/1253/549
f 1658/1254/780 1660/1255/781 1659/1256/782
f 1660/1255/781 1658/1254/780 1661/1257/783
f 1661/1257/783 1662/1258/784 1660/1255/781
f 1663/1252/785 1664/1259/786 1665/1249/787
f 1665/1249/787 1664/1259/786 1666/1260/788
f 1667/1251/789 1665/1249/787 1666/1260/788
f 1668/1261/790 1669/1262/777 1670/1263/715
f 1671/1264/778 1670/1263/715 1669/1262/777
f 1669/1262/777 1668/1261/790 1672/1265/791
f 1673/1266/580 1672/1265/791 1668/1261/790
f 1672/1265/791 1673/1266/580 1674/1267/792
f 1677/1255/793 1676/1268/676 1675/1256/794
f 1676/1268/676 1677/1255/793 1678/1269/795
f 1677/1255/793 1679/1258/796 1678/1269/795
f 1680/1270/547 1681/1271/787 1682/1272/729
f 1683/1273/778 1682/1272/729 1681/1271/787
f 1681/1271/787 1680/1270/547 1684/1274/779
f 1684/1274/779 1685/1275/582 1686/1276/564
f 1688/1277/797 1687/1278/708 1689/1279/798
f 1687/1278/708 1690/1280/710 1689/1279/798
f 1689/1279/798 1690/1280/710 1691/1281/799
f 1690/1280/710 1692/1282/800 1691/1281/799
f 1692/1282/800 1693/1283/616 1691/1281/799
f 1696/1284/801 1695/1285/802 1694/1286/680
f 1695/1285/802 1696/1284/801 1697/1287/803
f 1697/1287/803 1696/1284/801 1698/1288/804
f 1696/1284/801 1699/1289/578 1698/1288/804
f 1699/1289/578 1700/1290/805 1698/1288/804
f 1701/1265/806 1702/1291/786 1703/1262/787
f 1703/1262/787 1702/1291/786 1704/1292/788
f 1705/1264/789 1703/1262/787 1704/1292/788
f 1706/1293/807 1707/1294/744 1708/1295/808
f 1706/1293/807 1709/1296/809 1707/1294/744
f 1710/1297/810 1706/1293/807 1708/1295/808
f 1710/1297/810 1708/1295/808 1711/1298/811
f 1712/1299/597 1710/1297/810 1711/1298/811
f 1710/1297/810 1712/1299/597 1713/1300/594
f 1716/1281/812 1714/1301/813 1715/1279/798
f 1714/1301/813 1716/1281/812 1717/1302/814
f 1716/1281/812 1718/1283/815 1717/1302/814
f 1719/1303/816 1720/1304/817 1721/1305/818
f 1722/1306/819 1721/1305/818 1720/1304/817
f 1720/1304/817 1719/1303/816 1723/1307/820
f 1724/1274/791 1725/1308/786 1726/1271/787
f 1726/1271/787 1725/1308/786 1727/1309/788
f 1728/1273/789 1726/1271/787 1727/1309/788
f 1729/1310/821 1730/1311/777 1731/1312/729
f 1732/1313/778 1731/1312/729 1730/1311/777
f 1730/1311/777 1729/1310/821 1733/1314/791
f 1734/1315/548 1733/1314/791 1729/1310/821
f 1733/1314/791 1734/1315/548 1735/1316/549
f 1736/1314/785 1737/1317/786 1738/1311/787
f 1738/1311/787 1737/1317/786 1739/1318/788
f 1740/1313/789 1738/1311/787 1739/1318/788
f 1743/1273/778 1741/1319/717 1742/1272/729
f 1746/1264/778 1744/1320/713 1745/1263/729
f 1747/1321/822 1749/1258/823 1748/1257/783
f 1751/1322/629 1752/1323/630 1750/1324/560
f 1755/1313/778 1753/1325/713 1754/1312/729
f 1756/1326/824 1757/1327/825 1758/1328/826
f 1757/1327/825 1756/1326/824 1759/1329/827
f 1759/1329/827 1756/1326/824 1760/1330/828
f 1761/1331/829 1760/1330/828 1756/1326/824
f 1760/1330/828 1761/1331/829 1762/1332/830
f 1761/1331/829 1763/1333/831 1762/1332/830
f 1764/1334/832 1765/1335/833 1766/1336/834
f 1767/1337/835 1766/1336/834 1765/1335/833
f 1765/1335/833 1764/1334/832 1768/1338/836
f 1767/1337/835 1765/1335/833 1769/1339/837
f 1770/1340/640 1767/1337/835 1769/1339/837
f 1770/1340/640 1769/1339/837 1771/1341/658
f 1772/1335/838 1773/1342/721 1774/1343/720
f 1772/1335/838 1775/1338/836 1773/1342/721
f 1776/1339/839 1772/1335/838 1774/1343/720
f 1776/1339/839 1774/1343/720 1777/1344/722
f 1778/1345/618 1776/1339/839 1777/1344/722
f 1776/1339/839 1778/1345/618 1779/1341/658
f 1780/1346/840 1781/1347/841 1782/1348/765
f 1781/1347/841 1780/1346/840 1783/1349/842
f 1784/1350/843 1781/1347/841 1783/1349/842
f 1782/1348/765 1785/1351/844 1780/1346/840
f 1785/1351/844 1782/1348/765 1786/1352/845
f 1788/1353/767 1787/1354/846 1789/1355/847
f 1790/1356/574 1789/1355/847 1787/1354/846
f 1790/1356/574 1791/1323/561 1789/1355/847
f 1792/1357/848 1793/1358/849 1794/1359/850
f 1793/1358/849 1792/1357/848 1795/1360/851
f 1796/1361/700 1795/1360/851 1792/1357/848
f 1795/1360/851 1796/1361/700 1797/1362/652
f 1796/1361/700 1798/1363/852 1797/1362/652
f 1798/1363/852 1796/1361/700 1799/1364/614
f 1800/1365/832 1801/1366/838 1802/1367/853
f 1803/1368/835 1802/1367/853 1801/1366/838
f 1801/1366/838 1800/1365/832 1804/1369/854
f 1803/1368/835 1801/1366/838 1805/1370/837
f 1806/1371/640 1803/1368/835 1805/1370/837
f 1806/1371/640 1805/1370/837 1807/1372/658
f 1810/1373/855 1809/1374/856 1808/1375/857
f 1809/1374/856 1810/1373/855 1811/1376/858
f 1811/1376/858 1810/1373/855 1812/1377/859
f 1810/1373/855 1813/1378/642 1812/1377/859
f 1814/1379/860 1815/1380/752 1816/1381/861
f 1817/1382/862 1816/1381/861 1815/1380/752
f 1815/1380/752 1814/1379/860 1818/1383/764
f 1817/1382/862 1815/1380/752 1819/1384/863
f 1817/1382/862 1819/1384/863 1820/1385/619
f 1820/1385/619 1819/1384/863 1821/1386/632
f 1822/1387/864 1823/1353/865 1824/1388/866
f 1825/1355/847 1824/1388/866 1823/1353/865
f 1824/1388/866 1825/1355/847 1826/1322/867
f 1825/1355/847 1827/1323/868 1826/1322/867
f 1828/1389/860 1829/1390/734 1830/1391/869
f 1831/1392/862 1830/1391/869 1829/1390/734
f 1829/1390/734 1828/1389/860 1832/1393/733
f 1831/1392/862 1829/1390/734 1833/1394/735
f 1831/1392/862 1833/1394/735 1834/1395/631
f 1834/1395/631 1833/1394/735 1835/1396/632
f 1836/1397/860 1837/1398/734 1838/1399/869
f 1839/1400/862 1838/1399/869 1837/1398/734
f 1837/1398/734 1836/1397/860 1840/1401/764
f 1839/1400/862 1837/1398/734 1841/1402/735
f 1839/1400/862 1841/1402/735 1842/1403/619
f 1842/1403/619 1841/1402/735 1843/1404/632
f 1844/1366/838 1845/1405/721 1846/1406/870
f 1844/1366/838 1847/1369/836 1845/1405/721
f 1848/1370/839 1844/1366/838 1846/1406/870
f 1848/1370/839 1846/1406/870 1849/1407/722
f 1850/1408/618 1848/1370/839 1849/1407/722
f 1848/1370/839 1850/1408/618 1851/1372/658
f 1852/1409/860 1853/1410/734 1854/1411/869
f 1855/1412/862 1854/1411/869 1853/1410/734
f 1853/1410/734 1852/1409/860 1856/1413/764
f 1855/1412/862 1853/1410/734 1857/1414/735
f 1855/1412/862 1857/1414/735 1858/1415/619
f 1858/1415/619 1857/1414/735 1859/1416/632
f 1860/1417/736 1861/1347/871 1862/1418/872
f 1863/1350/873 1862/1418/872 1861/1347/871
f 1861/1347/871 1860/1417/736 1864/1348/765
f 1865/1419/767 1866/1420/846 1867/1421/874
f 1868/1422/574 1867/1421/874 1866/1420/846
f 1868/1422/574 1869/1423/561 1867/1421/874
f 1870/1307/820 1871/1424/673 1872/1304/817
f 1872/1304/817 1871/1424/673 1873/1425/875
f 1874/1306/876 1872/1304/817 1873/1425/875
f 1877/1419/877 1875/1426/878 1876/1427/879
f 1875/1426/878 1877/1419/877 1878/1428/880
f 1879/1421/847 1878/1428/880 1877/1419/877
f 1878/1428/880 1879/1421/847 1880/1429/867
f 1879/1421/847 1881/1423/630 1880/1429/867
f 1882/1430/881 1883/1431/882 1884/1432/883
f 1885/1433/408 1882/1430/881 1884/1432/883
f 1883/1431/882 1882/1430/881 1886/1434/818
f 1887/1435/884 1883/1431/882 1886/1434/818
f 1882/1430/881 1885/1433/408 1888/1436/885
f 1889/1437/886 1890/1438/423 1891/1439/887
f 1892/1440/888 1891/1439/887 1890/1438/423
f 1890/1438/423 1889/1437/886 1893/1441/424
f 1894/1442/889 1895/1443/890 1896/1444/706
f 1897/1445/891 1896/1444/706 1895/1443/890
f 1895/1443/890 1894/1442/889 1898/1446/797
f 1899/1447/892 1900/1448/893 1901/1449/894
f 1902/1450/895 1901/1449/894 1900/1448/893
f 1900/1448/893 1899/1447/892 1903/1451/418
f 1906/1440/888 1904/1438/423 1905/1452/896
f 1909/1453/73 1908/1454/433 1907/1455/469
f 1912/1456/73 1910/1457/441 1911/1458/688
f 1915/1459/73 1913/1460/897 1914/1461/442
f 1916/1462/898 1917/1463/899 1918/1464/681
f 1919/1465/525 1918/1464/681 1917/1463/899
f 1917/1463/899 1916/1462/898 1920/1466/900
f 1923/1467/73 1921/1468/897 1922/1469/442
f 1924/1470/901 1925/1471/902 1926/1472/682
f 1925/1471/902 1924/1470/901 1927/1473/477
f 1928/1474/903 1927/1473/477 1924/1470/901
f 1931/1475/73 1929/1476/809 1930/1477/904
f 1934/1467/73 1933/1469/442 1932/1478/687
f 1937/1475/73 1935/1479/905 1936/1476/809
f 1940/1480/906 1939/1481/442 1938/1482/687
f 1943/1459/73 1942/1461/442 1941/1483/696
f 1944/1446/907 1945/1484/908 1946/1443/909
f 1946/1443/909 1945/1484/908 1947/1485/541
f 1948/1445/540 1946/1443/909 1947/1485/541
f 1951/1486/910 1949/1487/455 1950/1488/456
f 1954/1480/73 1952/1489/459 1953/1481/688
f 1957/1453/73 1956/1490/832 1955/1454/433
f 1960/1486/910 1959/1488/456 1958/1491/911
f 1963/1456/73 1962/1458/442 1961/1492/696
f 1966/1493/906 1965/1494/433 1964/1495/432
f 1969/1474/912 1967/1496/476 1968/1473/477
f 1970/1472/682 1971/1497/699 1972/1470/901
f 1972/1470/901 1971/1497/699 1973/1498/850
f 1974/1474/913 1972/1470/901 1973/1498/850
f 1976/1445/914 1977/1499/705 1975/1444/706
f 1980/1493/73 1979/1500/915 1978/1494/433
f 1983/1493/187 1981/1495/725 1982/1501/721
f 1986/1456/73 1985/1502/860 1984/1457/459
f 1989/1503/401 1987/1504/916 1988/1505/400
f 1992/1453/187 1990/1455/725 1991/1506/721
f 1995/1507/778 1994/1508/717 1993/1509/729
f 1998/1459/73 1996/1510/917 1997/1460/897
f 2001/1480/73 2000/1482/687 1999/1511/764
f 2004/1467/190 2002/1512/860 2003/1468/459
f 2005/1513/918 2006/1514/919 2007/1515/920
f 2007/1515/920 2006/1514/919 2008/1487/455
f 2009/1486/921 2007/1515/920 2008/1487/455
f 2010/1516/922 2011/1517/353 2012/1518/788
f 2013/1519/789 2012/1518/788 2011/1517/353
f 2011/1517/353 2010/1516/922 2014/1520/923
f 2017/1475/73 2016/1477/924 2015/1521/925
f 2018/1522/736 2019/1448/926 2020/1451/737
f 2018/1522/736 2021/1523/927 2019/1448/926
f 2022/1450/928 2019/1448/926 2021/1523/927
f 2025/1440/758 2024/1524/826 2023/1439/825
f 2028/1475/73 2026/1525/506 2027/1479/929
f 2031/1493/190 2030/1526/854 2029/1500/832
f 2034/1486/930 2033/1491/931 2032/1527/747
f 2037/1480/73 2035/1528/917 2036/1489/932
f 2040/1493/73 2038/1501/933 2039/1526/836
f 2043/1467/73 2042/1478/687 2041/1529/764
f 2044/1530/464 2045/1531/934 2046/1532/414
f 2047/1503/415 2046/1532/414 2045/1531/934
f 2045/1531/934 2044/1530/464 2048/1533/935
f 2051/1459/73 2050/1483/687 2049/1534/733
f 2052/1520/501 2053/1535/936 2054/1517/353
f 2054/1517/353 2053/1535/936 2055/1536/713
f 2056/1519/778 2054/1517/353 2055/1536/713
f 2057/1466/937 2058/1537/938 2059/1463/939
f 2059/1463/939 2058/1537/938 2060/1538/523
f 2061/1465/525 2059/1463/939 2060/1538/523
f 2064/1474/940 2063/1539/849 2062/1496/476
f 2067/1456/73 2066/1492/696 2065/1540/733
f 2070/1474/941 2069/1498/850 2068/1539/849
f 2073/1453/73 2072/1541/836 2071/1490/832
f 2074/1542/857 2075/1515/920 2076/1527/942
f 2077/1486/930 2076/1527/942 2075/1515/920
f 2075/1515/920 2074/1542/857 2078/1513/856
f 2081/1480/943 2080/1511/764 2079/1528/860
f 2082/1504/916 2083/1531/934 2084/1543/878
f 2085/1503/944 2083/1531/934 2082/1504/916
f 2083/1531/934 2086/1533/879 2084/1543/878
f 2087/1544/865 2084/1543/878 2086/1533/879
f 2088/1545/786 2089/1546/353 2090/1547/945
f 2091/1548/789 2090/1547/945 2089/1546/353
f 2089/1546/353 2088/1545/786 2092/1549/923
f 2095/1475/73 2094/1521/946 2093/1525/947
f 2098/1456/73 2097/1540/733 2096/1502/860
f 2101/1467/73 2100/1529/733 2099/1512/948
f 2104/1453/73 2102/1506/721 2103/1541/836
f 2107/1459/73 2106/1534/764 2105/1510/948
f 2108/1550/922 2109/1551/353 2110/1552/788
f 2111/1553/789 2110/1552/788 2109/1551/353
f 2109/1551/353 2108/1550/922 2112/1554/949
f 2113/1549/501 2114/1555/936 2115/1546/950
f 2115/1546/950 2114/1555/936 2116/1556/713
f 2117/1548/778 2115/1546/950 2116/1556/713
f 2118/1557/951 2119/1558/934 2120/1559/414
f 2121/1560/415 2120/1559/414 2119/1558/934
f 2119/1558/934 2118/1557/951 2122/1561/761
f 2124/1562/775 2123/1563/952 2125/1564/953
f 2123/1563/952 2126/1565/795 2125/1564/953
f 2126/1565/795 2127/1566/796 2125/1564/953
f 2128/1554/949 2129/1567/500 2130/1551/950
f 2130/1551/950 2129/1567/500 2131/1568/713
f 2132/1553/789 2130/1551/950 2131/1568/713
f 2133/1569/786 2134/1570/353 2135/1571/788
f 2136/1507/789 2135/1571/788 2134/1570/353
f 2134/1570/353 2133/1569/786 2137/1572/954
f 2138/1573/916 2139/1558/934 2140/1574/955
f 2141/1560/944 2139/1558/934 2138/1573/916
f 2139/1558/934 2142/1561/879 2140/1574/955
f 2145/1562/775 2143/1575/544 2144/1576/956
f 2143/1575/544 2145/1562/775 2146/1577/957
f 2147/1564/958 2146/1577/957 2145/1562/775
f 2146/1577/957 2147/1564/958 2148/1578/959
f 2147/1564/958 2149/1566/960 2148/1578/959
f 2150/1572/949 2151/1579/500 2152/1570/353
f 2152/1570/353 2151/1579/500 2153/1508/713
f 2154/1507/961 2152/1570/353 2153/1508/713
f 2156/1580/786 2155/1581/806 2157/1582/503
f 2155/1581/806 2158/1583/962 2157/1582/503
f 2159/1584/886 2161/1585/963 2160/1586/964
f 2161/1585/963 2159/1584/886 2162/1587/965
f 2162/1587/965 2163/1588/429 2161/1585/963
f 2163/1588/429 2162/1587/965 2164/1589/966
f 2164/1589/966 2165/1590/584 2163/1588/429
f 2166/1591/967 2167/1592/842 2168/1593/968
f 2169/1594/969 2167/1592/842 2166/1591/967
f 2167/1592/842 2170/1595/970 2168/1593/968
f 2171/1596/971 2168/1593/968 2170/1595/970
f 2168/1593/968 2171/1596/971 2172/1597/419
f 2174/1598/786 2173/1599/785 2175/1600/503
f 2173/1599/785 2176/1601/564 2175/1600/503
f 2177/1602/807 2178/1603/972 2179/1604/973
f 2179/1604/973 2178/1603/972 2180/1605/924
f 2177/1602/807 2181/1606/974 2178/1603/972
f 2181/1606/974 2177/1602/807 2182/1607/975
f 2183/1608/594 2181/1606/974 2182/1607/975
f 2181/1606/974 2183/1608/594 2184/1609/595
f 2185/1610/907 2187/1611/976 2186/1612/908
f 2188/1613/977 2187/1611/976 2185/1610/907
f 2190/1614/786 2189/1615/785 2191/1616/503
f 2189/1615/785 2192/1617/564 2191/1616/503
f 2193/1618/457 2195/1619/606 2194/1620/978
f 2195/1619/606 2193/1618/457 2196/1621/979
f 2198/1622/786 2197/1623/806 2199/1624/503
f 2197/1623/806 2200/1625/564 2199/1624/503
f 2201/1626/980 2202/1627/433 2203/1628/832
f 2202/1627/433 2201/1626/980 2204/1629/431
f 2201/1626/980 2205/1630/436 2204/1629/431
f 2205/1630/436 2201/1626/980 2206/1631/981
f 2206/1631/981 2207/1632/438 2205/1630/436
f 2207/1632/438 2206/1631/981 2208/1633/640
f 2209/1634/982 2210/1635/983 2211/1636/984
f 2211/1636/984 2210/1635/983 2212/1637/985
f 2213/1638/884 2211/1636/984 2212/1637/985
f 2210/1635/983 2209/1634/982 2214/1639/986
f 2215/1640/674 2214/1639/986 2209/1634/982
f 2216/1641/987 2217/1642/988 2218/1643/832
f 2217/1642/988 2216/1641/987 2219/1644/431
f 2216/1641/987 2220/1645/436 2219/1644/431
f 2220/1645/436 2216/1641/987 2221/1646/981
f 2221/1646/981 2222/1647/989 2220/1645/436
f 2222/1647/989 2221/1646/981 2223/1648/640
f 2224/1649/869 2225/1650/459 2226/1651/948
f 2225/1650/459 2224/1649/869 2227/1652/990
f 2224/1649/869 2228/1653/991 2227/1652/990
f 2228/1653/991 2224/1649/869 2229/1654/992
f 2229/1654/992 2230/1655/460 2228/1653/991
f 2230/1655/460 2229/1654/992 2231/1656/619
f 2232/1657/544 2233/1658/993 2234/1659/994
f 2233/1658/993 2232/1657/544 2235/1660/995
f 2232/1657/544 2236/1661/780 2235/1660/995
f 2236/1661/780 2232/1657/544 2237/1662/996
f 2238/1663/822 2236/1661/780 2237/1662/996
f 2236/1661/780 2238/1663/822 2239/1664/783
f 2240/1665/997 2241/1666/998 2242/1667/916
f 2242/1667/916 2241/1666/998 2243/1668/999
f 2244/1669/1000 2241/1666/998 2240/1665/997
f 2241/1666/998 2244/1669/1000 2245/1670/1001
f 2245/1670/1001 2244/1669/1000 2246/1671/560
f 2246/1671/560 2244/1669/1000 2247/1672/867
f 2249/1673/513 2250/1611/621 2248/1674/1002
f 2250/1611/621 2249/1673/513 2251/1612/538
f 2252/1675/1003 2253/1676/1004 2254/1677/492
f 2255/1678/1005 2253/1676/1004 2252/1675/1003
f 2254/1677/492 2253/1676/1004 2256/1679/999
f 2253/1676/1004 2255/1678/1005 2257/1680/1001
f 2258/1681/1006 2257/1680/1001 2255/1678/1005
f 2257/1680/1001 2258/1681/1006 2259/1682/560
f 2260/1683/990 2261/1684/917 2262/1685/869
f 2261/1684/917 2260/1683/990 2263/1686/441
f 2262/1685/869 2264/1687/991 2260/1683/990
f 2264/1687/991 2262/1685/869 2265/1688/992
f 2266/1689/619 2264/1687/991 2265/1688/992
f 2264/1687/991 2266/1689/619 2267/1690/449
f 2268/1691/990 2269/1692/860 2270/1693/869
f 2269/1692/860 2268/1691/990 2271/1694/459
f 2270/1693/869 2272/1695/991 2268/1691/990
f 2272/1695/991 2270/1693/869 2273/1696/992
f 2274/1697/631 2272/1695/991 2273/1696/992
f 2272/1695/991 2274/1697/631 2275/1698/460
f 2276/1699/918 2278/1618/1007 2277/1700/1008
f 2278/1618/1007 2276/1699/918 2279/1701/858
f 2280/1702/633 2278/1618/1007 2279/1701/858
f 2278/1618/1007 2280/1702/633 2281/1621/1009
f 2284/1624/503 2283/1703/923 2282/1622/922
f 2283/1703/923 2284/1624/503 2285/1704/496
f 2286/1603/1010 2287/1705/946 2288/1605/904
f 2287/1705/946 2286/1603/1010 2289/1706/505
f 2286/1603/1010 2290/1707/510 2289/1706/505
f 2290/1707/510 2286/1603/1010 2291/1606/974
f 2291/1606/974 2292/1708/512 2290/1707/510
f 2292/1708/512 2291/1606/974 2293/1609/595
f 2294/1709/990 2295/1710/860 2296/1711/869
f 2295/1710/860 2294/1709/990 2297/1712/459
f 2296/1711/869 2298/1713/991 2294/1709/990
f 2298/1713/991 2296/1711/869 2299/1714/992
f 2300/1715/619 2298/1713/991 2299/1714/992
f 2298/1713/991 2300/1715/619 2301/1716/460
f 2302/1717/802 2304/1718/1011 2303/1719/1012
f 2305/1720/1013 2304/1718/1011 2302/1717/802
f 2305/1720/1013 2306/1721/1014 2304/1718/1011
f 2306/1721/1014 2305/1720/1013 2307/1722/1015
f 2307/1722/1015 2308/1723/805 2306/1721/1014
f 2309/1724/1016 2310/1725/1017 2311/1726/849
f 2310/1725/1017 2309/1724/1016 2312/1727/1018
f 2309/1724/1016 2313/1728/479 2312/1727/1018
f 2313/1728/479 2309/1724/1016 2314/1729/1019
f 2316/1730/923 2315/1614/922 2317/1731/496
f 2315/1614/922 2318/1616/494 2317/1731/496
f 2321/1600/494 2320/1732/1020 2319/1598/922
f 2320/1732/1020 2321/1600/494 2322/1733/504
f 2325/1721/1014 2324/1734/528 2323/1718/527
f 2324/1734/528 2325/1721/1014 2326/1735/1021
f 2325/1721/1014 2327/1723/805 2326/1735/1021
f 2330/1582/503 2329/1736/923 2328/1580/922
f 2329/1736/923 2330/1582/503 2331/1737/496
f 2332/1636/1022 2333/1738/1023 2334/1634/672
f 2333/1738/1023 2332/1636/1022 2335/1739/1024
f 2336/1638/1025 2335/1739/1024 2332/1636/1022
usemtl Meshpart7Mtl
f 2381/1755/1028 2379/1756/1029 2380/1757/1030
f 2379/1756/1029 2381/1755/1028 2382/1758/1031
f 2383/1759/1032 2382/1758/1031 2381/1755/1028
f 2384/1760/1033 2379/1756/1029 2382/1758/1031
f 2382/1758/1031 2383/1759/1032 2385/1761/1034
f 2386/1762/1035 2382/1758/1031 2385/1761/1034
f 2384/1760/1033 2382/1758/1031 2386/1762/1035
f 2386/1762/1035 2385/1761/1034 2387/1763/1036
f 2388/1764/1037 2386/1762/1035 2387/1763/1036
f 2389/1765/1038 2384/1760/1033 2386/1762/1035
f 2386/1762/1035 2388/1764/1037 2389/1765/1038
f 2390/1766/1039 2389/1765/1038 2388/1764/1037
f 2389/1765/1038 2390/1766/1039 2391/1767/1040
f 2384/1760/1033 2389/1765/1038 2392/1768/1041
f 2391/1767/1040 2392/1768/1041 2389/1765/1038
f 2392/1768/1041 2391/1767/1040 2393/1769/1042
f 2394/1770/1043 2395/1771/1044 2396/1772/31
f 2395/1771/1044 2394/1770/1043 2397/1773/1045
f 2395/1771/1044 2398/1774/1029 2396/1772/31
f 2398/1774/1029 2395/1771/1044 2399/1775/1046
f 2402/1776/1047 2401/1777/1037 2400/1778/30
f 2400/1778/30 2403/1779/19 2402/1776/1047
f 2400/1778/30 2404/1780/1048 2403/1779/19
f 2404/1780/1048 2400/1778/30 2405/1781/1049
f 2408/1779/1050 2409/1782/1051 2407/1783/1052
f 2409/1782/1051 2408/1779/1050 2410/1784/35
f 2411/1785/1053 2408/1779/1050 2406/1786/1054
f 2408/1779/1050 2411/1785/1053 2410/1784/35
f 2412/1787/30 2409/1782/1051 2410/1784/35
f 2411/1785/1053 2412/1787/30 2410/1784/35
f 2409/1782/1051 2412/1787/30 2413/1788/1037
f 2412/1787/30 2411/1785/1053 2414/1789/1049
f 2415/1790/1055 2417/1791/1056 2416/1792/1045
f 2417/1791/1056 2415/1790/1055 2418/1793/1057
f 2418/1793/1057 2419/1794/1058 2417/1791/1056
f 2420/1795/1059 2418/1793/1057 2415/1790/1055
f 2419/1794/1058 2418/1793/1057 2421/1796/1060
f 2424/1797/1061 2425/1798/1062 2426/1799/1063
f 2424/1797/1061 2426/1799/1063 2427/1800/1064
f 2427/1800/1064 2420/1795/1059 2424/1797/1061
f 2427/1800/1064 2426/1799/1063 2423/1801/1048
f 2420/1795/1059 2427/1800/1064 2428/1802/1065
f 2418/1793/1057 2420/1795/1059 2428/1802/1065
f 2428/1802/1065 2421/1796/1060 2418/1793/1057
f 2421/1796/1060 2428/1802/1065 2422/1803/1066
f 2429/1804/1049 2428/1802/1065 2427/1800/1064
f 2427/1800/1064 2423/1801/1048 2429/1804/1049
f 2428/1802/1065 2429/1804/1049 2422/1803/1066
f 2434/1778/1067 2430/1776/1058 2431/1777/1060
f 2432/1780/1032 2434/1778/1067 2433/1781/1052
f 2430/1776/1058 2434/1778/1067 2435/1779/1068
f 2434/1778/1067 2432/1780/1032 2435/1779/1068
f 2436/1770/1069 2437/1773/1042 2438/1771/1070
f 2438/1771/1070 2439/1772/76 2436/1770/1069
f 2438/1771/1070 2440/1774/1071 2439/1772/76
f 2440/1774/1071 2438/1771/1070 2441/1775/1062
f 2445/1784/392 2442/1805/1072 2443/1806/31
f 2445/1784/392 2443/1806/31 2444/1807/1029
f 2442/1805/1072 2445/1784/392 2446/1782/1059
f 2444/1807/1029 2447/1785/1033 2445/1784/392
f 2448/1808/1069 2445/1784/392 2447/1785/1033
f 2445/1784/392 2448/1808/1069 2449/1809/76
f 2445/1784/392 2449/1809/76 2450/1810/1061
f 2450/1810/1061 2446/1782/1059 2445/1784/392
