# Blender 5.2.2 LTS
# www.blender.org
mtllib Untitled.mtl
o glorious_smoke.001
v 0.085378 0.293742 -0.223328
v 0.068793 0.277140 -0.245858
v 0.068793 0.318620 -0.223348
v 0.110257 0.277157 -0.223318
v 0.068793 0.318620 -0.223348
v 0.068793 0.277140 -0.245858
v 0.052207 0.293742 -0.223328
v 0.027330 0.277157 -0.223318
v 0.085378 0.260572 -0.223308
v 0.068793 0.277140 -0.245858
v 0.110257 0.277157 -0.223318
v 0.068793 0.235694 -0.223288
v 0.052208 0.260572 -0.223308
v 0.068793 0.277140 -0.245858
v 0.068793 0.235694 -0.223288
v 0.027330 0.277157 -0.223318
v 0.068793 0.318620 0.216602
v 0.085378 0.293742 0.216582
v 0.068793 0.277168 0.201602
v 0.110257 0.277157 0.216572
v 0.027330 0.277157 0.216572
v 0.052207 0.293742 0.216582
v 0.068793 0.277168 0.201602
v 0.068793 0.318620 0.216602
v 0.110257 0.277157 0.216572
v 0.085378 0.260572 0.216562
v 0.068793 0.277168 0.201602
v 0.068793 0.235694 0.216542
v 0.052208 0.260572 0.216562
v 0.027330 0.277157 0.216572
v 0.068793 0.277168 0.201602
v 0.068793 0.235694 0.216542
v 0.288751 0.293742 0.013212
v 0.311279 0.277140 -0.003378
v 0.288769 0.318620 -0.003378
v 0.288738 0.277157 0.038092
v 0.288769 0.318620 -0.003378
v 0.311279 0.277140 -0.003378
v 0.288751 0.293742 -0.019958
v 0.288738 0.277157 -0.044838
v 0.288726 0.260572 0.013212
v 0.311279 0.277140 -0.003378
v 0.288738 0.277157 0.038092
v 0.288707 0.235694 -0.003378
v 0.288726 0.260572 -0.019958
v 0.311279 0.277140 -0.003378
v 0.288707 0.235694 -0.003378
v 0.288738 0.277157 -0.044838
v -0.151183 0.318620 -0.003378
v -0.151165 0.293742 0.013212
v -0.136184 0.277168 -0.003378
v -0.151152 0.277157 0.038092
v -0.151152 0.277157 -0.044838
v -0.151165 0.293742 -0.019958
v -0.136184 0.277168 -0.003378
v -0.151183 0.318620 -0.003378
v -0.151152 0.277157 0.038092
v -0.151140 0.260572 0.013212
v -0.136184 0.277168 -0.003378
v -0.151121 0.235694 -0.003378
v -0.151140 0.260572 -0.019958
v -0.151152 0.277157 -0.044838
v -0.136184 0.277168 -0.003378
v -0.151121 0.235694 -0.003378
v 0.085378 0.293742 0.216582
v 0.068793 0.318620 0.216602
v 0.068793 0.277140 0.239112
v 0.110257 0.277157 0.216572
v 0.068793 0.318620 0.216602
v 0.052207 0.293742 0.216582
v 0.068793 0.277140 0.239112
v 0.027330 0.277157 0.216572
v 0.085378 0.260572 0.216562
v 0.110257 0.277157 0.216572
v 0.068793 0.277140 0.239112
v 0.068793 0.235694 0.216542
v 0.052208 0.260572 0.216562
v 0.068793 0.235694 0.216542
v 0.068793 0.277140 0.239112
v 0.027330 0.277157 0.216572
v 0.068793 0.318620 -0.223348
v 0.068793 0.277168 -0.208348
v 0.085378 0.293742 -0.223328
v 0.110257 0.277157 -0.223318
v 0.027330 0.277157 -0.223318
v 0.068793 0.277168 -0.208348
v 0.052207 0.293742 -0.223328
v 0.068793 0.318620 -0.223348
v 0.110257 0.277157 -0.223318
v 0.068793 0.277168 -0.208348
v 0.085378 0.260572 -0.223308
v 0.068793 0.235694 -0.223288
v 0.052208 0.260572 -0.223308
v 0.068793 0.277168 -0.208348
v 0.027330 0.277157 -0.223318
v 0.068793 0.235694 -0.223288
v -0.151165 0.293742 0.013212
v -0.151183 0.318620 -0.003378
v -0.173693 0.277140 -0.003378
v -0.151152 0.277157 0.038092
v -0.151183 0.318620 -0.003378
v -0.151165 0.293742 -0.019958
v -0.173693 0.277140 -0.003378
v -0.151152 0.277157 -0.044838
v -0.151140 0.260572 0.013212
v -0.151152 0.277157 0.038092
v -0.173693 0.277140 -0.003378
v -0.151121 0.235694 -0.003378
v -0.151140 0.260572 -0.019958
v -0.151121 0.235694 -0.003378
v -0.173693 0.277140 -0.003378
v -0.151152 0.277157 -0.044838
v 0.288769 0.318620 -0.003378
v 0.273770 0.277168 -0.003378
v 0.288751 0.293742 0.013212
v 0.288738 0.277157 0.038092
v 0.288738 0.277157 -0.044838
v 0.273770 0.277168 -0.003378
v 0.288751 0.293742 -0.019958
v 0.288769 0.318620 -0.003378
v 0.288738 0.277157 0.038092
v 0.273770 0.277168 -0.003378
v 0.288726 0.260572 0.013212
v 0.288707 0.235694 -0.003378
v 0.288726 0.260572 -0.019958
v 0.273770 0.277168 -0.003378
v 0.288738 0.277157 -0.044838
v 0.288707 0.235694 -0.003378
v 0.069891 0.536195 -0.145428
v 0.147157 0.574735 -0.080638
v 0.170337 0.536195 -0.103818
v 0.069891 0.574735 -0.112648
v -0.007374 0.574735 -0.080638
v -0.030554 0.536195 -0.103818
v 0.131207 0.824486 -0.072798
v 0.006155 0.628095 -0.087548
v 0.006155 0.824486 -0.072798
v 0.131207 0.628095 -0.087548
v 0.170337 0.536195 -0.103818
v 0.170337 0.515529 -0.103818
v 0.069891 0.536195 -0.145428
v 0.069891 0.515529 -0.145428
v -0.030554 0.536195 -0.103818
v -0.030554 0.515529 -0.103818
v 0.224098 0.322462 -0.157578
v 0.224098 0.108463 -0.157578
v 0.069891 0.322462 -0.221458
v 0.069891 0.108463 -0.221458
v -0.084315 0.322462 -0.157578
v -0.084315 0.108463 -0.157578
v -0.085544 0.405862 -0.158808
v -0.085544 0.439062 -0.158808
v 0.069891 0.405862 -0.223198
v 0.069891 0.439062 -0.223198
v 0.225327 0.405862 -0.158808
v 0.225327 0.439062 -0.158808
v 0.224098 0.006463 -0.157578
v 0.224098 -0.204742 -0.157578
v -0.084315 -0.204742 -0.157578
v 0.069891 0.006463 -0.221458
v -0.084315 0.006463 -0.157578
v 0.069891 -0.204742 -0.221458
v 0.131207 0.502701 0.372022
v 0.006155 0.502701 0.372022
v 0.131207 0.114065 0.398022
v 0.006155 0.114065 0.398022
v 0.006155 0.824486 -0.072798
v 0.006155 0.821109 0.195462
v 0.131207 0.821109 0.195462
v 0.131207 0.824486 -0.072798
v 0.147157 0.574735 -0.080638
v 0.170337 0.536195 -0.103818
v 0.211943 0.536195 -0.003378
v 0.179162 0.574735 -0.003378
v 0.147157 0.574735 0.073892
v 0.170337 0.536195 0.097072
v 0.131207 0.824486 -0.072798
v 0.131207 0.628095 0.065462
v 0.131207 0.628095 -0.087548
v 0.131207 0.662701 0.145462
v 0.131207 0.821109 0.195462
v 0.131207 0.531109 0.432022
v 0.131207 0.502701 0.372022
v 0.131207 0.109746 0.422022
v 0.131207 0.114065 0.398022
v 0.170337 0.515529 0.097072
v 0.211943 0.515529 -0.003378
v 0.211943 0.536195 -0.003378
v 0.170337 0.536195 -0.103818
v 0.170337 0.536195 0.097072
v 0.170337 0.515529 -0.103818
v 0.224098 0.108463 0.150832
v 0.287973 0.108463 -0.003378
v 0.287973 0.322462 -0.003378
v 0.224098 0.322462 -0.157578
v 0.224098 0.322462 0.150832
v 0.224098 0.108463 -0.157578
v 0.225327 0.405862 -0.158808
v 0.225327 0.439062 -0.158808
v 0.289711 0.405862 -0.003378
v 0.225327 0.439062 0.152062
v 0.289711 0.439062 -0.003378
v 0.225327 0.405862 0.152062
v 0.224098 0.006463 0.150832
v 0.224098 -0.204742 0.150832
v 0.287973 0.006463 -0.003378
v 0.287973 -0.204742 -0.003378
v 0.224098 0.006463 -0.157578
v 0.224098 -0.204742 -0.157578
v 0.006155 0.531109 0.432022
v 0.131207 0.821109 0.195462
v 0.006155 0.821109 0.195462
v 0.131207 0.531109 0.432022
v 0.006155 0.109746 0.422022
v 0.131207 0.109746 0.422022
v 0.147157 0.574735 0.073892
v 0.170337 0.536195 0.097072
v 0.069891 0.536195 0.138682
v 0.069891 0.574735 0.105892
v -0.007374 0.574735 0.073892
v -0.030554 0.536195 0.097072
v 0.170337 0.515529 0.097072
v 0.170337 0.536195 0.097072
v 0.069891 0.515529 0.138682
v 0.069891 0.536195 0.138682
v -0.030554 0.515529 0.097072
v -0.030554 0.536195 0.097072
v 0.224098 0.108463 0.150832
v 0.224098 0.322462 0.150832
v 0.069891 0.108463 0.214712
v 0.069891 0.322462 0.214712
v -0.084315 0.108463 0.150832
v -0.084315 0.322462 0.150832
v -0.085544 0.439062 0.152062
v -0.085544 0.405862 0.152062
v 0.069891 0.439062 0.216442
v 0.069891 0.405862 0.216442
v 0.225327 0.439062 0.152062
v 0.225327 0.405862 0.152062
v 0.069891 -0.204742 0.214712
v 0.224098 0.006463 0.150832
v 0.069891 0.006463 0.214712
v 0.224098 -0.204742 0.150832
v -0.084315 -0.204742 0.150832
v -0.084315 0.006463 0.150832
v 0.006155 0.114065 0.398022
v 0.131207 0.114065 0.398022
v 0.006155 0.109746 0.422022
v 0.131207 0.109746 0.422022
v 0.006155 0.628095 0.065462
v 0.006155 0.628095 -0.087548
v 0.131207 0.628095 -0.087548
v 0.131207 0.628095 0.065462
v 0.006155 0.662701 0.145462
v 0.006155 0.628095 0.065462
v 0.131207 0.628095 0.065462
v 0.131207 0.662701 0.145462
v 0.131207 0.502701 0.372022
v 0.006155 0.502701 0.372022
v -0.007374 0.574735 -0.080638
v -0.030554 0.536195 -0.103818
v -0.072160 0.536195 -0.003378
v -0.039379 0.574735 -0.003378
v -0.007374 0.574735 0.073892
v -0.030554 0.536195 0.097072
v 0.006155 0.824486 -0.072798
v 0.006155 0.662701 0.145462
v 0.006155 0.821109 0.195462
v 0.006155 0.531109 0.432022
v 0.006155 0.628095 0.065462
v 0.006155 0.628095 -0.087548
v 0.006155 0.502701 0.372022
v 0.006155 0.109746 0.422022
v 0.006155 0.114065 0.398022
v -0.030554 0.515529 0.097072
v -0.030554 0.536195 -0.103818
v -0.030554 0.536195 0.097072
v -0.030554 0.515529 -0.103818
v -0.072160 0.515529 -0.003378
v -0.072160 0.536195 -0.003378
v -0.084315 0.108463 0.150832
v -0.084315 0.322462 -0.157578
v -0.084315 0.322462 0.150832
v -0.084315 0.108463 -0.157578
v -0.148190 0.108463 -0.003378
v -0.148190 0.322462 -0.003378
v -0.085544 0.405862 -0.158808
v -0.149928 0.439062 -0.003378
v -0.085544 0.439062 -0.158808
v -0.149928 0.405862 -0.003378
v -0.085544 0.439062 0.152062
v -0.085544 0.405862 0.152062
v -0.084315 -0.204742 0.150832
v -0.084315 0.006463 0.150832
v -0.148190 -0.204742 -0.003378
v -0.148190 0.006463 -0.003378
v -0.084315 -0.204742 -0.157578
v -0.084315 0.006463 -0.157578
v 0.067898 -0.027841 -0.261258
v 0.004563 0.051327 -0.261258
v 0.067897 0.051327 -0.293808
v 0.131232 0.051327 -0.261258
v 0.067898 -0.027841 -0.261258
v 0.067897 0.051327 -0.293808
v 0.067898 0.130495 -0.261258
v 0.131232 0.051327 -0.261258
v 0.067897 0.051327 -0.293808
v 0.004563 0.051327 -0.261258
v 0.067898 0.130495 -0.261258
v 0.067897 0.051327 -0.293808
v 0.325454 -0.027841 -0.003698
v 0.325454 0.051327 -0.067038
v 0.358001 0.051327 -0.003698
v 0.325454 0.051327 0.059632
v 0.325454 -0.027841 -0.003698
v 0.358001 0.051327 -0.003698
v 0.325454 0.130495 -0.003698
v 0.325454 0.051327 0.059632
v 0.358001 0.051327 -0.003698
v 0.325454 0.051327 -0.067038
v 0.325454 0.130495 -0.003698
v 0.358001 0.051327 -0.003698
v 0.067898 0.130495 0.254022
v 0.004563 0.051327 0.254022
v 0.067898 0.051327 0.286572
v 0.131232 0.051327 0.254022
v 0.067898 0.130495 0.254022
v 0.067898 0.051327 0.286572
v 0.067898 -0.027841 0.254022
v 0.131232 0.051327 0.254022
v 0.067898 0.051327 0.286572
v 0.004563 0.051327 0.254022
v 0.067898 -0.027841 0.254022
v 0.067898 0.051327 0.286572
v -0.189822 0.130495 -0.003698
v -0.189822 0.051327 -0.067038
v -0.222369 0.051327 -0.003698
v -0.189822 0.051327 0.059632
v -0.189822 0.130495 -0.003698
v -0.222369 0.051327 -0.003698
v -0.189822 -0.027841 -0.003698
v -0.189822 0.051327 0.059632
v -0.222369 0.051327 -0.003698
v -0.189822 0.051327 -0.067038
v -0.189822 -0.027841 -0.003698
v -0.222369 0.051327 -0.003698
v 0.229021 -0.273253 -0.162418
v 0.069945 -0.273253 -0.228308
v 0.069945 -0.233628 -0.243228
v -0.089130 -0.273253 -0.162418
v 0.239573 -0.233628 -0.172968
v -0.099682 -0.233628 -0.172968
v 0.138711 0.823784 -0.088248
v -0.001241 0.823784 -0.088248
v -0.001241 0.809632 -0.088248
v 0.138711 0.809632 -0.088248
v -0.001241 0.788336 -0.087688
v 0.138711 0.788336 -0.087688
v -0.023636 0.753181 -0.000668
v -0.018900 0.746295 0.001012
v -0.103306 0.669973 -0.047028
v -0.030732 0.757527 0.001182
v -0.181581 0.586766 0.001652
v -0.186266 0.593652 0.003472
v -0.174435 0.582420 0.003292
v -0.097354 0.664357 -0.044638
v -0.109185 0.675589 -0.044458
v -0.174868 0.606652 0.214122
v -0.106934 0.677603 0.253652
v -0.169126 0.604869 0.211352
v -0.103058 0.673870 0.249792
v 0.095303 0.017105 -0.266958
v 0.126224 -0.021545 -0.231688
v 0.067888 -0.034299 -0.266958
v 0.067888 -0.130925 -0.231688
v 0.136427 0.051375 -0.266958
v 0.213728 0.051375 -0.231688
v 0.137009 0.687459 0.199272
v 0.000754 0.687459 0.199272
v 0.137009 0.662041 0.188752
v 0.000754 0.662041 0.188752
v 0.137009 0.636624 0.199272
v 0.000754 0.636624 0.199272
v -0.000651 0.051375 -0.266958
v 0.040472 0.017105 -0.266958
v 0.009551 -0.021545 -0.231688
v -0.077953 0.051375 -0.231688
v 0.067888 -0.034299 -0.266958
v 0.067888 -0.130925 -0.231688
v 0.247394 -0.188161 -0.104098
v 0.259017 -0.180684 -0.105858
v 0.236921 -0.161095 -0.119908
v 0.254216 -0.157562 -0.118308
v 0.254184 -0.131265 -0.123338
v 0.234970 -0.128089 -0.125958
v 0.261174 -0.078778 -0.126418
v 0.237167 -0.072348 -0.129458
v 0.258919 -0.032962 -0.135208
v 0.234326 -0.042725 -0.136218
v 0.244895 -0.015778 -0.154278
v 0.227549 -0.033688 -0.145508
v 0.217963 -0.082140 -0.170898
v 0.228222 -0.067717 -0.152078
v 0.236831 -0.078556 -0.155048
v -0.009922 0.633195 -0.083208
v -0.018198 0.601456 -0.091488
v 0.069945 0.601456 -0.127998
v 0.069945 0.633195 -0.116288
v 0.149813 0.633195 -0.083208
v 0.158089 0.601456 -0.091488
v -0.109924 -0.188161 -0.104098
v -0.121547 -0.180684 -0.105858
v -0.099451 -0.161095 -0.119908
v -0.116746 -0.157562 -0.118308
v -0.116714 -0.131265 -0.123338
v -0.097500 -0.128089 -0.125958
v -0.123704 -0.078778 -0.126418
v -0.099697 -0.072348 -0.129458
v -0.121449 -0.032962 -0.135208
v -0.096856 -0.042725 -0.136218
v -0.107425 -0.015778 -0.154278
v -0.090079 -0.033688 -0.145508
v -0.080493 -0.082140 -0.170898
v -0.090752 -0.067717 -0.152078
v -0.099361 -0.078556 -0.155048
v 0.125464 0.051375 -0.261188
v 0.095303 0.085644 -0.266958
v 0.136427 0.051375 -0.266958
v 0.095303 0.017105 -0.266958
v 0.090918 0.080163 -0.261188
v 0.090918 0.022587 -0.261188
v 0.067888 0.123346 -0.261188
v 0.067888 -0.020596 -0.261188
v 0.067888 0.137049 -0.266958
v 0.067888 -0.034299 -0.266958
v 0.040472 0.085644 -0.266958
v 0.040472 0.017105 -0.266958
v 0.044857 0.080163 -0.261188
v 0.044857 0.022587 -0.261188
v 0.010311 0.051375 -0.261188
v -0.000651 0.051375 -0.266958
v 0.224152 0.006506 -0.157548
v 0.231657 0.021851 -0.165058
v 0.069945 0.021851 -0.232038
v 0.069945 0.006506 -0.221428
v -0.084261 0.006506 -0.157548
v -0.091766 0.021851 -0.165058
v 0.260034 0.179518 -0.091928
v 0.270220 0.141855 -0.104448
v 0.251015 0.151103 -0.107548
v 0.280737 0.179094 -0.086228
v 0.257269 0.126020 -0.126878
v 0.260339 0.196295 -0.091398
v 0.243030 0.141226 -0.121378
v 0.280393 0.202910 -0.086808
v 0.250935 0.219249 -0.107688
v 0.268148 0.232316 -0.108018
v 0.244406 0.244397 -0.149148
v 0.226111 0.234090 -0.150678
v 0.235973 0.265244 -0.163758
v 0.215877 0.260882 -0.168408
v 0.234794 0.294610 -0.165728
v 0.214880 0.299849 -0.170128
v 0.230034 0.321248 -0.143888
v 0.243231 0.125938 -0.151168
v 0.226128 0.113738 -0.150648
v 0.234227 0.141526 -0.166758
v 0.214248 0.136742 -0.171228
v 0.232136 0.168719 -0.170268
v 0.212333 0.173809 -0.174548
v -0.027862 0.773598 0.106572
v -0.016096 0.789495 0.105002
v -0.022681 0.773598 0.105002
v -0.012296 0.785695 0.106242
v -0.019760 0.793159 0.106572
v -0.009407 0.764389 0.110102
v -0.000199 0.760575 0.110102
v -0.013222 0.773598 0.110102
v -0.000199 0.801261 0.106572
v 0.019362 0.793159 0.106572
v 0.015698 0.789495 0.105002
v -0.000199 0.796080 0.105002
v -0.000199 0.790705 0.106242
v 0.012824 0.773598 0.110102
v -0.000199 0.786621 0.110102
v 0.009010 0.782806 0.110102
v 0.016909 0.773598 0.106242
v 0.009010 0.764389 0.110102
v -0.009407 0.782806 0.110102
v 0.011898 0.785695 0.106242
v -0.132750 0.141855 -0.104448
v -0.122564 0.179518 -0.091928
v -0.113545 0.151103 -0.107548
v -0.143268 0.179094 -0.086228
v -0.119799 0.126020 -0.126878
v -0.122869 0.196295 -0.091398
v -0.105560 0.141226 -0.121378
v -0.142923 0.202910 -0.086808
v -0.113465 0.219249 -0.107688
v -0.130678 0.232316 -0.108028
v -0.106936 0.244397 -0.149148
v -0.088641 0.234090 -0.150678
v -0.098503 0.265244 -0.163758
v -0.078408 0.260882 -0.168408
v -0.097324 0.294610 -0.165728
v -0.077410 0.299849 -0.170128
v -0.092564 0.321248 -0.143888
v 0.224344 -0.018495 -0.175468
v 0.208945 -0.002754 -0.171708
v 0.210797 -0.035759 -0.187918
v 0.191770 -0.029194 -0.189778
v 0.189835 -0.062505 -0.188448
v 0.209961 -0.060252 -0.186258
v 0.204018 -0.091940 -0.167838
v 0.217963 -0.082140 -0.170898
v 0.136427 0.051375 -0.266958
v 0.126224 0.124295 -0.231688
v 0.213728 0.051375 -0.231688
v 0.095303 0.085644 -0.266958
v 0.067888 0.137049 -0.266958
v 0.067888 0.233675 -0.231688
v -0.105761 0.125938 -0.151168
v -0.088658 0.113738 -0.150648
v -0.096757 0.141526 -0.166758
v -0.076778 0.136742 -0.171228
v -0.094666 0.168719 -0.170268
v -0.074863 0.173809 -0.174548
v 0.009551 0.124295 -0.231688
v 0.067888 0.233675 -0.231688
v 0.067888 0.137049 -0.266958
v 0.040472 0.085644 -0.266958
v -0.000651 0.051375 -0.266958
v -0.077953 0.051375 -0.231688
v -0.158793 0.591392 0.213882
v -0.090859 0.662343 0.253412
v -0.160915 0.597074 0.211232
v -0.029935 0.735078 0.209312
v -0.094847 0.666076 0.249672
v -0.034576 0.738423 0.208612
v -0.098968 0.669973 0.248652
v -0.164508 0.601524 0.210522
v -0.038146 0.742872 0.209432
v -0.040189 0.748554 0.212142
v -0.086874 -0.018495 -0.175468
v -0.071475 -0.002754 -0.171708
v -0.073327 -0.035759 -0.187918
v -0.054300 -0.029194 -0.189778
v -0.052365 -0.062505 -0.188448
v -0.072491 -0.060252 -0.186258
v -0.066548 -0.091940 -0.167838
v -0.080493 -0.082140 -0.170898
v 0.242652 0.458473 -0.176048
v 0.242652 0.500356 -0.176048
v 0.069945 0.500356 -0.247588
v 0.069945 0.458473 -0.247588
v -0.102761 0.500356 -0.176048
v -0.102761 0.458473 -0.176048
v -0.101034 0.345881 -0.174318
v -0.101034 0.384881 -0.174318
v 0.069945 0.345881 -0.245148
v 0.069945 0.384881 -0.245148
v 0.240925 0.345881 -0.174318
v 0.240925 0.384881 -0.174318
v 0.231657 0.093160 -0.165058
v 0.231657 0.021851 -0.165058
v -0.091766 0.021851 -0.165058
v 0.069945 0.093160 -0.232038
v -0.091766 0.093160 -0.165058
v 0.069945 0.021851 -0.232038
v -0.001241 0.093021 0.416352
v 0.138711 0.093021 0.416352
v 0.138711 0.110028 0.407552
v -0.001241 0.110028 0.407552
v -0.078731 -0.032998 0.152202
v -0.063126 -0.016340 0.148792
v -0.071483 -0.040867 0.160192
v -0.051738 -0.033800 0.162992
v -0.050862 -0.058290 0.161312
v -0.071499 -0.055495 0.158552
v -0.076177 -0.069261 0.151302
v -0.061934 -0.080456 0.148452
v 0.072614 0.051375 -0.003638
v -0.160325 -0.130925 -0.003638
v -0.160325 0.233675 -0.003638
v -0.160325 -0.021545 -0.061968
v -0.160325 0.124295 -0.061968
v 0.216201 -0.032998 0.152202
v 0.200596 -0.016340 0.148792
v 0.208953 -0.040867 0.160192
v 0.189208 -0.033800 0.162992
v 0.188332 -0.058290 0.161312
v 0.208969 -0.055495 0.158552
v 0.213647 -0.069261 0.151302
v 0.199404 -0.080456 0.148452
v -0.096695 0.139098 0.129462
v -0.079660 0.125938 0.128822
v -0.090922 0.147027 0.139462
v -0.070655 0.141526 0.144422
v -0.088975 0.163261 0.142832
v -0.068666 0.168719 0.147982
v -0.097935 0.193607 0.127312
v -0.125670 0.133194 0.079272
v -0.137570 0.179194 0.058662
v -0.117143 0.179094 0.063872
v -0.116816 0.202910 0.064462
v -0.106623 0.141855 0.082092
v -0.136460 0.209402 0.060582
v -0.107719 0.111396 0.110362
v -0.104564 0.232316 0.085672
v -0.093675 0.126020 0.104522
v -0.121571 0.244737 0.086372
v -0.099169 0.255547 0.125172
v -0.080824 0.244397 0.126792
v -0.092793 0.270006 0.136222
v -0.072386 0.265244 0.141402
v -0.091489 0.289493 0.138472
v -0.071264 0.294610 0.143412
v -0.092564 0.321248 0.136612
v 0.072614 0.051375 -0.003638
v 0.295937 0.233675 -0.003638
v 0.295937 0.124295 -0.061968
v 0.295937 -0.021545 -0.061968
v 0.295937 -0.130925 -0.003638
v 0.263140 0.133194 0.079272
v 0.254613 0.179094 0.063872
v 0.275040 0.179195 0.058662
v 0.254286 0.202910 0.064462
v 0.244093 0.141855 0.082092
v 0.273930 0.209402 0.060582
v 0.245189 0.111396 0.110362
v 0.242034 0.232316 0.085672
v 0.231145 0.126020 0.104522
v 0.259041 0.244737 0.086372
v 0.236639 0.255547 0.125172
v 0.218294 0.244397 0.126792
v 0.230263 0.270006 0.136222
v 0.209856 0.265244 0.141402
v 0.228959 0.289493 0.138472
v 0.208734 0.294610 0.143412
v 0.230034 0.321248 0.136612
v 0.224152 0.108506 -0.157548
v -0.084261 0.108506 -0.157548
v 0.231657 0.093160 -0.165058
v -0.091766 0.093160 -0.165058
v 0.069945 0.093160 -0.232038
v 0.069945 0.108506 -0.221428
v 0.234165 0.139098 0.129462
v 0.217130 0.125938 0.128822
v 0.228392 0.147027 0.139462
v 0.208125 0.141526 0.144422
v 0.226445 0.163261 0.142832
v 0.206136 0.168719 0.147982
v 0.235405 0.193607 0.127312
v 0.019362 0.754037 0.106572
v 0.027465 0.773598 0.106572
v 0.022283 0.773598 0.105002
v 0.015698 0.757701 0.105002
v -0.000199 0.745935 0.106572
v -0.019760 0.754037 0.106572
v -0.000199 0.751116 0.105002
v -0.016096 0.757701 0.105002
v -0.000199 0.756490 0.106242
v 0.011898 0.761501 0.106242
v -0.012296 0.761501 0.106242
v -0.017306 0.773598 0.106242
v -0.118767 -0.171755 0.087822
v -0.106770 -0.179344 0.086502
v -0.129279 -0.199127 0.071932
v -0.098053 -0.155867 0.095762
v -0.115643 -0.152167 0.093822
v -0.115425 -0.132364 0.096282
v -0.096004 -0.129387 0.099142
v -0.121134 -0.083098 0.094772
v -0.097334 -0.076386 0.097592
v -0.118091 -0.021220 0.105362
v -0.094150 -0.030486 0.105622
v -0.097149 0.003694 0.133742
v -0.080118 -0.013300 0.124692
v -0.066548 -0.091940 0.160562
v -0.085027 -0.077256 0.136052
v -0.092950 -0.087414 0.139932
v -0.094168 -0.059192 0.131292
v 0.256237 -0.171755 0.087822
v 0.266749 -0.199127 0.071932
v 0.244240 -0.179344 0.086502
v 0.235523 -0.155867 0.095762
v 0.253113 -0.152167 0.093822
v 0.252895 -0.132364 0.096282
v 0.233474 -0.129387 0.099142
v 0.258604 -0.083098 0.094772
v 0.234804 -0.076386 0.097592
v 0.255561 -0.021221 0.105362
v 0.231620 -0.030486 0.105622
v 0.234619 0.003694 0.133742
v 0.217588 -0.013300 0.124692
v 0.204018 -0.091940 0.160562
v 0.222497 -0.077256 0.136052
v 0.230420 -0.087414 0.139932
v 0.231638 -0.059192 0.131292
v 0.147211 0.574778 -0.080608
v 0.158089 0.601456 -0.091488
v 0.069945 0.601456 -0.127998
v 0.069945 0.574778 -0.112608
v -0.007320 0.574778 -0.080608
v -0.018198 0.601456 -0.091488
v -0.024114 0.733294 0.211912
v -0.001241 0.809632 0.186492
v 0.138711 0.809632 0.186492
v 0.138711 0.526931 0.421822
v -0.001241 0.526931 0.421822
v 0.138711 0.110028 0.407552
v -0.001241 0.110028 0.407552
v 0.138720 0.788507 -0.047128
v -0.002431 0.788507 -0.047128
v 0.138720 0.763089 -0.057658
v -0.002431 0.763089 -0.057658
v 0.138720 0.737671 -0.047128
v -0.002431 0.737671 -0.047128
v 0.136827 0.769047 0.112282
v 0.020451 0.769047 0.112282
v 0.020451 0.774481 0.109142
v 0.136827 0.774481 0.109142
v 0.020451 0.779914 0.112282
v 0.136827 0.779914 0.112282
v 0.224152 -0.204699 -0.157548
v 0.239573 -0.233628 -0.172968
v 0.069945 -0.233628 -0.243228
v 0.069945 -0.204699 -0.221428
v -0.084261 -0.204699 -0.157548
v -0.099682 -0.233628 -0.172968
v -0.001241 0.838554 -0.054838
v -0.001241 0.838554 0.196492
v 0.138711 0.838554 0.196492
v 0.138711 0.838554 -0.054838
v -0.001241 0.838554 -0.066538
v 0.138711 0.838554 -0.066538
v 0.138711 0.823784 -0.088248
v -0.001241 0.823784 -0.088248
v -0.027417 0.757527 0.227112
v -0.020271 0.753181 0.228752
v -0.104498 0.675589 0.275042
v 0.003138 0.791467 0.113672
v -0.034534 0.757876 0.222612
v 0.010758 0.787646 0.113562
v -0.108476 0.679275 0.268592
v -0.109233 0.679880 0.260492
v -0.023636 0.753181 -0.000668
v -0.030732 0.757527 0.001182
v -0.037713 0.757876 0.005892
v -0.109185 0.675589 -0.044458
v -0.112972 0.679275 -0.037898
v -0.113491 0.679880 -0.029788
v -0.183522 0.605437 0.013762
v -0.211283 0.574601 0.116822
v -0.177738 0.606653 0.018492
v -0.180511 0.605437 0.219022
v -0.174868 0.606652 0.214122
v -0.204196 0.577264 0.116712
v -0.197648 0.576287 0.116622
v -0.171916 0.604869 0.021092
v -0.106934 0.677603 0.253652
v -0.169126 0.604869 0.211352
v -0.192802 0.573171 0.116552
v -0.110993 0.677603 -0.023008
v -0.167276 0.601524 0.021792
v 0.000754 0.687459 0.250112
v 0.137009 0.697987 0.224692
v 0.000754 0.697987 0.224692
v 0.137009 0.687459 0.199272
v 0.137009 0.687459 0.250112
v 0.000754 0.687459 0.199272
v 0.217963 -0.082140 -0.170898
v 0.213647 -0.069261 -0.158568
v 0.228222 -0.067717 -0.152078
v 0.236831 -0.078556 -0.155048
v 0.231638 -0.059192 -0.138558
v -0.043004 0.633195 -0.003338
v 0.069945 0.633195 0.109612
v 0.182895 0.633195 -0.003338
v 0.149813 0.633195 0.076522
v -0.009922 0.633195 0.076522
v 0.069945 0.633195 -0.116288
v -0.009922 0.633195 -0.083208
v 0.149813 0.633195 -0.083208
v -0.080493 -0.082140 -0.170898
v -0.076177 -0.069261 -0.158568
v -0.090752 -0.067717 -0.152078
v -0.099361 -0.078556 -0.155048
v -0.094168 -0.059192 -0.138558
v 0.217963 -0.082140 0.163622
v 0.213647 -0.069261 0.151302
v 0.228222 -0.067717 0.144812
v 0.236831 -0.078556 0.147772
v 0.231638 -0.059192 0.131292
v 0.257269 0.126020 -0.126878
v 0.243030 0.141226 -0.121378
v 0.234165 0.139098 -0.136728
v 0.243231 0.125938 -0.151168
v -0.080493 -0.082140 0.163622
v -0.076177 -0.069261 0.151302
v -0.090752 -0.067717 0.144812
v -0.099361 -0.078556 0.147772
v -0.094168 -0.059192 0.131292
v 0.259041 0.244737 -0.093648
v 0.268148 0.232316 -0.108018
v 0.236639 0.255547 -0.132448
v 0.244406 0.244397 -0.149148
v 0.232136 0.168719 -0.170268
v 0.212333 0.173809 -0.174548
v 0.235405 0.193607 -0.134578
v -0.019760 0.793159 0.106572
v -0.009407 0.764389 0.110102
v -0.008324 0.765472 0.115592
v -0.000199 0.760575 0.110102
v -0.022373 0.795773 0.110442
v -0.000199 0.804957 0.110442
v -0.023318 0.796717 0.115592
v -0.000199 0.806294 0.115592
v -0.000199 0.801261 0.106572
v 0.019362 0.793159 0.106572
v -0.022373 0.795773 0.120742
v -0.000199 0.804957 0.120742
v -0.019760 0.793159 0.124602
v -0.000199 0.801261 0.124602
v 0.019362 0.793159 0.124602
v 0.009010 0.764389 0.121072
v 0.007927 0.765472 0.115592
v 0.009010 0.764389 0.110102
v -0.000199 0.762106 0.115592
v -0.000199 0.760575 0.121072
v -0.009407 0.764389 0.121072
v -0.119799 0.126020 -0.126878
v -0.105560 0.141226 -0.121378
v -0.096695 0.139098 -0.136728
v -0.105761 0.125938 -0.151168
v 0.259041 0.244737 0.086372
v 0.268148 0.232316 0.100752
v 0.236639 0.255547 0.125172
v 0.244406 0.244397 0.141872
v 0.232136 0.168719 0.162992
v 0.212333 0.173809 0.167272
v 0.235405 0.193607 0.127312
v 0.069945 0.500356 0.240902
v 0.242652 0.500356 0.169362
v 0.170391 0.515572 0.097102
v 0.314189 0.500356 -0.003338
v 0.069945 0.515572 0.138712
v 0.211997 0.515572 -0.003338
v -0.102761 0.500356 0.169362
v 0.242652 0.500356 -0.176048
v -0.030500 0.515572 0.097102
v 0.170391 0.515572 -0.103788
v -0.174298 0.500356 -0.003338
v 0.069945 0.515572 -0.145398
v -0.072106 0.515572 -0.003338
v 0.069945 0.500356 -0.247588
v -0.102761 0.500356 -0.176048
v -0.030500 0.515572 -0.103788
v 0.234619 0.003694 -0.141018
v 0.244895 -0.015778 -0.154278
v 0.224344 -0.018495 -0.175468
v 0.208945 -0.002754 -0.171708
v 0.257269 0.126020 0.119602
v 0.243030 0.141226 0.114102
v 0.234165 0.139098 0.129462
v 0.243231 0.125938 0.143892
v -0.121571 0.244737 -0.093648
v -0.130678 0.232316 -0.108028
v -0.099169 0.255547 -0.132448
v -0.106936 0.244397 -0.149148
v -0.094666 0.168719 -0.170268
v -0.074863 0.173809 -0.174548
v -0.097935 0.193607 -0.134578
v 0.234619 0.003694 0.133742
v 0.244895 -0.015778 0.147012
v 0.224344 -0.018495 0.168202
v 0.208945 -0.002754 0.164432
v -0.164508 0.601524 0.210522
v -0.039202 0.754324 0.216952
v -0.011441 0.785159 0.113892
v -0.005223 0.790434 0.113802
v -0.042213 0.754324 0.011692
v -0.121571 0.244737 0.086372
v -0.130678 0.232316 0.100752
v -0.099169 0.255547 0.125172
v -0.106936 0.244397 0.141872
v -0.094666 0.168719 0.162992
v -0.074863 0.173809 0.167272
v -0.097935 0.193607 0.127312
v -0.119799 0.126020 0.119602
v -0.105560 0.141226 0.114102
v -0.096695 0.139098 0.129462
v -0.105761 0.125938 0.143892
v -0.097149 0.003694 -0.141018
v -0.107425 -0.015778 -0.154278
v -0.086874 -0.018495 -0.175468
v -0.071475 -0.002754 -0.171708
v -0.097149 0.003694 0.133742
v -0.107425 -0.015778 0.147012
v -0.086874 -0.018495 0.168202
v -0.071475 -0.002754 0.164432
v 0.240925 0.384881 0.167642
v 0.069945 0.405905 0.216482
v 0.069945 0.384881 0.238462
v -0.101034 0.384881 0.167642
v 0.225381 0.405905 0.152092
v -0.085490 0.405905 0.152092
v 0.289765 0.405905 -0.003338
v -0.149874 0.405905 -0.003338
v 0.311747 0.384881 -0.003338
v -0.171856 0.384881 -0.003338
v 0.240925 0.384881 -0.174318
v -0.101034 0.384881 -0.174318
v 0.225381 0.405905 -0.158778
v -0.085490 0.405905 -0.158778
v 0.069945 0.384881 -0.245148
v 0.069945 0.405905 -0.223158
v -0.076177 -0.069261 0.151302
v -0.061934 -0.080456 0.148452
v -0.085027 -0.077256 0.136052
v -0.090752 -0.067717 0.144812
v -0.076177 -0.069261 -0.158568
v -0.061934 -0.080456 -0.155728
v -0.085027 -0.077256 -0.143328
v -0.090752 -0.067717 -0.152078
v 0.067888 0.051375 -0.008358
v 0.213728 0.051375 0.224572
v 0.126224 0.124295 0.224572
v 0.009551 0.124295 0.224572
v -0.077953 0.051375 0.224572
v 0.072614 0.051375 -0.003638
v -0.160325 0.051375 0.142202
v -0.160325 0.124295 0.054702
v -0.160325 0.124295 -0.061968
v -0.160325 0.051375 -0.149478
v 0.213647 -0.069261 0.151302
v 0.199404 -0.080456 0.148452
v 0.222497 -0.077256 0.136052
v 0.228222 -0.067717 0.144812
v -0.093675 0.126020 0.104522
v -0.105560 0.141226 0.114102
v -0.096695 0.139098 0.129462
v -0.079660 0.125938 0.128822
v -0.104564 0.232316 0.085672
v -0.121571 0.244737 0.086372
v -0.099169 0.255547 0.125172
v -0.080824 0.244397 0.126792
v -0.068666 0.168719 0.147982
v -0.074863 0.173809 0.167272
v -0.097935 0.193607 0.127312
v -0.093675 0.126020 -0.111798
v -0.105560 0.141226 -0.121378
v -0.096695 0.139098 -0.136728
v -0.079660 0.125938 -0.136098
v 0.213647 -0.069261 -0.158568
v 0.199404 -0.080456 -0.155728
v 0.222497 -0.077256 -0.143328
v 0.228222 -0.067717 -0.152078
v 0.072614 0.051375 -0.003638
v 0.295937 0.124295 -0.061968
v 0.295937 0.124295 0.054702
v 0.295937 0.051375 -0.149478
v 0.295937 0.051375 0.142202
v 0.242034 0.232316 0.085672
v 0.259041 0.244737 0.086372
v 0.236639 0.255547 0.125172
v 0.218294 0.244397 0.126792
v 0.206136 0.168719 0.147982
v 0.212333 0.173809 0.167272
v 0.235405 0.193607 0.127312
v 0.067888 0.051375 -0.008358
v 0.009551 0.124295 -0.231688
v 0.126224 0.124295 -0.231688
v -0.077953 0.051375 -0.231688
v 0.213728 0.051375 -0.231688
v 0.231145 0.126020 0.104522
v 0.243030 0.141226 0.114102
v 0.234165 0.139098 0.129462
v 0.217130 0.125938 0.128822
v -0.104564 0.232316 -0.092948
v -0.121571 0.244737 -0.093648
v -0.099169 0.255547 -0.132448
v -0.080824 0.244397 -0.134068
v -0.068666 0.168719 -0.155258
v -0.074863 0.173809 -0.174548
v -0.097935 0.193607 -0.134578
v 0.021976 0.795773 0.120742
v 0.022921 0.796717 0.115592
v 0.021976 0.795773 0.110442
v 0.231145 0.126020 -0.111798
v 0.243030 0.141226 -0.121378
v 0.234165 0.139098 -0.136728
v 0.217130 0.125938 -0.136098
v -0.097149 0.003694 0.133742
v -0.080118 -0.013300 0.124692
v -0.063126 -0.016340 0.148792
v -0.071475 -0.002754 0.164432
v 0.242034 0.232316 -0.092948
v 0.259041 0.244737 -0.093648
v 0.236639 0.255547 -0.132448
v 0.218294 0.244397 -0.134068
v 0.206136 0.168719 -0.155258
v 0.212333 0.173809 -0.174548
v 0.235405 0.193607 -0.134578
v 0.234619 0.003694 0.133742
v 0.217588 -0.013300 0.124692
v 0.200596 -0.016340 0.148792
v 0.208945 -0.002754 0.164432
v -0.097149 0.003694 -0.141018
v -0.080118 -0.013300 -0.131958
v -0.063126 -0.016340 -0.156058
v -0.071475 -0.002754 -0.171708
v 0.234619 0.003694 -0.141018
v 0.217588 -0.013300 -0.131958
v 0.200596 -0.016340 -0.156058
v 0.208945 -0.002754 -0.171708
v -0.002431 0.788507 0.003702
v 0.138720 0.799035 -0.021718
v -0.002431 0.799035 -0.021718
v 0.138720 0.788507 -0.047128
v 0.138720 0.788507 0.003702
v -0.002431 0.788507 -0.047128
v 0.020451 0.779914 0.112282
v 0.136827 0.779914 0.112282
v 0.020451 0.779914 0.118552
v 0.136827 0.779914 0.118552
v 0.229021 -0.273253 -0.162418
v 0.239573 -0.233628 -0.172968
v 0.309835 -0.233628 -0.003338
v 0.294912 -0.273253 -0.003338
v 0.229021 -0.273253 0.155732
v 0.239573 -0.233628 0.166282
v -0.020271 0.753181 0.228752
v 0.010758 0.787646 0.113562
v 0.014970 0.780235 0.113502
v -0.015586 0.746295 0.226932
v -0.023636 0.753181 -0.000668
v 0.014374 0.771831 0.113512
v -0.018900 0.746295 0.001012
v -0.092667 0.664357 0.274862
v -0.014937 0.739273 0.222322
v -0.088880 0.660672 0.268302
v -0.088361 0.660066 0.260192
v -0.018330 0.734510 0.216642
v 0.009431 0.765345 0.113582
v -0.097354 0.664357 -0.044638
v -0.192802 0.573171 0.116552
v -0.167276 0.601524 0.021792
v 0.295937 -0.021545 -0.061968
v 0.295937 0.051375 -0.149478
v 0.331214 0.051375 -0.072178
v 0.331214 0.017105 -0.031048
v 0.331214 -0.034299 -0.003638
v 0.295937 -0.130925 -0.003638
v 0.216201 -0.032998 -0.159468
v 0.224344 -0.018495 -0.175468
v 0.208953 -0.040867 -0.167468
v 0.210797 -0.035759 -0.187918
v 0.209961 -0.060252 -0.186258
v 0.208969 -0.055495 -0.165828
v 0.217963 -0.082140 -0.170898
v 0.213647 -0.069261 -0.158568
v 0.331214 -0.034299 -0.003638
v 0.331214 0.017105 0.023782
v 0.295937 -0.021545 0.054702
v 0.295937 -0.130925 -0.003638
v 0.331214 0.051375 0.064902
v 0.295937 0.051375 0.142202
v 0.149813 0.633195 -0.083208
v 0.149813 0.633195 0.076522
v 0.158089 0.601456 -0.091488
v 0.158089 0.601456 0.084802
v 0.194599 0.601456 -0.003338
v 0.182895 0.633195 -0.003338
v 0.325444 0.051375 0.053942
v 0.325444 0.080163 0.019392
v 0.331214 0.085644 0.023782
v 0.325444 0.123346 -0.003638
v 0.331214 0.051375 0.064902
v 0.331214 0.137049 -0.003638
v 0.331214 0.017105 0.023782
v 0.331214 0.085644 -0.031048
v 0.325444 0.022587 0.019392
v 0.325444 0.080163 -0.026668
v 0.325444 -0.020596 -0.003638
v 0.325444 0.051375 -0.061208
v 0.331214 -0.034299 -0.003638
v 0.331214 0.051375 -0.072178
v 0.331214 0.017105 -0.031048
v 0.325444 0.022587 -0.026668
v 0.224152 0.006506 0.150862
v 0.288027 0.006506 -0.003338
v 0.298640 0.021851 -0.003338
v 0.224152 0.006506 -0.157548
v 0.231657 0.021851 0.158372
v 0.231657 0.021851 -0.165058
v 0.216201 -0.032998 0.152202
v 0.224344 -0.018495 0.168202
v 0.208953 -0.040867 0.160192
v 0.210797 -0.035759 0.180642
v 0.209961 -0.060252 0.178992
v 0.208969 -0.055495 0.158552
v 0.217963 -0.082140 0.163622
v 0.213647 -0.069261 0.151302
v 0.234165 0.139098 -0.136728
v 0.243231 0.125938 -0.151168
v 0.228392 0.147027 -0.146728
v 0.234227 0.141526 -0.166758
v 0.226445 0.163261 -0.150098
v 0.232136 0.168719 -0.170268
v 0.235405 0.193607 -0.134578
v 0.280737 0.179094 -0.086228
v 0.263140 0.133194 -0.086548
v 0.270220 0.141855 -0.104448
v 0.275040 0.179195 -0.065928
v 0.245189 0.111396 -0.117638
v 0.280393 0.202910 -0.086808
v 0.257269 0.126020 -0.126878
v 0.273930 0.209402 -0.067858
v 0.259041 0.244737 -0.093648
v 0.268148 0.232316 -0.108018
v 0.236639 0.255547 -0.132448
v 0.244406 0.244397 -0.149148
v 0.230263 0.270006 -0.143488
v 0.235973 0.265244 -0.163758
v 0.228959 0.289493 -0.145748
v 0.234794 0.294610 -0.165728
v 0.230034 0.321248 -0.143888
v -0.009407 0.764389 0.110102
v -0.008324 0.765472 0.115592
v -0.013222 0.773598 0.110102
v 0.019362 0.793159 0.106572
v 0.019362 0.754037 0.124602
v 0.019362 0.793159 0.124602
v -0.013222 0.773598 0.121072
v -0.009407 0.782806 0.121072
v -0.008324 0.781724 0.115592
v -0.009407 0.764389 0.121072
v -0.011690 0.773598 0.115592
v -0.009407 0.782806 0.110102
v 0.263140 0.133194 0.079272
v 0.280738 0.179094 0.078962
v 0.270220 0.141855 0.097182
v 0.275040 0.179195 0.058662
v 0.245189 0.111396 0.110362
v 0.280393 0.202910 0.079532
v 0.257269 0.126020 0.119602
v 0.273930 0.209402 0.060582
v 0.259041 0.244737 0.086372
v 0.268148 0.232316 0.100752
v 0.236639 0.255547 0.125172
v 0.244406 0.244397 0.141872
v 0.230263 0.270006 0.136222
v 0.235973 0.265244 0.156482
v 0.228959 0.289493 0.138472
v 0.234794 0.294610 0.158462
v 0.230034 0.321248 0.136612
v 0.259017 -0.180684 -0.105858
v 0.256237 -0.171755 -0.095098
v 0.266749 -0.199127 -0.079198
v 0.254216 -0.157562 -0.118308
v 0.253113 -0.152167 -0.101088
v 0.252895 -0.132364 -0.103558
v 0.254184 -0.131265 -0.123338
v 0.258604 -0.083098 -0.102038
v 0.261174 -0.078778 -0.126418
v 0.255561 -0.021221 -0.112628
v 0.258919 -0.032962 -0.135208
v 0.234619 0.003694 -0.141018
v 0.244895 -0.015778 -0.154278
v 0.230420 -0.087414 -0.147208
v 0.236831 -0.078556 -0.155048
v 0.231638 -0.059192 -0.138558
v 0.234165 0.139098 0.129462
v 0.243231 0.125938 0.143892
v 0.228392 0.147027 0.139462
v 0.234227 0.141526 0.159492
v 0.226445 0.163261 0.142832
v 0.232136 0.168719 0.162992
v 0.235405 0.193607 0.127312
v 0.295937 0.233675 -0.003638
v 0.331214 0.137049 -0.003638
v 0.295937 0.124295 -0.061968
v 0.331214 0.085644 -0.031048
v 0.331214 0.051375 -0.072178
v 0.295937 0.051375 -0.149478
v 0.259017 -0.180684 0.098582
v 0.266749 -0.199127 0.071932
v 0.256237 -0.171755 0.087822
v 0.254216 -0.157562 0.111042
v 0.253113 -0.152167 0.093822
v 0.252895 -0.132364 0.096282
v 0.254184 -0.131265 0.116062
v 0.258604 -0.083098 0.094772
v 0.261174 -0.078778 0.119142
v 0.255561 -0.021221 0.105362
v 0.258919 -0.032962 0.127942
v 0.234619 0.003694 0.133742
v 0.244895 -0.015778 0.147012
v 0.230420 -0.087414 0.139932
v 0.236831 -0.078556 0.147772
v 0.231638 -0.059192 0.131292
v -0.158793 0.591392 0.213882
v -0.090859 0.662343 0.253412
v -0.160915 0.597074 0.211232
v -0.164508 0.601524 0.210522
v 0.295937 0.124295 0.054702
v 0.295937 0.051375 0.142202
v 0.331214 0.051375 0.064902
v 0.331214 0.085644 0.023782
v 0.331214 0.137049 -0.003638
v 0.295937 0.233675 -0.003638
v 0.138720 0.763089 0.014232
v 0.138720 0.727143 -0.021718
v 0.138720 0.737671 -0.047128
v 0.138720 0.737671 0.003702
v 0.138720 0.788507 -0.047128
v 0.138720 0.763089 -0.057658
v 0.138720 0.799035 -0.021718
v 0.138720 0.788507 0.003702
v 0.138711 0.838554 -0.054838
v 0.138711 0.809632 0.186492
v 0.138711 0.809632 -0.055658
v 0.138711 0.838554 0.196492
v 0.138711 0.535852 0.446492
v 0.138711 0.838554 -0.066538
v 0.138711 0.526931 0.421822
v 0.138711 0.110028 0.407552
v 0.138711 0.093062 0.433152
v 0.138711 0.093021 0.416352
v 0.138711 0.788326 -0.079528
v 0.138711 0.788280 -0.069018
v 0.138711 0.809632 -0.088248
v 0.138711 0.823784 -0.088248
v 0.138711 0.788336 -0.087688
v 0.137009 0.636624 0.199272
v 0.137009 0.662041 0.260642
v 0.137009 0.636624 0.250112
v 0.137009 0.626095 0.224692
v 0.137009 0.697987 0.224692
v 0.137009 0.687459 0.250112
v 0.137009 0.687459 0.199272
v 0.137009 0.662041 0.188752
v 0.136827 0.774481 0.121692
v 0.136827 0.769047 0.112282
v 0.136827 0.779914 0.112282
v 0.136827 0.774481 0.109142
v 0.136827 0.769047 0.118552
v 0.136827 0.779914 0.118552
v 0.314189 0.458473 -0.003338
v 0.242652 0.458473 -0.176048
v 0.242652 0.500356 -0.176048
v 0.314189 0.500356 -0.003338
v 0.242652 0.458473 0.169362
v 0.242652 0.500356 0.169362
v 0.240925 0.384881 0.167642
v 0.240925 0.345881 0.167642
v 0.240925 0.345881 -0.174318
v 0.311747 0.384881 -0.003338
v 0.240925 0.384881 -0.174318
v 0.311747 0.345881 -0.003338
v 0.231657 0.093160 0.158372
v 0.231657 0.021851 0.158372
v 0.298640 0.093160 -0.003338
v 0.298640 0.021851 -0.003338
v 0.231657 0.093160 -0.165058
v 0.231657 0.021851 -0.165058
v -0.106770 -0.179344 0.086502
v -0.109924 -0.188161 0.096822
v -0.129279 -0.199127 0.071932
v -0.099451 -0.161095 0.112642
v -0.098053 -0.155867 0.095762
v -0.096004 -0.129387 0.099142
v -0.097500 -0.128089 0.118692
v -0.097334 -0.076386 0.097592
v -0.099697 -0.072348 0.122182
v -0.094150 -0.030486 0.105622
v -0.096856 -0.042725 0.128952
v -0.080118 -0.013300 0.124692
v -0.090079 -0.033688 0.138242
v -0.078731 -0.032998 0.152202
v -0.085027 -0.077256 0.136052
v -0.090752 -0.067717 0.144812
v -0.094168 -0.059192 0.131292
v -0.106770 -0.179344 -0.093778
v -0.129279 -0.199127 -0.079198
v -0.109924 -0.188161 -0.104098
v -0.099451 -0.161095 -0.119908
v -0.098053 -0.155867 -0.103028
v -0.096004 -0.129387 -0.106408
v -0.097500 -0.128089 -0.125958
v -0.097334 -0.076386 -0.104858
v -0.099697 -0.072348 -0.129458
v -0.094150 -0.030486 -0.112898
v -0.096856 -0.042725 -0.136218
v -0.080118 -0.013300 -0.131958
v -0.090079 -0.033688 -0.145508
v -0.078731 -0.032998 -0.159468
v -0.085027 -0.077256 -0.143328
v -0.090752 -0.067717 -0.152078
v -0.094168 -0.059192 -0.138558
v 0.067888 0.051375 -0.008358
v 0.126224 -0.021545 0.224572
v 0.126224 0.124295 0.224572
v 0.067888 -0.130925 0.224572
v 0.067888 0.233675 0.224572
v -0.122564 0.179518 0.084652
v -0.113545 0.151103 0.100272
v -0.106623 0.141855 0.082092
v -0.117143 0.179094 0.063872
v -0.093675 0.126020 0.104522
v -0.122869 0.196295 0.084122
v -0.105560 0.141226 0.114102
v -0.116816 0.202910 0.064462
v -0.104564 0.232316 0.085672
v -0.113465 0.219249 0.100412
v -0.080824 0.244397 0.126792
v -0.088641 0.234090 0.143412
v -0.072386 0.265244 0.141402
v -0.078408 0.260882 0.161132
v -0.071264 0.294610 0.143412
v -0.077410 0.299849 0.162862
v -0.092564 0.321248 0.136612
v -0.079660 0.125938 0.128822
v -0.088658 0.113738 0.143382
v -0.070655 0.141526 0.144422
v -0.076778 0.136742 0.163952
v -0.068666 0.168719 0.147982
v -0.074863 0.173809 0.167272
v -0.122564 0.179518 -0.091928
v -0.106623 0.141855 -0.089368
v -0.113545 0.151103 -0.107548
v -0.117143 0.179094 -0.071148
v -0.093675 0.126020 -0.111798
v -0.122869 0.196295 -0.091398
v -0.105560 0.141226 -0.121378
v -0.116816 0.202910 -0.071728
v -0.104564 0.232316 -0.092948
v -0.113465 0.219249 -0.107688
v -0.080824 0.244397 -0.134068
v -0.088641 0.234090 -0.150678
v -0.072386 0.265244 -0.148678
v -0.078408 0.260882 -0.168408
v -0.071264 0.294610 -0.150688
v -0.077410 0.299849 -0.170128
v -0.092564 0.321248 -0.143888
v 0.067888 0.051375 -0.008358
v 0.067888 0.233675 -0.231688
v 0.126224 0.124295 -0.231688
v 0.126224 -0.021545 -0.231688
v 0.067888 -0.130925 -0.231688
v 0.224152 0.108506 0.150862
v 0.231657 0.093160 0.158372
v 0.298640 0.093160 -0.003338
v 0.288027 0.108506 -0.003338
v 0.224152 0.108506 -0.157548
v 0.231657 0.093160 -0.165058
v -0.079660 0.125938 -0.136098
v -0.088658 0.113738 -0.150648
v -0.070655 0.141526 -0.151688
v -0.076778 0.136742 -0.171228
v -0.068666 0.168719 -0.155258
v -0.074863 0.173809 -0.174548
v 0.021976 0.751423 0.120742
v 0.022921 0.750478 0.115592
v 0.032497 0.773598 0.115592
v 0.021976 0.751423 0.110442
v 0.031161 0.773598 0.120742
v 0.027465 0.773598 0.124602
v 0.021976 0.795773 0.120742
v 0.022921 0.796717 0.115592
v 0.021976 0.795773 0.110442
v 0.031161 0.773598 0.110442
v 0.019362 0.754037 0.106572
v 0.027465 0.773598 0.106572
v -0.063126 -0.016340 0.148792
v -0.071475 -0.002754 0.164432
v -0.051738 -0.033800 0.162992
v -0.054300 -0.029194 0.182512
v -0.052365 -0.062505 0.181182
v -0.050862 -0.058290 0.161312
v -0.066548 -0.091940 0.160562
v -0.061934 -0.080456 0.148452
v -0.063126 -0.016340 -0.156058
v -0.071475 -0.002754 -0.171708
v -0.051738 -0.033800 -0.170268
v -0.054300 -0.029194 -0.189778
v -0.052365 -0.062505 -0.188448
v -0.050862 -0.058290 -0.168578
v -0.066548 -0.091940 -0.167838
v -0.061934 -0.080456 -0.155728
v 0.147211 0.574778 0.073922
v 0.179216 0.574778 -0.003338
v 0.194599 0.601456 -0.003338
v 0.147211 0.574778 -0.080608
v 0.158089 0.601456 0.084802
v 0.158089 0.601456 -0.091488
v -0.163706 0.597075 0.020972
v -0.094918 0.662343 -0.023248
v -0.161663 0.591392 0.018262
v -0.189437 0.568493 0.116502
v -0.188121 0.562004 0.116482
v -0.190411 0.554787 0.116512
v -0.092619 0.660066 -0.030088
v -0.162650 0.585623 0.013452
v -0.159639 0.585623 0.218712
v -0.093376 0.660672 -0.038188
v -0.018116 0.739273 0.005602
v -0.021341 0.734510 0.011382
v 0.138711 0.788280 -0.069018
v 0.138711 0.788336 -0.087688
v 0.138711 0.788326 -0.079528
v 0.309835 -0.233628 -0.003338
v 0.224152 -0.204699 0.150862
v 0.239573 -0.233628 0.166282
v 0.288027 -0.204699 -0.003338
v 0.224152 -0.204699 -0.157548
v 0.239573 -0.233628 -0.172968
v 0.229021 -0.273253 0.155732
v -0.089130 -0.273253 0.155732
v 0.239573 -0.233628 0.166282
v -0.099682 -0.233628 0.166282
v 0.069945 -0.233628 0.236552
v 0.069945 -0.273253 0.221622
v -0.027417 0.757527 0.227112
v -0.098546 0.669973 0.277432
v -0.020271 0.753181 0.228752
v -0.104498 0.675589 0.275042
v -0.182952 0.593652 0.229392
v -0.015586 0.746295 0.226932
v -0.178216 0.586766 0.231072
v -0.092667 0.664357 0.274862
v -0.171120 0.582420 0.229212
v -0.177738 0.606653 0.018492
v -0.171916 0.604869 0.021092
v -0.110993 0.677603 -0.023008
v -0.107005 0.673870 -0.019268
v -0.043059 0.748554 0.016522
v -0.167276 0.601524 0.021792
v -0.102884 0.669973 -0.018248
v -0.040937 0.742872 0.019172
v -0.037344 0.738423 0.019882
v -0.098794 0.666076 -0.019388
v -0.001241 0.535852 0.446492
v 0.138711 0.838554 0.196492
v -0.001241 0.838554 0.196492
v 0.138711 0.535852 0.446492
v -0.001241 0.093062 0.433152
v 0.138711 0.093062 0.433152
v 0.000754 0.687459 0.250112
v 0.137009 0.687459 0.250112
v 0.000754 0.662041 0.260642
v 0.137009 0.662041 0.260642
v 0.000754 0.636624 0.250112
v 0.137009 0.636624 0.250112
v -0.009922 0.633195 0.076522
v -0.018198 0.601456 0.084802
v 0.069945 0.601456 0.121312
v 0.069945 0.633195 0.109612
v 0.149813 0.633195 0.076522
v 0.158089 0.601456 0.084802
v 0.136427 0.051375 0.259852
v 0.126224 -0.021545 0.224572
v 0.213728 0.051375 0.224572
v 0.095303 0.017105 0.259852
v 0.067888 -0.034299 0.259852
v 0.067888 -0.130925 0.224572
v 0.009551 -0.021545 0.224572
v 0.067888 -0.130925 0.224572
v 0.067888 -0.034299 0.259852
v 0.040472 0.017105 0.259852
v -0.000651 0.051375 0.259852
v -0.077953 0.051375 0.224572
v 0.224152 0.006506 0.150862
v 0.231657 0.021851 0.158372
v 0.069945 0.021851 0.225352
v 0.069945 0.006506 0.214742
v -0.084261 0.006506 0.150862
v -0.091766 0.021851 0.158372
v 0.247394 -0.188161 0.096822
v 0.259017 -0.180684 0.098582
v 0.236921 -0.161095 0.112642
v 0.254216 -0.157562 0.111042
v 0.254184 -0.131265 0.116062
v 0.234970 -0.128089 0.118692
v 0.261174 -0.078778 0.119142
v 0.237167 -0.072348 0.122182
v 0.258919 -0.032962 0.127942
v 0.234326 -0.042725 0.128952
v 0.244895 -0.015778 0.147012
v 0.227549 -0.033688 0.138242
v 0.217963 -0.082140 0.163622
v 0.228222 -0.067717 0.144812
v 0.236831 -0.078556 0.147772
v -0.109924 -0.188161 0.096822
v -0.121547 -0.180684 0.098582
v -0.099451 -0.161095 0.112642
v -0.116746 -0.157562 0.111042
v -0.116714 -0.131265 0.116062
v -0.097500 -0.128089 0.118692
v -0.123704 -0.078778 0.119142
v -0.099697 -0.072348 0.122182
v -0.121449 -0.032962 0.127942
v -0.096856 -0.042725 0.128952
v -0.107425 -0.015778 0.147012
v -0.090079 -0.033688 0.138242
v -0.080493 -0.082140 0.163622
v -0.090752 -0.067717 0.144812
v -0.099361 -0.078556 0.147772
v -0.019760 0.754037 0.124602
v -0.019760 0.793159 0.124602
v -0.027862 0.773598 0.124602
v -0.000199 0.745935 0.124602
v 0.019362 0.754037 0.124602
v -0.016096 0.757701 0.126172
v 0.015698 0.757701 0.126172
v -0.000199 0.751116 0.126172
v -0.000199 0.756490 0.124942
v -0.022681 0.773598 0.126172
v -0.016096 0.789495 0.126172
v -0.000199 0.801261 0.124602
v 0.019362 0.793159 0.124602
v -0.012296 0.761501 0.124942
v -0.017306 0.773598 0.124942
v -0.012296 0.785695 0.124942
v -0.000199 0.796080 0.126172
v 0.015698 0.789495 0.126172
v 0.022283 0.773598 0.126172
v -0.013222 0.773598 0.121072
v -0.000199 0.790705 0.124942
v 0.016909 0.773598 0.124942
v 0.011898 0.785695 0.124942
v -0.000199 0.786621 0.121072
v -0.009407 0.782806 0.121072
v 0.011898 0.761501 0.124942
v 0.009010 0.782806 0.121072
v 0.009010 0.764389 0.121072
v 0.012824 0.773598 0.121072
v -0.000199 0.760575 0.121072
v -0.009407 0.764389 0.121072
v 0.125464 0.051375 0.254082
v 0.095303 0.017105 0.259852
v 0.136427 0.051375 0.259852
v 0.095303 0.085644 0.259852
v 0.090918 0.022587 0.254082
v 0.090918 0.080163 0.254082
v 0.067888 -0.020596 0.254082
v 0.067888 0.123346 0.254082
v 0.067888 -0.034299 0.259852
v 0.067888 0.137049 0.259852
v 0.040472 0.017105 0.259852
v 0.040472 0.085644 0.259852
v 0.044857 0.022587 0.254082
v 0.044857 0.080163 0.254082
v 0.010311 0.051375 0.254082
v -0.000651 0.051375 0.259852
v 0.243231 0.125938 0.143892
v 0.226128 0.113738 0.143382
v 0.234227 0.141526 0.159492
v 0.214248 0.136742 0.163952
v 0.232136 0.168719 0.162992
v 0.212333 0.173809 0.167272
v 0.260034 0.179518 0.084652
v 0.270220 0.141855 0.097182
v 0.280738 0.179094 0.078962
v 0.251015 0.151103 0.100272
v 0.260339 0.196295 0.084122
v 0.257269 0.126020 0.119602
v 0.280393 0.202910 0.079532
v 0.243030 0.141226 0.114102
v 0.250935 0.219249 0.100412
v 0.268148 0.232316 0.100752
v 0.244406 0.244397 0.141872
v 0.226111 0.234090 0.143412
v 0.235973 0.265244 0.156482
v 0.215877 0.260882 0.161132
v 0.234794 0.294610 0.158462
v 0.214880 0.299849 0.162862
v 0.230034 0.321248 0.136612
v 0.224344 -0.018495 0.168202
v 0.208945 -0.002754 0.164432
v 0.210797 -0.035759 0.180642
v 0.191770 -0.029194 0.182512
v 0.189835 -0.062505 0.181182
v 0.209961 -0.060252 0.178992
v 0.204018 -0.091940 0.160562
v 0.217963 -0.082140 0.163622
v -0.105761 0.125938 0.143892
v -0.088658 0.113738 0.143382
v -0.096757 0.141526 0.159492
v -0.076778 0.136742 0.163952
v -0.094666 0.168719 0.162992
v -0.074863 0.173809 0.167272
v -0.132750 0.141855 0.097182
v -0.122564 0.179518 0.084652
v -0.143268 0.179094 0.078962
v -0.122869 0.196295 0.084122
v -0.113545 0.151103 0.100272
v -0.142923 0.202910 0.079532
v -0.119799 0.126020 0.119602
v -0.113465 0.219249 0.100412
v -0.105560 0.141226 0.114102
v -0.130678 0.232316 0.100752
v -0.106936 0.244397 0.141872
v -0.088641 0.234090 0.143412
v -0.098503 0.265244 0.156482
v -0.078408 0.260882 0.161132
v -0.097324 0.294610 0.158462
v -0.077410 0.299849 0.162862
v -0.092564 0.321248 0.136612
v 0.095303 0.085644 0.259852
v 0.126224 0.124295 0.224572
v 0.067888 0.137049 0.259852
v 0.067888 0.233675 0.224572
v 0.136427 0.051375 0.259852
v 0.213728 0.051375 0.224572
v -0.086874 -0.018495 0.168202
v -0.071475 -0.002754 0.164432
v -0.073327 -0.035759 0.180642
v -0.054300 -0.029194 0.182512
v -0.052365 -0.062505 0.181182
v -0.072491 -0.060252 0.178992
v -0.066548 -0.091940 0.160562
v -0.080493 -0.082140 0.163622
v -0.000651 0.051375 0.259852
v 0.040472 0.085644 0.259852
v 0.009551 0.124295 0.224572
v -0.077953 0.051375 0.224572
v 0.067888 0.137049 0.259852
v 0.067888 0.233675 0.224572
v 0.242652 0.458473 0.169362
v 0.242652 0.500356 0.169362
v 0.069945 0.458473 0.240902
v 0.069945 0.500356 0.240902
v -0.102761 0.458473 0.169362
v -0.102761 0.500356 0.169362
v -0.101034 0.384881 0.167642
v -0.101034 0.345881 0.167642
v 0.069945 0.384881 0.238462
v 0.069945 0.345881 0.238462
v 0.240925 0.384881 0.167642
v 0.240925 0.345881 0.167642
v 0.069945 0.021851 0.225352
v 0.231657 0.093160 0.158372
v 0.069945 0.093160 0.225352
v 0.231657 0.021851 0.158372
v -0.091766 0.021851 0.158372
v -0.091766 0.093160 0.158372
v -0.078731 -0.032998 -0.159468
v -0.063126 -0.016340 -0.156058
v -0.071483 -0.040867 -0.167468
v -0.051738 -0.033800 -0.170268
v -0.050862 -0.058290 -0.168578
v -0.071499 -0.055495 -0.165828
v -0.076177 -0.069261 -0.158568
v -0.061934 -0.080456 -0.155728
v 0.072614 0.051375 -0.003638
v -0.160325 -0.021545 0.054702
v -0.160325 0.124295 0.054702
v -0.160325 -0.130925 -0.003638
v -0.160325 0.233675 -0.003638
v -0.096695 0.139098 -0.136728
v -0.079660 0.125938 -0.136098
v -0.090922 0.147027 -0.146728
v -0.070655 0.141526 -0.151688
v -0.088975 0.163261 -0.150098
v -0.068666 0.168719 -0.155258
v -0.097935 0.193607 -0.134578
v 0.216201 -0.032998 -0.159468
v 0.200596 -0.016340 -0.156058
v 0.208953 -0.040867 -0.167468
v 0.189208 -0.033800 -0.170268
v 0.188332 -0.058290 -0.168578
v 0.208969 -0.055495 -0.165828
v 0.213647 -0.069261 -0.158568
v 0.199404 -0.080456 -0.155728
v 0.072614 0.051375 -0.003638
v 0.295937 0.233675 -0.003638
v 0.295937 0.124295 0.054702
v 0.295937 -0.021545 0.054702
v 0.295937 -0.130925 -0.003638
v 0.069945 0.093160 0.225352
v 0.224152 0.108506 0.150862
v 0.069945 0.108506 0.214742
v -0.084261 0.108506 0.150862
v 0.231657 0.093160 0.158372
v -0.091766 0.093160 0.158372
v -0.106623 0.141855 -0.089368
v -0.117143 0.179094 -0.071148
v -0.125670 0.133194 -0.086548
v -0.137570 0.179194 -0.065928
v -0.107719 0.111396 -0.117638
v -0.116816 0.202910 -0.071728
v -0.093675 0.126020 -0.111798
v -0.136460 0.209402 -0.067858
v -0.104564 0.232316 -0.092948
v -0.121571 0.244737 -0.093648
v -0.099169 0.255547 -0.132448
v -0.080824 0.244397 -0.134068
v -0.092793 0.270006 -0.143488
v -0.072386 0.265244 -0.148678
v -0.091489 0.289493 -0.145748
v -0.071264 0.294610 -0.150688
v -0.092564 0.321248 -0.143888
v 0.027465 0.773598 0.124602
v 0.234165 0.139098 -0.136728
v 0.217130 0.125938 -0.136098
v 0.228392 0.147027 -0.146728
v 0.208125 0.141526 -0.151688
v 0.226445 0.163261 -0.150098
v 0.206136 0.168719 -0.155258
v 0.235405 0.193607 -0.134578
v 0.263140 0.133194 -0.086548
v 0.254613 0.179094 -0.071148
v 0.244093 0.141855 -0.089368
v 0.275040 0.179195 -0.065928
v 0.245189 0.111396 -0.117638
v 0.254286 0.202910 -0.071728
v 0.231145 0.126020 -0.111798
v 0.273930 0.209402 -0.067858
v 0.242034 0.232316 -0.092948
v 0.259041 0.244737 -0.093648
v 0.236639 0.255547 -0.132448
v 0.218294 0.244397 -0.134068
v 0.230263 0.270006 -0.143488
v 0.209856 0.265244 -0.148678
v 0.228959 0.289493 -0.145748
v 0.208734 0.294610 -0.150688
v 0.230034 0.321248 -0.143888
v -0.118767 -0.171755 -0.095098
v -0.129279 -0.199127 -0.079198
v -0.106770 -0.179344 -0.093778
v -0.098053 -0.155867 -0.103028
v -0.115643 -0.152167 -0.101088
v -0.115425 -0.132364 -0.103558
v -0.096004 -0.129387 -0.106408
v -0.121134 -0.083098 -0.102038
v -0.097334 -0.076386 -0.104858
v -0.118091 -0.021220 -0.112628
v -0.094150 -0.030486 -0.112898
v -0.097149 0.003694 -0.141018
v -0.080118 -0.013300 -0.131958
v -0.066548 -0.091940 -0.167838
v -0.085027 -0.077256 -0.143328
v -0.092950 -0.087414 -0.147208
v -0.094168 -0.059192 -0.138558
v 0.147211 0.574778 0.073922
v 0.158089 0.601456 0.084802
v 0.069945 0.601456 0.121312
v 0.069945 0.574778 0.105932
v -0.007320 0.574778 0.073922
v -0.018198 0.601456 0.084802
v 0.256237 -0.171755 -0.095098
v 0.244240 -0.179344 -0.093778
v 0.266749 -0.199127 -0.079198
v 0.235523 -0.155867 -0.103028
v 0.253113 -0.152167 -0.101088
v 0.252895 -0.132364 -0.103558
v 0.233474 -0.129387 -0.106408
v 0.258604 -0.083098 -0.102038
v 0.234804 -0.076386 -0.104858
v 0.255561 -0.021221 -0.112628
v 0.231620 -0.030486 -0.112898
v 0.234619 0.003694 -0.141018
v 0.217588 -0.013300 -0.131958
v 0.204018 -0.091940 -0.167838
v 0.222497 -0.077256 -0.143328
v 0.230420 -0.087414 -0.147208
v 0.231638 -0.059192 -0.138558
v -0.163706 0.597075 0.020972
v -0.032726 0.735078 0.019052
v -0.094918 0.662343 -0.023248
v -0.026984 0.733294 0.016282
v -0.161663 0.591392 0.018262
v -0.001241 0.809632 -0.055658
v 0.138711 0.809632 -0.055658
v 0.138711 0.788280 -0.069018
v -0.001241 0.788280 -0.069018
v -0.002431 0.788507 0.003702
v 0.138720 0.788507 0.003702
v -0.002431 0.763089 0.014232
v 0.138720 0.763089 0.014232
v -0.002431 0.737671 0.003702
v 0.138720 0.737671 0.003702
v 0.136827 0.769047 0.118552
v 0.020451 0.769047 0.118552
v 0.136827 0.774481 0.121692
v 0.020451 0.774481 0.121692
v 0.020451 0.779914 0.118552
v 0.136827 0.779914 0.118552
v 0.224152 -0.204699 0.150862
v 0.239573 -0.233628 0.166282
v 0.069945 -0.233628 0.236552
v 0.069945 -0.204699 0.214742
v -0.084261 -0.204699 0.150862
v -0.099682 -0.233628 0.166282
v 0.069945 -0.273253 -0.228308
v 0.069945 -0.273253 0.221622
v -0.155021 -0.273253 -0.003338
v -0.089130 -0.273253 0.155732
v -0.089130 -0.273253 -0.162418
v 0.294912 -0.273253 -0.003338
v 0.229021 -0.273253 -0.162418
v 0.229021 -0.273253 0.155732
v -0.178216 0.586766 0.231072
v -0.092667 0.664357 0.274862
v -0.171120 0.582420 0.229212
v -0.088880 0.660672 0.268302
v -0.164139 0.582070 0.224512
v -0.204990 0.548480 0.116732
v -0.088361 0.660066 0.260192
v -0.018330 0.734510 0.216642
v 0.009431 0.765345 0.113582
v -0.212610 0.552300 0.116842
v -0.181581 0.586766 0.001652
v -0.174435 0.582420 0.003292
v -0.167318 0.582070 0.007792
v -0.097354 0.664357 -0.044638
v -0.037344 0.738423 0.019882
v 0.000754 0.636624 0.250112
v 0.137009 0.636624 0.199272
v 0.137009 0.636624 0.250112
v 0.000754 0.636624 0.199272
v 0.000754 0.626095 0.224692
v 0.137009 0.626095 0.224692
v 0.247394 -0.188161 -0.104098
v 0.259017 -0.180684 -0.105858
v 0.266749 -0.199127 -0.079198
v 0.244895 -0.015778 -0.154278
v 0.227549 -0.033688 -0.145508
v 0.216201 -0.032998 -0.159468
v 0.224344 -0.018495 -0.175468
v -0.109924 -0.188161 -0.104098
v -0.129279 -0.199127 -0.079198
v -0.121547 -0.180684 -0.105858
v -0.107425 -0.015778 -0.154278
v -0.090079 -0.033688 -0.145508
v -0.078731 -0.032998 -0.159468
v -0.086874 -0.018495 -0.175468
v 0.247394 -0.188161 0.096822
v 0.266749 -0.199127 0.071932
v 0.259017 -0.180684 0.098582
v 0.244895 -0.015778 0.147012
v 0.227549 -0.033688 0.138242
v 0.216201 -0.032998 0.152202
v 0.224344 -0.018495 0.168202
v 0.250935 0.219249 -0.107688
v 0.268148 0.232316 -0.108018
v 0.244406 0.244397 -0.149148
v 0.226111 0.234090 -0.150678
v -0.109924 -0.188161 0.096822
v -0.121547 -0.180684 0.098582
v -0.129279 -0.199127 0.071932
v -0.107425 -0.015778 0.147012
v -0.090079 -0.033688 0.138242
v -0.078731 -0.032998 0.152202
v -0.086874 -0.018495 0.168202
v 0.245189 0.111396 -0.117638
v 0.257269 0.126020 -0.126878
v 0.243231 0.125938 -0.151168
v 0.226128 0.113738 -0.150648
v -0.022373 0.751423 0.120742
v -0.019760 0.754037 0.124602
v -0.000199 0.742238 0.120742
v -0.000199 0.745935 0.124602
v 0.019362 0.754037 0.124602
v -0.000199 0.786621 0.121072
v -0.009407 0.782806 0.121072
v 0.009010 0.782806 0.121072
v 0.007927 0.781724 0.115592
v -0.008324 0.781724 0.115592
v -0.000199 0.785089 0.115592
v -0.000199 0.786621 0.110102
v 0.009010 0.782806 0.110102
v -0.009407 0.782806 0.110102
v -0.113465 0.219249 -0.107688
v -0.130678 0.232316 -0.108028
v -0.106936 0.244397 -0.149148
v -0.088641 0.234090 -0.150678
v 0.245189 0.111396 0.110362
v 0.257269 0.126020 0.119602
v 0.243231 0.125938 0.143892
v 0.226128 0.113738 0.143382
v 0.204018 -0.091940 -0.167838
v 0.217963 -0.082140 -0.170898
v 0.230420 -0.087414 -0.147208
v 0.236831 -0.078556 -0.155048
v 0.250935 0.219249 0.100412
v 0.268148 0.232316 0.100752
v 0.244406 0.244397 0.141872
v 0.226111 0.234090 0.143412
v -0.107719 0.111396 -0.117638
v -0.119799 0.126020 -0.126878
v -0.105761 0.125938 -0.151168
v -0.088658 0.113738 -0.150648
v 0.204018 -0.091940 0.160562
v 0.217963 -0.082140 0.163622
v 0.230420 -0.087414 0.139932
v 0.236831 -0.078556 0.147772
v -0.090859 0.662343 0.253412
v -0.029935 0.735078 0.209312
v -0.009050 0.766776 0.113852
v -0.034576 0.738423 0.208612
v -0.107719 0.111396 0.110362
v -0.119799 0.126020 0.119602
v -0.105761 0.125938 0.143892
v -0.088658 0.113738 0.143382
v -0.113465 0.219249 0.100412
v -0.130678 0.232316 0.100752
v -0.106936 0.244397 0.141872
v -0.088641 0.234090 0.143412
v -0.066548 -0.091940 -0.167838
v -0.080493 -0.082140 -0.170898
v -0.092950 -0.087414 -0.147208
v -0.099361 -0.078556 -0.155048
v -0.066548 -0.091940 0.160562
v -0.080493 -0.082140 0.163622
v -0.092950 -0.087414 0.139932
v -0.099361 -0.078556 0.147772
v 0.069945 0.345881 -0.245148
v 0.240925 0.345881 -0.174318
v 0.224152 0.322505 -0.157548
v 0.069945 0.322505 -0.221428
v 0.288027 0.322505 -0.003338
v -0.084261 0.322505 -0.157548
v 0.311747 0.345881 -0.003338
v -0.101034 0.345881 -0.174318
v 0.240925 0.345881 0.167642
v -0.148136 0.322505 -0.003338
v 0.224152 0.322505 0.150862
v -0.171856 0.345881 -0.003338
v 0.069945 0.322505 0.214742
v -0.101034 0.345881 0.167642
v 0.069945 0.345881 0.238462
v -0.084261 0.322505 0.150862
v -0.001241 0.093021 0.416352
v 0.138711 0.093062 0.433152
v -0.001241 0.093062 0.433152
v 0.138711 0.093021 0.416352
v -0.080118 -0.013300 0.124692
v -0.078731 -0.032998 0.152202
v -0.063126 -0.016340 0.148792
v -0.080118 -0.013300 -0.131958
v -0.078731 -0.032998 -0.159468
v -0.063126 -0.016340 -0.156058
v 0.067888 0.051375 -0.008358
v 0.213728 0.051375 0.224572
v 0.126224 -0.021545 0.224572
v 0.009551 -0.021545 0.224572
v -0.077953 0.051375 0.224572
v 0.072614 0.051375 -0.003638
v -0.160325 0.051375 0.142202
v -0.160325 -0.021545 0.054702
v -0.160325 -0.021545 -0.061968
v -0.160325 0.051375 -0.149478
v 0.217588 -0.013300 0.124692
v 0.216201 -0.032998 0.152202
v 0.200596 -0.016340 0.148792
v -0.104564 0.232316 0.085672
v -0.113465 0.219249 0.100412
v -0.080824 0.244397 0.126792
v -0.088641 0.234090 0.143412
v -0.107719 0.111396 0.110362
v -0.093675 0.126020 0.104522
v -0.079660 0.125938 0.128822
v -0.088658 0.113738 0.143382
v -0.102761 0.458473 0.169362
v 0.069945 0.439105 0.216482
v 0.069945 0.458473 0.240902
v -0.085490 0.439105 0.152092
v 0.225381 0.439105 0.152092
v -0.174298 0.458473 -0.003338
v 0.242652 0.458473 0.169362
v -0.149874 0.439105 -0.003338
v 0.314189 0.458473 -0.003338
v -0.102761 0.458473 -0.176048
v 0.289765 0.439105 -0.003338
v -0.085490 0.439105 -0.158778
v 0.242652 0.458473 -0.176048
v 0.069945 0.458473 -0.247588
v 0.225381 0.439105 -0.158778
v 0.069945 0.439105 -0.223158
v -0.104564 0.232316 -0.092948
v -0.113465 0.219249 -0.107688
v -0.080824 0.244397 -0.134068
v -0.088641 0.234090 -0.150678
v 0.217588 -0.013300 -0.131958
v 0.216201 -0.032998 -0.159468
v 0.200596 -0.016340 -0.156058
v 0.072614 0.051375 -0.003638
v 0.295937 0.051375 -0.149478
v 0.295937 0.051375 0.142202
v 0.295937 -0.021545 -0.061968
v 0.295937 -0.021545 0.054702
v 0.245189 0.111396 0.110362
v 0.231145 0.126020 0.104522
v 0.217130 0.125938 0.128822
v 0.226128 0.113738 0.143382
v 0.067888 0.051375 -0.008358
v -0.077953 0.051375 -0.231688
v 0.213728 0.051375 -0.231688
v 0.009551 -0.021545 -0.231688
v 0.126224 -0.021545 -0.231688
v 0.242034 0.232316 0.085672
v 0.250935 0.219249 0.100412
v 0.218294 0.244397 0.126792
v 0.226111 0.234090 0.143412
v -0.107719 0.111396 -0.117638
v -0.093675 0.126020 -0.111798
v -0.079660 0.125938 -0.136098
v -0.088658 0.113738 -0.150648
v 0.021976 0.751423 0.120742
v -0.000199 0.740902 0.115592
v 0.022921 0.750478 0.115592
v 0.021976 0.751423 0.110442
v -0.000199 0.742238 0.110442
v -0.023318 0.750478 0.115592
v -0.022373 0.751423 0.110442
v 0.019362 0.754037 0.106572
v -0.000199 0.745935 0.106572
v -0.019760 0.754037 0.106572
v 0.242034 0.232316 -0.092948
v 0.250935 0.219249 -0.107688
v 0.218294 0.244397 -0.134068
v 0.226111 0.234090 -0.150678
v -0.066548 -0.091940 0.160562
v -0.061934 -0.080456 0.148452
v -0.085027 -0.077256 0.136052
v 0.245189 0.111396 -0.117638
v 0.231145 0.126020 -0.111798
v 0.217130 0.125938 -0.136098
v 0.226128 0.113738 -0.150648
v 0.204018 -0.091940 0.160562
v 0.199404 -0.080456 0.148452
v 0.222497 -0.077256 0.136052
v -0.066548 -0.091940 -0.167838
v -0.061934 -0.080456 -0.155728
v -0.085027 -0.077256 -0.143328
v 0.204018 -0.091940 -0.167838
v 0.199404 -0.080456 -0.155728
v 0.222497 -0.077256 -0.143328
v -0.032726 0.735078 0.019052
v -0.094918 0.662343 -0.023248
v -0.026984 0.733294 0.016282
v -0.190411 0.554787 0.116512
v -0.092619 0.660066 -0.030088
v -0.162650 0.585623 0.013452
v -0.159639 0.585623 0.218712
v -0.196629 0.549513 0.116602
v -0.093376 0.660672 -0.038188
v -0.021341 0.734510 0.011382
v 0.002344 0.762683 0.113682
v -0.024114 0.733294 0.211912
v -0.004204 0.763659 0.113782
v -0.001241 0.809632 0.186492
v -0.001241 0.809632 -0.055658
v 0.138711 0.809632 -0.055658
v 0.138711 0.809632 0.186492
v -0.002431 0.737671 0.003702
v 0.138720 0.737671 -0.047128
v 0.138720 0.737671 0.003702
v -0.002431 0.737671 -0.047128
v -0.002431 0.727143 -0.021718
v 0.138720 0.727143 -0.021718
v 0.136827 0.769047 0.112282
v 0.020451 0.769047 0.112282
v 0.136827 0.769047 0.118552
v 0.020451 0.769047 0.118552
v 0.138711 0.788280 -0.069018
v 0.138711 0.788336 -0.087688
v -0.001241 0.788336 -0.087688
v -0.001241 0.788280 -0.069018
v -0.089130 -0.273253 -0.162418
v -0.099682 -0.233628 -0.172968
v -0.169944 -0.233628 -0.003338
v -0.155021 -0.273253 -0.003338
v -0.089130 -0.273253 0.155732
v -0.099682 -0.233628 0.166282
v -0.104498 0.675589 0.275042
v -0.108476 0.679275 0.268592
v -0.183736 0.600674 0.224802
v -0.109233 0.679880 0.260492
v -0.182952 0.593652 0.229392
v -0.216226 0.568116 0.116892
v -0.178216 0.586766 0.231072
v -0.212610 0.552300 0.116842
v -0.216822 0.559712 0.116902
v -0.181581 0.586766 0.001652
v -0.186266 0.593652 0.003472
v -0.109185 0.675589 -0.044458
v -0.186915 0.600674 0.008082
v -0.112972 0.679275 -0.037898
v -0.113491 0.679880 -0.029788
v -0.183522 0.605437 0.013762
v -0.211283 0.574601 0.116822
v -0.180511 0.605437 0.219022
v -0.106934 0.677603 0.253652
v -0.110993 0.677603 -0.023008
v -0.043059 0.748554 0.016522
v -0.040937 0.742872 0.019172
v -0.037344 0.738423 0.019882
v -0.160325 -0.130925 -0.003638
v -0.195602 -0.034299 -0.003638
v -0.160325 -0.021545 -0.061968
v -0.195602 0.017105 -0.031048
v -0.195602 0.051375 -0.072178
v -0.160325 0.051375 -0.149478
v -0.009922 0.633195 -0.083208
v -0.054708 0.601456 -0.003338
v -0.043004 0.633195 -0.003338
v -0.009922 0.633195 0.076522
v -0.018198 0.601456 -0.091488
v -0.018198 0.601456 0.084802
v -0.078731 -0.032998 -0.159468
v -0.086874 -0.018495 -0.175468
v -0.071483 -0.040867 -0.167468
v -0.073327 -0.035759 -0.187918
v -0.072491 -0.060252 -0.186258
v -0.071499 -0.055495 -0.165828
v -0.080493 -0.082140 -0.170898
v -0.076177 -0.069261 -0.158568
v -0.160325 -0.021545 0.054702
v -0.160325 0.051375 0.142202
v -0.195602 0.051375 0.064902
v -0.195602 0.017105 0.023782
v -0.195602 -0.034299 -0.003638
v -0.160325 -0.130925 -0.003638
v -0.084261 0.006506 0.150862
v -0.084261 0.006506 -0.157548
v -0.091766 0.021851 0.158372
v -0.091766 0.021851 -0.165058
v -0.158749 0.021851 -0.003338
v -0.148136 0.006506 -0.003338
v -0.078731 -0.032998 0.152202
v -0.086874 -0.018495 0.168202
v -0.071483 -0.040867 0.160192
v -0.073327 -0.035759 0.180642
v -0.072491 -0.060252 0.178992
v -0.071499 -0.055495 0.158552
v -0.080493 -0.082140 0.163622
v -0.076177 -0.069261 0.151302
v -0.189832 0.051375 0.053942
v -0.189832 0.022587 0.019392
v -0.195602 0.017105 0.023782
v -0.189832 -0.020596 -0.003638
v -0.195602 0.051375 0.064902
v -0.195602 -0.034299 -0.003638
v -0.195602 0.085644 0.023782
v -0.195602 0.017105 -0.031048
v -0.189832 0.080163 0.019392
v -0.189832 0.022587 -0.026668
v -0.189832 0.123346 -0.003638
v -0.189832 0.051375 -0.061208
v -0.195602 0.137049 -0.003638
v -0.195602 0.051375 -0.072178
v -0.195602 0.085644 -0.031048
v -0.189832 0.080163 -0.026668
v -0.027862 0.773598 0.106572
v -0.019760 0.793159 0.106572
v -0.031558 0.773598 0.110442
v -0.022373 0.795773 0.110442
v -0.032894 0.773598 0.115592
v -0.023318 0.796717 0.115592
v -0.022373 0.795773 0.120742
v -0.031558 0.773598 0.120742
v -0.022373 0.751423 0.120742
v -0.019760 0.754037 0.124602
v -0.019760 0.793159 0.124602
v -0.027862 0.773598 0.124602
v 0.009010 0.782806 0.121072
v 0.009010 0.764389 0.121072
v 0.012824 0.773598 0.121072
v 0.007927 0.781724 0.115592
v 0.011293 0.773598 0.115592
v 0.007927 0.765472 0.115592
v 0.012824 0.773598 0.110102
v 0.009010 0.782806 0.110102
v 0.009010 0.764389 0.110102
v -0.096695 0.139098 -0.136728
v -0.105761 0.125938 -0.151168
v -0.090922 0.147027 -0.146728
v -0.096757 0.141526 -0.166758
v -0.088975 0.163261 -0.150098
v -0.094666 0.168719 -0.170268
v -0.097935 0.193607 -0.134578
v -0.125670 0.133194 -0.086548
v -0.143268 0.179094 -0.086228
v -0.132750 0.141855 -0.104448
v -0.137570 0.179194 -0.065928
v -0.107719 0.111396 -0.117638
v -0.142923 0.202910 -0.086808
v -0.119799 0.126020 -0.126878
v -0.136460 0.209402 -0.067858
v -0.121571 0.244737 -0.093648
v -0.130678 0.232316 -0.108028
v -0.099169 0.255547 -0.132448
v -0.106936 0.244397 -0.149148
v -0.092793 0.270006 -0.143488
v -0.098503 0.265244 -0.163758
v -0.091489 0.289493 -0.145748
v -0.097324 0.294610 -0.165728
v -0.092564 0.321248 -0.143888
v -0.009050 0.766776 0.113852
v -0.034576 0.738423 0.208612
v -0.038146 0.742872 0.209432
v -0.012415 0.771454 0.113902
v -0.040189 0.748554 0.212142
v -0.013731 0.777943 0.113922
v -0.039202 0.754324 0.216952
v -0.011441 0.785159 0.113892
v -0.042213 0.754324 0.011692
v -0.125670 0.133194 0.079272
v -0.143268 0.179094 0.078962
v -0.137570 0.179194 0.058662
v -0.132750 0.141855 0.097182
v -0.142923 0.202910 0.079532
v -0.107719 0.111396 0.110362
v -0.136460 0.209402 0.060582
v -0.119799 0.126020 0.119602
v -0.121571 0.244737 0.086372
v -0.130678 0.232316 0.100752
v -0.099169 0.255547 0.125172
v -0.106936 0.244397 0.141872
v -0.092793 0.270006 0.136222
v -0.098503 0.265244 0.156482
v -0.091489 0.289493 0.138472
v -0.097324 0.294610 0.158462
v -0.092564 0.321248 0.136612
v -0.096695 0.139098 0.129462
v -0.105761 0.125938 0.143892
v -0.090922 0.147027 0.139462
v -0.096757 0.141526 0.159492
v -0.088975 0.163261 0.142832
v -0.094666 0.168719 0.162992
v -0.097935 0.193607 0.127312
v -0.160325 0.124295 -0.061968
v -0.160325 0.051375 -0.149478
v -0.195602 0.051375 -0.072178
v -0.195602 0.085644 -0.031048
v -0.195602 0.137049 -0.003638
v -0.160325 0.233675 -0.003638
v -0.121547 -0.180684 -0.105858
v -0.129279 -0.199127 -0.079198
v -0.118767 -0.171755 -0.095098
v -0.116746 -0.157562 -0.118308
v -0.115643 -0.152167 -0.101088
v -0.115425 -0.132364 -0.103558
v -0.116714 -0.131265 -0.123338
v -0.121134 -0.083098 -0.102038
v -0.123704 -0.078778 -0.126418
v -0.118091 -0.021220 -0.112628
v -0.121449 -0.032962 -0.135208
v -0.097149 0.003694 -0.141018
v -0.107425 -0.015778 -0.154278
v -0.092950 -0.087414 -0.147208
v -0.099361 -0.078556 -0.155048
v -0.094168 -0.059192 -0.138558
v -0.121547 -0.180684 0.098582
v -0.118767 -0.171755 0.087822
v -0.129279 -0.199127 0.071932
v -0.116746 -0.157562 0.111042
v -0.115643 -0.152167 0.093822
v -0.115425 -0.132364 0.096282
v -0.116714 -0.131265 0.116062
v -0.121134 -0.083098 0.094772
v -0.123704 -0.078778 0.119142
v -0.118091 -0.021220 0.105362
v -0.121449 -0.032962 0.127942
v -0.097149 0.003694 0.133742
v -0.107425 -0.015778 0.147012
v -0.092950 -0.087414 0.139932
v -0.099361 -0.078556 0.147772
v -0.094168 -0.059192 0.131292
v -0.195602 0.137049 -0.003638
v -0.195602 0.085644 0.023782
v -0.160325 0.124295 0.054702
v -0.160325 0.233675 -0.003638
v -0.195602 0.051375 0.064902
v -0.160325 0.051375 0.142202
v -0.102761 0.500356 -0.176048
v -0.102761 0.458473 -0.176048
v -0.174298 0.500356 -0.003338
v -0.174298 0.458473 -0.003338
v -0.102761 0.458473 0.169362
v -0.102761 0.500356 0.169362
v -0.002431 0.763089 -0.057658
v -0.002431 0.799035 -0.021718
v -0.002431 0.788507 -0.047128
v -0.002431 0.788507 0.003702
v -0.002431 0.737671 0.003702
v -0.002431 0.763089 0.014232
v -0.002431 0.727143 -0.021718
v -0.002431 0.737671 -0.047128
v -0.001241 0.535852 0.446492
v -0.001241 0.809632 0.186492
v -0.001241 0.526931 0.421822
v -0.001241 0.110028 0.407552
v -0.001241 0.093062 0.433152
v -0.001241 0.093021 0.416352
v -0.001241 0.838554 0.196492
v -0.001241 0.838554 -0.054838
v -0.001241 0.809632 -0.055658
v -0.001241 0.838554 -0.066538
v -0.001241 0.788326 -0.079528
v -0.001241 0.788280 -0.069018
v -0.001241 0.809632 -0.088248
v -0.001241 0.788336 -0.087688
v -0.001241 0.823784 -0.088248
v -0.001241 0.788336 -0.087688
v -0.001241 0.788280 -0.069018
v -0.001241 0.788326 -0.079528
v 0.000754 0.636624 0.199272
v 0.000754 0.697987 0.224692
v 0.000754 0.687459 0.199272
v 0.000754 0.662041 0.188752
v 0.000754 0.662041 0.260642
v 0.000754 0.687459 0.250112
v 0.000754 0.636624 0.250112
v 0.000754 0.626095 0.224692
v -0.171856 0.345881 -0.003338
v -0.101034 0.384881 0.167642
v -0.171856 0.384881 -0.003338
v -0.101034 0.345881 0.167642
v -0.101034 0.345881 -0.174318
v -0.101034 0.384881 -0.174318
v -0.091766 0.021851 0.158372
v -0.091766 0.093160 0.158372
v -0.158749 0.021851 -0.003338
v -0.158749 0.093160 -0.003338
v -0.091766 0.021851 -0.165058
v -0.091766 0.093160 -0.165058
v 0.067888 0.051375 -0.008358
v 0.067888 -0.130925 0.224572
v 0.067888 0.233675 0.224572
v 0.009551 -0.021545 0.224572
v 0.009551 0.124295 0.224572
v 0.244240 -0.179344 0.086502
v 0.266749 -0.199127 0.071932
v 0.247394 -0.188161 0.096822
v 0.236921 -0.161095 0.112642
v 0.235523 -0.155867 0.095762
v 0.233474 -0.129387 0.099142
v 0.234970 -0.128089 0.118692
v 0.234804 -0.076386 0.097592
v 0.237167 -0.072348 0.122182
v 0.231620 -0.030486 0.105622
v 0.234326 -0.042725 0.128952
v 0.217588 -0.013300 0.124692
v 0.227549 -0.033688 0.138242
v 0.216201 -0.032998 0.152202
v 0.222497 -0.077256 0.136052
v 0.228222 -0.067717 0.144812
v 0.231638 -0.059192 0.131292
v 0.244240 -0.179344 -0.093778
v 0.247394 -0.188161 -0.104098
v 0.266749 -0.199127 -0.079198
v 0.236921 -0.161095 -0.119908
v 0.235523 -0.155867 -0.103028
v 0.233474 -0.129387 -0.106408
v 0.234970 -0.128089 -0.125958
v 0.234804 -0.076386 -0.104858
v 0.237167 -0.072348 -0.129458
v 0.231620 -0.030486 -0.112898
v 0.234326 -0.042725 -0.136218
v 0.217588 -0.013300 -0.131958
v 0.227549 -0.033688 -0.145508
v 0.216201 -0.032998 -0.159468
v 0.222497 -0.077256 -0.143328
v 0.228222 -0.067717 -0.152078
v 0.231638 -0.059192 -0.138558
v 0.217130 0.125938 0.128822
v 0.226128 0.113738 0.143382
v 0.208125 0.141526 0.144422
v 0.214248 0.136742 0.163952
v 0.206136 0.168719 0.147982
v 0.212333 0.173809 0.167272
v 0.067888 0.051375 -0.008358
v 0.067888 0.233675 -0.231688
v 0.009551 0.124295 -0.231688
v 0.009551 -0.021545 -0.231688
v 0.067888 -0.130925 -0.231688
v -0.084261 0.108506 0.150862
v -0.091766 0.093160 0.158372
v -0.158749 0.093160 -0.003338
v -0.148136 0.108506 -0.003338
v -0.084261 0.108506 -0.157548
v -0.091766 0.093160 -0.165058
v 0.254613 0.179094 0.063872
v 0.244093 0.141855 0.082092
v 0.260034 0.179518 0.084652
v 0.251015 0.151103 0.100272
v 0.260339 0.196295 0.084122
v 0.231145 0.126020 0.104522
v 0.254286 0.202910 0.064462
v 0.243030 0.141226 0.114102
v 0.242034 0.232316 0.085672
v 0.250935 0.219249 0.100412
v 0.218294 0.244397 0.126792
v 0.226111 0.234090 0.143412
v 0.209856 0.265244 0.141402
v 0.215877 0.260882 0.161132
v 0.208734 0.294610 0.143412
v 0.214880 0.299849 0.162862
v 0.230034 0.321248 0.136612
v -0.023318 0.750478 0.115592
v -0.022373 0.751423 0.110442
v -0.019760 0.754037 0.106572
v 0.260034 0.179518 -0.091928
v 0.244093 0.141855 -0.089368
v 0.254613 0.179094 -0.071148
v 0.251015 0.151103 -0.107548
v 0.260339 0.196295 -0.091398
v 0.231145 0.126020 -0.111798
v 0.254286 0.202910 -0.071728
v 0.243030 0.141226 -0.121378
v 0.242034 0.232316 -0.092948
v 0.250935 0.219249 -0.107688
v 0.218294 0.244397 -0.134068
v 0.226111 0.234090 -0.150678
v 0.209856 0.265244 -0.148678
v 0.215877 0.260882 -0.168408
v 0.208734 0.294610 -0.150688
v 0.214880 0.299849 -0.170128
v 0.230034 0.321248 -0.143888
v 0.217130 0.125938 -0.136098
v 0.226128 0.113738 -0.150648
v 0.208125 0.141526 -0.151688
v 0.214248 0.136742 -0.171228
v 0.206136 0.168719 -0.155258
v 0.212333 0.173809 -0.174548
v 0.200596 -0.016340 0.148792
v 0.208945 -0.002754 0.164432
v 0.189208 -0.033800 0.162992
v 0.191770 -0.029194 0.182512
v 0.189835 -0.062505 0.181182
v 0.188332 -0.058290 0.161312
v 0.204018 -0.091940 0.160562
v 0.199404 -0.080456 0.148452
v -0.007320 0.574778 0.073922
v -0.007320 0.574778 -0.080608
v -0.018198 0.601456 0.084802
v -0.018198 0.601456 -0.091488
v -0.054708 0.601456 -0.003338
v -0.039325 0.574778 -0.003338
v 0.200596 -0.016340 -0.156058
v 0.208945 -0.002754 -0.171708
v 0.189208 -0.033800 -0.170268
v 0.191770 -0.029194 -0.189778
v 0.189835 -0.062505 -0.188448
v 0.188332 -0.058290 -0.168578
v 0.204018 -0.091940 -0.167838
v 0.199404 -0.080456 -0.155728
v -0.084261 -0.204699 0.150862
v -0.099682 -0.233628 0.166282
v -0.169944 -0.233628 -0.003338
v -0.148136 -0.204699 -0.003338
v -0.084261 -0.204699 -0.157548
v -0.099682 -0.233628 -0.172968
vn 0.4878 0.4878 -0.7239
vn 0.5822 0.3855 -0.7159
vn 0.3855 0.5822 -0.7159
vn -0.5822 0.3855 -0.7159
vn -0.4879 0.4879 -0.7239
vn -0.4878 0.4878 -0.7239
vn -0.3855 0.5822 -0.7159
vn 0.4879 -0.4879 -0.7239
vn 0.4878 -0.4878 -0.7239
vn 0.3855 -0.5822 -0.7159
vn 0.5822 -0.3855 -0.7159
vn -0.4879 -0.4879 -0.7239
vn -0.4878 -0.4878 -0.7239
vn -0.5822 -0.3855 -0.7159
vn -0.3855 -0.5822 -0.7159
vn 0.4579 0.3000 -0.8369
vn 0.3788 0.3788 -0.8444
vn 0.3000 0.4579 -0.8369
vn -0.3000 0.4579 -0.8369
vn -0.3788 0.3788 -0.8444
vn -0.4579 0.3000 -0.8369
vn 0.3000 -0.4579 -0.8369
vn 0.3788 -0.3788 -0.8444
vn 0.4579 -0.3000 -0.8369
vn -0.3788 -0.3788 -0.8444
vn -0.3000 -0.4579 -0.8369
vn -0.4579 -0.3000 -0.8369
vn 0.7239 0.4878 0.4878
vn 0.7159 0.3855 0.5822
vn 0.7159 0.5822 0.3855
vn 0.7159 0.3855 -0.5822
vn 0.7239 0.4879 -0.4879
vn 0.7159 0.5821 -0.3855
vn 0.7239 -0.4878 0.4878
vn 0.7239 -0.4879 0.4879
vn 0.7159 -0.5822 0.3855
vn 0.7159 -0.3855 0.5822
vn 0.7239 -0.4878 -0.4878
vn 0.7239 -0.4879 -0.4879
vn 0.7159 -0.3855 -0.5822
vn 0.7159 -0.5822 -0.3855
vn 0.8369 0.3000 0.4579
vn 0.8444 0.3788 0.3788
vn 0.8369 0.4579 0.3000
vn 0.8369 0.4579 -0.3000
vn 0.8444 0.3788 -0.3788
vn 0.8369 0.3000 -0.4579
vn 0.8369 -0.4579 0.3000
vn 0.8444 -0.3788 0.3788
vn 0.8368 -0.3000 0.4579
vn 0.8444 -0.3788 -0.3788
vn 0.8369 -0.4579 -0.3000
vn 0.8369 -0.3000 -0.4579
vn 0.4879 0.4878 0.7239
vn 0.5822 0.3855 0.7159
vn 0.4879 0.4879 0.7239
vn 0.3855 0.5822 0.7159
vn -0.5822 0.3855 0.7159
vn -0.4878 0.4878 0.7239
vn -0.4879 0.4878 0.7239
vn -0.3855 0.5822 0.7159
vn 0.4878 -0.4878 0.7239
vn 0.3855 -0.5822 0.7159
vn 0.4879 -0.4879 0.7239
vn 0.5822 -0.3855 0.7159
vn -0.4878 -0.4878 0.7239
vn -0.5822 -0.3855 0.7159
vn -0.4879 -0.4879 0.7239
vn -0.3855 -0.5822 0.7159
vn 0.4579 0.3000 0.8369
vn 0.3788 0.3788 0.8444
vn 0.3000 0.4579 0.8369
vn -0.3000 0.4579 0.8369
vn -0.3788 0.3788 0.8444
vn -0.4579 0.3000 0.8369
vn 0.3000 -0.4579 0.8369
vn 0.3788 -0.3788 0.8444
vn 0.4579 -0.3000 0.8369
vn -0.3788 -0.3788 0.8444
vn -0.3000 -0.4579 0.8369
vn -0.4579 -0.3000 0.8368
vn -0.7239 0.4879 0.4879
vn -0.7159 0.3855 0.5822
vn -0.7239 0.4878 0.4878
vn -0.7159 0.5822 0.3855
vn -0.7159 0.3855 -0.5822
vn -0.7239 0.4879 -0.4879
vn -0.7159 0.5822 -0.3855
vn -0.7239 -0.4879 0.4879
vn -0.7159 -0.5822 0.3855
vn -0.7239 -0.4879 0.4878
vn -0.7159 -0.3855 0.5822
vn -0.7239 -0.4878 -0.4878
vn -0.7159 -0.3855 -0.5822
vn -0.7239 -0.4879 -0.4879
vn -0.7159 -0.5822 -0.3855
vn -0.8368 0.3000 0.4579
vn -0.8444 0.3788 0.3788
vn -0.8369 0.4579 0.3000
vn -0.8369 0.4579 -0.3000
vn -0.8444 0.3788 -0.3788
vn -0.8369 0.3000 -0.4579
vn -0.8369 -0.4579 0.3000
vn -0.8444 -0.3788 0.3788
vn -0.8368 -0.3000 0.4579
vn -0.8444 -0.3788 -0.3788
vn -0.8369 -0.4579 -0.3000
vn -0.8369 -0.3000 -0.4579
vn -0.0000 0.6456 -0.7637
vn 0.5380 0.6488 -0.5381
vn -0.5380 0.6488 -0.5381
vn -0.0000 0.0707 -0.9975
vn -0.0000 -0.0000 -1.0000
vn 0.7071 -0.0000 -0.7071
vn -0.7071 -0.0000 -0.7071
vn -0.0000 -0.4876 -0.8731
vn -0.0000 -0.0629 -0.9980
vn -0.0000 0.9999 0.0158
vn 0.7637 0.6456 -0.0000
vn 0.5381 0.6488 -0.5380
vn 0.5381 0.6488 0.5380
vn 1.0000 -0.0000 -0.0000
vn 0.7071 -0.0000 0.7071
vn -0.0000 0.3234 0.9463
vn -0.0000 0.6321 0.7749
vn -0.0000 0.3233 0.9463
vn -0.0000 -0.0237 0.9997
vn -0.0000 0.6456 0.7637
vn 0.5380 0.6488 0.5381
vn -0.5380 0.6488 0.5381
vn -0.5381 0.6488 0.5381
vn -0.0000 -0.0000 1.0000
vn -0.7071 -0.0000 0.7071
vn -0.0000 -0.9835 -0.1809
vn -0.0000 -1.0000 -0.0000
vn -0.0000 -0.9947 -0.1026
vn -0.0000 -0.9196 0.3930
vn -0.0000 -0.9947 -0.1028
vn -0.0000 -0.4877 -0.8730
vn -0.7637 0.6456 -0.0000
vn -0.5381 0.6488 -0.5380
vn -0.7636 0.6456 -0.0000
vn -0.5381 0.6488 0.5380
vn -1.0000 -0.0000 -0.0000
vn -0.7071 0.0001 -0.7071
vn -0.4321 -0.3457 -0.8329
vn 0.4322 -0.3457 -0.8329
vn 0.4321 0.3457 -0.8329
vn -0.4322 0.3457 -0.8329
vn 0.8329 -0.3457 -0.4322
vn 0.8329 -0.3457 0.4322
vn 0.8329 0.3457 0.4322
vn 0.8329 0.3457 -0.4322
vn -0.4322 0.3457 0.8329
vn 0.4321 0.3457 0.8329
vn 0.4321 -0.3457 0.8329
vn -0.4322 -0.3457 0.8329
vn -0.8329 0.3457 -0.4322
vn -0.8329 0.3457 0.4322
vn -0.8329 -0.3457 0.4321
vn -0.8329 -0.3457 -0.4321
vn 0.5924 -0.3476 -0.7268
vn -0.0000 -0.3537 -0.9354
vn -0.5924 -0.3476 -0.7268
vn 0.5054 -0.3475 -0.7898
vn -0.5054 -0.3475 -0.7898
vn -0.0000 0.4661 -0.8847
vn -0.0000 -0.0158 -0.9999
vn -0.0000 -0.0236 -0.9997
vn 0.1575 0.4882 -0.8584
vn 0.6725 0.0791 -0.7359
vn -0.0000 0.8121 -0.5835
vn -0.1893 -0.4888 -0.8516
vn -0.7009 -0.0788 -0.7089
vn -0.0000 -0.8121 -0.5835
vn 0.0631 -0.4336 -0.8989
vn -0.0707 0.4397 -0.8953
vn -0.5874 0.5482 -0.5953
vn 0.1337 0.7239 -0.6768
vn -0.2593 0.7937 -0.5502
vn -0.2753 0.3853 -0.8808
vn 0.4029 -0.4188 -0.8138
vn 0.4887 -0.3389 -0.8040
vn 0.5433 -0.2913 -0.7874
vn 0.3708 -0.4497 -0.8126
vn -0.0000 0.7071 -0.7071
vn -0.0000 -0.7071 -0.7071
vn -0.3708 -0.4497 -0.8126
vn -0.4029 -0.4188 -0.8138
vn -0.4887 -0.3389 -0.8039
vn -0.5433 -0.2913 -0.7874
vn 0.3228 -0.6613 -0.6771
vn 0.1494 -0.3618 -0.9202
vn 0.1900 -0.4828 -0.8549
vn 0.1259 -0.2517 -0.9596
vn 0.1178 -0.1492 -0.9818
vn 0.1177 -0.0942 -0.9886
vn 0.1100 -0.0865 -0.9902
vn 0.0949 -0.1739 -0.9802
vn 0.2197 -0.5100 -0.8317
vn 0.1263 -0.2684 -0.9550
vn 0.4547 -0.7134 -0.5332
vn 0.3066 -0.6368 -0.7075
vn 0.3851 0.6366 -0.6681
vn 0.7234 0.5504 -0.4168
vn 0.4935 0.6266 -0.6032
vn -0.5890 0.3456 -0.7305
vn -0.0000 0.3468 -0.9380
vn -0.5127 0.3392 -0.7888
vn 0.5890 0.3456 -0.7305
vn 0.5127 0.3391 -0.7888
vn -0.1494 -0.3618 -0.9202
vn -0.3228 -0.6613 -0.6771
vn -0.1900 -0.4828 -0.8549
vn -0.1258 -0.2517 -0.9596
vn -0.1178 -0.1492 -0.9818
vn -0.1177 -0.0942 -0.9886
vn -0.1100 -0.0865 -0.9902
vn -0.0949 -0.1739 -0.9802
vn -0.2197 -0.5100 -0.8317
vn -0.1263 -0.2684 -0.9550
vn -0.4547 -0.7134 -0.5332
vn -0.3066 -0.6368 -0.7075
vn -0.7234 0.5505 -0.4168
vn -0.3852 0.6366 -0.6681
vn -0.4935 0.6266 -0.6032
vn -0.4662 -0.0000 -0.8847
vn -0.5295 -0.3794 -0.7587
vn -0.4657 -0.0000 -0.8849
vn -0.5295 0.3794 -0.7587
vn -0.4476 -0.4555 -0.7696
vn -0.4476 0.4554 -0.7696
vn -0.0000 -0.3863 -0.9224
vn -0.0000 0.3863 -0.9224
vn 0.5295 -0.3794 -0.7587
vn 0.5295 0.3794 -0.7587
vn 0.4476 -0.4555 -0.7696
vn 0.4476 0.4554 -0.7696
vn 0.4658 -0.0000 -0.8849
vn -0.0000 -0.5692 -0.8222
vn 0.4261 -0.5603 -0.7103
vn 0.5505 -0.5662 -0.6135
vn -0.0000 -0.5691 -0.8222
vn -0.5505 -0.5662 -0.6135
vn -0.4261 -0.5603 -0.7103
vn 0.2673 0.1966 -0.9434
vn 0.3620 0.5351 -0.7633
vn 0.3225 0.4483 -0.8337
vn 0.2672 0.1571 -0.9508
vn 0.5266 0.7073 -0.4716
vn 0.2757 -0.1261 -0.9530
vn 0.4497 0.6548 -0.6075
vn 0.3143 -0.3143 -0.8958
vn 0.3794 -0.5295 -0.7587
vn 0.4476 -0.6440 -0.6205
vn 0.4241 -0.6204 -0.6597
vn 0.2515 -0.1808 -0.9508
vn 0.3710 -0.5368 -0.7578
vn 0.2763 -0.2920 -0.9156
vn 0.2668 0.1648 -0.9496
vn 0.3000 0.3947 -0.8684
vn 0.3241 0.6324 -0.7036
vn 0.4814 -0.6867 -0.5447
vn 0.2592 -0.2435 -0.9346
vn 0.4109 -0.6164 -0.6717
vn 0.2910 -0.3539 -0.8888
vn 0.2762 0.2051 -0.9390
vn 0.3060 0.4630 -0.8318
vn -0.4345 -0.0000 -0.9007
vn -0.0314 -0.0706 -0.9970
vn -0.0079 -0.0000 -1.0000
vn 0.2597 -0.3148 -0.9129
vn -0.2367 0.3472 -0.9074
vn -0.0000 0.6285 -0.7778
vn 0.2367 0.3471 -0.9074
vn 0.0314 -0.0706 -0.9970
vn -0.0000 0.2277 -0.9737
vn -0.0000 -0.2831 -0.9591
vn -0.5291 -0.6633 -0.5292
vn -0.3537 -0.0000 -0.9354
vn -0.8308 -0.0000 -0.5565
vn -0.5291 0.6633 -0.5292
vn 0.8308 -0.0000 -0.5566
vn 0.5291 -0.6634 -0.5291
vn -0.0000 -0.7914 -0.6112
vn -0.2597 -0.3148 -0.9129
vn -0.3620 0.5351 -0.7633
vn -0.2673 0.1965 -0.9434
vn -0.3225 0.4483 -0.8337
vn -0.2671 0.1572 -0.9508
vn -0.5265 0.7073 -0.4716
vn -0.2757 -0.1260 -0.9530
vn -0.4497 0.6548 -0.6075
vn -0.3143 -0.3143 -0.8958
vn -0.3793 -0.5295 -0.7588
vn -0.4476 -0.6440 -0.6204
vn -0.2515 -0.1808 -0.9508
vn -0.4241 -0.6204 -0.6597
vn -0.3710 -0.5367 -0.7578
vn -0.2763 -0.2920 -0.9156
vn -0.2668 0.1648 -0.9495
vn -0.3000 0.3947 -0.8684
vn -0.3241 0.6324 -0.7036
vn 0.1259 0.0315 -0.9915
vn 0.4408 0.5983 -0.6692
vn 0.2903 0.4865 -0.8240
vn 0.2047 0.3307 -0.9213
vn 0.1412 -0.3295 -0.9336
vn 0.1258 -0.2202 -0.9673
vn 0.3773 -0.7076 -0.5975
vn 0.2280 -0.5741 -0.7864
vn 0.3708 0.4497 -0.8126
vn 0.4887 0.3389 -0.8039
vn 0.4030 0.4187 -0.8138
vn 0.5433 0.2913 -0.7874
vn -0.2592 -0.2435 -0.9346
vn -0.4814 -0.6867 -0.5447
vn -0.4109 -0.6164 -0.6717
vn -0.2905 -0.3542 -0.8889
vn -0.2762 0.2051 -0.9390
vn -0.3060 0.4630 -0.8318
vn -0.4887 0.3389 -0.8040
vn -0.5433 0.2913 -0.7874
vn -0.4030 0.4187 -0.8138
vn -0.3708 0.4497 -0.8126
vn 0.5740 -0.5425 -0.6134
vn 0.8593 -0.2443 -0.4493
vn 0.7138 0.1569 -0.6825
vn -0.1576 -0.7328 -0.6619
vn 0.2441 -0.3858 -0.8897
vn -0.4816 -0.4659 -0.7423
vn -0.0079 0.0236 -0.9997
vn 0.4566 0.4566 -0.7636
vn -0.7328 -0.1576 -0.6619
vn -0.8722 0.2435 -0.4243
vn -0.4408 0.5983 -0.6692
vn -0.1259 0.0315 -0.9915
vn -0.2903 0.4865 -0.8240
vn -0.2047 0.3307 -0.9213
vn -0.1412 -0.3295 -0.9336
vn -0.1258 -0.2202 -0.9673
vn -0.3773 -0.7076 -0.5975
vn -0.2281 -0.5741 -0.7864
vn 0.5834 -0.0000 -0.8122
vn -0.5834 -0.0000 -0.8122
vn -0.0000 -0.8554 -0.5180
vn -0.0000 -0.4567 -0.8896
vn 0.5208 -0.5997 -0.6076
vn 0.1656 -0.0237 -0.9859
vn 0.3845 -0.5336 -0.7533
vn 0.2676 -0.3305 -0.9051
vn 0.1569 0.2981 -0.9415
vn 0.1417 0.2047 -0.9685
vn 0.2200 0.4949 -0.8406
vn 0.3295 0.6355 -0.6983
vn 0.6150 -0.7885 -0.0000
vn 0.3621 -0.5668 -0.7400
vn 0.3621 0.5668 -0.7400
vn 0.6150 0.7885 -0.0000
vn -0.1657 -0.0237 -0.9859
vn -0.5208 -0.5997 -0.6076
vn -0.3845 -0.5336 -0.7533
vn -0.2676 -0.3305 -0.9051
vn -0.1569 0.2981 -0.9415
vn -0.1417 0.2047 -0.9685
vn -0.2200 0.4949 -0.8406
vn -0.3295 0.6355 -0.6983
vn 0.2908 0.2908 -0.9115
vn 0.5193 0.6846 -0.5115
vn 0.4562 0.6371 -0.6213
vn 0.3223 0.3852 -0.8647
vn 0.2685 -0.0079 -0.9633
vn 0.2987 -0.1887 -0.9355
vn 0.3146 -0.3539 -0.8808
vn 0.3461 -0.5348 -0.7708
vn 0.2445 -0.1183 -0.9624
vn 0.2518 -0.1731 -0.9522
vn 0.2525 0.1578 -0.9546
vn 0.2982 -0.4394 -0.8474
vn 0.2918 0.3470 -0.8913
vn 0.5357 -0.7248 -0.4333
vn 0.3626 0.5439 -0.7568
vn 0.4429 -0.6723 -0.5932
vn 0.4412 0.6539 -0.6146
vn 0.2757 0.2127 -0.9374
vn 0.4414 0.6305 -0.6385
vn 0.3924 0.5493 -0.7377
vn 0.2994 0.2994 -0.9060
vn 0.2442 0.0394 -0.9689
vn 0.2443 -0.0157 -0.9696
vn 0.2515 -0.0471 -0.9667
vn -0.6324 0.7746 -0.0000
vn -0.3779 0.5668 -0.7321
vn -0.3779 -0.5668 -0.7321
vn -0.6324 -0.7746 -0.0000
vn -0.3461 -0.5348 -0.7708
vn -0.2518 -0.1731 -0.9522
vn -0.2445 -0.1183 -0.9624
vn -0.2525 0.1578 -0.9546
vn -0.2982 -0.4394 -0.8474
vn -0.2918 0.3470 -0.8913
vn -0.5357 -0.7247 -0.4333
vn -0.3626 0.5439 -0.7568
vn -0.4429 -0.6723 -0.5932
vn -0.4412 0.6539 -0.6146
vn -0.3924 0.5493 -0.7377
vn -0.4414 0.6305 -0.6385
vn -0.2757 0.2127 -0.9374
vn -0.2994 0.2994 -0.9060
vn -0.2442 0.0394 -0.9689
vn -0.2444 -0.0157 -0.9696
vn -0.2515 -0.0472 -0.9667
vn -0.0000 0.5691 -0.8222
vn 0.5505 0.5662 -0.6135
vn 0.4261 0.5603 -0.7103
vn -0.4261 0.5603 -0.7103
vn -0.5505 0.5662 -0.6135
vn -0.0000 0.5693 -0.8221
vn -0.4562 0.6371 -0.6213
vn -0.5193 0.6846 -0.5115
vn -0.2908 0.2908 -0.9115
vn -0.3223 0.3852 -0.8647
vn -0.2685 -0.0079 -0.9633
vn -0.2987 -0.1887 -0.9355
vn -0.3146 -0.3539 -0.8808
vn 0.2367 -0.3471 -0.9074
vn 0.0079 -0.0000 -1.0000
vn 0.4345 -0.0000 -0.9007
vn 0.0314 0.0706 -0.9970
vn -0.0000 -0.6285 -0.7778
vn -0.0000 -0.2277 -0.9737
vn -0.0314 0.0706 -0.9970
vn -0.2367 -0.3472 -0.9074
vn -0.0000 0.2830 -0.9591
vn -0.2597 0.3148 -0.9129
vn 0.2597 0.3148 -0.9129
vn -0.0000 0.7914 -0.6113
vn 0.3537 -0.0000 -0.9353
vn 0.5291 0.6634 -0.5291
vn 0.1419 0.3154 -0.9383
vn 0.1730 0.4247 -0.8887
vn 0.1807 0.4399 -0.8797
vn 0.1336 0.2514 -0.9586
vn 0.1340 0.1655 -0.9771
vn 0.1343 0.0790 -0.9878
vn 0.1337 0.0157 -0.9909
vn 0.1259 0.0158 -0.9919
vn 0.0789 0.1421 -0.9867
vn 0.2123 0.5347 -0.8179
vn 0.1022 0.2357 -0.9664
vn 0.4887 0.7331 -0.4730
vn 0.3069 0.6611 -0.6847
vn -0.0392 -0.3534 -0.9346
vn 0.6845 -0.6137 -0.3934
vn 0.2924 -0.6479 -0.7033
vn -0.0864 -0.2985 -0.9505
vn -0.1419 0.3154 -0.9383
vn -0.1806 0.4399 -0.8797
vn -0.1730 0.4247 -0.8887
vn -0.1336 0.2514 -0.9586
vn -0.1340 0.1655 -0.9771
vn -0.1343 0.0790 -0.9878
vn -0.1337 0.0157 -0.9909
vn -0.1259 0.0158 -0.9919
vn -0.0789 0.1421 -0.9867
vn -0.2123 0.5348 -0.8179
vn -0.1021 0.2358 -0.9664
vn -0.4887 0.7331 -0.4730
vn -0.3069 0.6611 -0.6847
vn -0.6845 -0.6137 -0.3935
vn 0.0392 -0.3535 -0.9346
vn -0.2924 -0.6480 -0.7033
vn 0.0864 -0.2985 -0.9505
vn -0.0000 -0.4970 -0.8677
vn 0.4579 -0.4895 -0.7421
vn 0.5684 -0.4974 -0.6553
vn -0.0000 -0.4970 -0.8678
vn -0.5684 -0.4974 -0.6553
vn -0.4579 -0.4895 -0.7421
vn 0.2365 -0.7885 -0.5678
vn -0.0000 -0.9052 -0.4250
vn -0.0000 -0.3235 -0.9462
vn -0.0000 -0.3234 -0.9463
vn -0.0000 0.0315 -0.9995
vn -0.0000 -0.8678 -0.4970
vn -0.0000 0.8678 -0.4970
vn -0.0000 0.6012 -0.7991
vn 0.5371 0.6004 -0.5925
vn 0.4101 0.5916 -0.6942
vn -0.0000 0.6013 -0.7991
vn -0.5371 0.6004 -0.5925
vn -0.4101 0.5916 -0.6941
vn -0.0000 1.0000 -0.0000
vn -0.0000 0.9563 -0.2924
vn 0.0315 0.9995 -0.0079
vn -0.0000 0.8122 0.5834
vn 0.1892 0.4888 0.8516
vn -0.2363 0.9294 0.2835
vn -0.0631 0.4337 0.8989
vn 0.5834 0.8121 -0.0158
vn -0.5348 0.6606 0.5269
vn -0.7247 0.6854 -0.0709
vn -0.0000 0.8122 -0.5834
vn -0.2443 0.9297 -0.2757
vn -0.0707 0.4398 -0.8953
vn -0.5579 0.6601 -0.5029
vn -0.7267 0.6793 0.1026
vn -0.7267 0.6793 0.1027
vn -0.6452 0.7476 0.1574
vn -0.2366 0.7885 0.5677
vn -0.5510 0.8345 0.0079
vn -0.2594 0.7938 -0.5501
vn -0.6520 0.7463 -0.1336
vn -0.0315 0.9994 -0.0158
vn 0.2758 0.9612 -0.0000
vn 0.1576 0.7329 0.6619
vn -0.5874 0.5483 -0.5952
vn 0.1338 0.7240 -0.6767
vn 0.6870 0.7266 -0.0079
vn -0.5740 0.5426 0.6133
vn 0.4817 0.4659 0.7423
vn -0.0000 0.7071 0.7071
vn 0.5369 0.6159 -0.5765
vn 0.4934 0.6267 -0.6032
vn 0.7234 0.5504 -0.4167
vn 0.3852 0.6367 -0.6681
vn 0.4935 0.6266 -0.6031
vn 0.5817 0.6131 -0.5345
vn -0.7234 0.5504 -0.4167
vn -0.4934 0.6267 -0.6032
vn -0.5369 0.6160 -0.5765
vn -0.3852 0.6367 -0.6681
vn -0.5817 0.6131 -0.5345
vn -0.4935 0.6267 -0.6031
vn 0.5369 0.6159 0.5765
vn 0.7234 0.5504 0.4167
vn 0.4935 0.6267 0.6031
vn 0.3851 0.6367 0.6681
vn 0.5817 0.6131 0.5345
vn 0.4935 0.6266 0.6031
vn 0.6627 0.7022 -0.2604
vn 0.7471 0.6527 -0.1258
vn -0.4935 0.6267 0.6032
vn -0.7234 0.5504 0.4168
vn -0.5369 0.6159 0.5765
vn -0.3852 0.6366 0.6681
vn -0.4935 0.6266 0.6031
vn -0.5817 0.6131 0.5345
vn 0.7660 0.6397 -0.0632
vn 0.7580 0.6475 -0.0790
vn 0.8018 0.5975 -0.0079
vn 0.8121 0.5835 -0.0079
vn 0.3061 0.4630 -0.8318
vn 0.3158 0.7656 -0.5604
vn -0.0000 0.7915 -0.6112
vn -0.0000 0.9021 -0.4315
vn -0.4715 0.7074 -0.5266
vn -0.5510 0.8345 -0.0000
vn -0.0000 0.6286 -0.7778
vn 0.2367 0.3472 -0.9074
vn -0.4715 0.7074 0.5266
vn -0.0000 0.9021 0.4314
vn -0.2367 0.3472 0.9074
vn -0.0000 0.6285 0.7778
vn 0.2367 0.3472 0.9074
vn -0.6150 0.7885 -0.0000
vn -0.5291 0.6634 -0.5291
vn -0.0000 1.0000 -0.0001
vn -0.0000 0.7915 0.6112
vn -0.5291 0.6634 0.5291
vn 0.5291 0.6634 0.5291
vn -0.6627 0.7022 -0.2604
vn -0.5266 0.7074 -0.4716
vn -0.7470 0.6527 -0.1259
vn 0.7580 0.6475 0.0790
vn 0.7660 0.6397 0.0632
vn 0.8018 0.5975 0.0079
vn 0.8121 0.5835 0.0079
vn 0.2762 0.2051 0.9390
vn 0.3158 0.7656 0.5604
vn 0.3060 0.4630 0.8318
vn -0.0000 0.9888 0.1491
vn 0.0711 0.9873 0.1422
vn 0.1333 0.9880 0.0784
vn 0.1492 0.9888 -0.0000
vn 0.1491 0.9888 -0.0000
vn -0.0711 0.9873 0.1421
vn 0.0711 0.9873 -0.1422
vn -0.1333 0.9880 0.0784
vn 0.1333 0.9880 -0.0784
vn -0.1492 0.9888 -0.0000
vn -0.0000 0.9888 -0.1491
vn -0.1491 0.9888 -0.0000
vn -0.0000 0.9888 -0.1492
vn -0.0711 0.9873 -0.1422
vn -0.1333 0.9880 -0.0784
vn 0.2904 0.4866 -0.8240
vn 0.7103 0.6077 -0.3552
vn 0.6315 0.6315 -0.4500
vn 0.4409 0.5983 -0.6691
vn 0.6627 0.7022 0.2604
vn 0.5266 0.7074 0.4715
vn 0.4497 0.6548 0.6074
vn 0.7470 0.6527 0.1259
vn -0.7580 0.6475 -0.0790
vn -0.7660 0.6397 -0.0632
vn -0.8018 0.5975 -0.0079
vn -0.8121 0.5835 -0.0079
vn -0.2761 0.2051 -0.9390
vn -0.3158 0.7656 -0.5604
vn -0.3061 0.4630 -0.8318
vn 0.2904 0.4866 0.8240
vn 0.6315 0.6315 0.4500
vn 0.7103 0.6077 0.3552
vn 0.4408 0.5983 0.6691
vn 0.4565 0.4566 -0.7636
vn -0.7556 0.6533 -0.0472
vn -0.2128 0.9770 0.0158
vn -0.7707 0.6370 0.0157
vn -0.7511 0.6563 0.0711
vn -0.7660 0.6397 0.0632
vn -0.7580 0.6475 0.0790
vn -0.8018 0.5975 0.0079
vn -0.8121 0.5835 0.0079
vn -0.2761 0.2051 0.9390
vn -0.3060 0.4630 0.8318
vn -0.3157 0.7657 0.5604
vn -0.5266 0.7074 0.4715
vn -0.6627 0.7022 0.2604
vn -0.4497 0.6548 0.6074
vn -0.7470 0.6527 0.1259
vn -0.7103 0.6077 -0.3552
vn -0.2904 0.4866 -0.8240
vn -0.6315 0.6315 -0.4500
vn -0.4409 0.5983 -0.6691
vn -0.7103 0.6077 0.3552
vn -0.6314 0.6315 0.4500
vn -0.2904 0.4866 0.8240
vn -0.4408 0.5983 0.6691
vn 0.3466 0.7089 0.6143
vn -0.0000 0.7227 0.6912
vn -0.0000 0.7226 0.6912
vn -0.3466 0.7089 0.6143
vn 0.4878 0.7239 0.4878
vn -0.4879 0.7239 0.4879
vn 0.6912 0.7227 -0.0000
vn -0.6912 0.7227 -0.0000
vn 0.3466 0.7089 -0.6143
vn -0.3466 0.7089 -0.6143
vn 0.4878 0.7239 -0.4878
vn -0.4878 0.7239 -0.4878
vn -0.0000 0.7228 -0.6911
vn 0.3295 0.6355 -0.6982
vn 0.5753 0.6936 -0.4335
vn 0.2200 0.4950 -0.8406
vn 0.5431 0.6949 -0.4713
vn 0.5753 0.6936 0.4335
vn 0.3295 0.6355 0.6982
vn 0.2200 0.4949 0.8406
vn 0.5437 0.6934 0.4728
vn 0.0001 -0.0000 -1.0000
vn 0.7260 0.5840 -0.3630
vn 0.8498 -0.0000 -0.5271
vn -0.8498 -0.0000 -0.5272
vn -0.7260 0.5840 -0.3630
vn 0.0001 0.0001 -1.0000
vn 1.0000 0.0001 -0.0000
vn 0.3641 0.5662 0.7395
vn 0.5272 -0.0000 0.8497
vn 0.5271 -0.0000 -0.8498
vn -0.2200 0.4950 -0.8406
vn -0.5753 0.6936 -0.4335
vn -0.3296 0.6355 -0.6982
vn -0.5437 0.6934 -0.4728
vn 0.7138 0.6825 -0.1569
vn 0.6853 0.7011 -0.1970
vn 0.5193 0.6846 -0.5114
vn 0.3924 0.5494 -0.7377
vn 0.3626 0.5439 -0.7567
vn 0.4412 0.6540 -0.6145
vn 0.4414 0.6306 -0.6384
vn 0.9192 0.3457 0.1886
vn 0.8690 0.4740 0.1422
vn 0.6456 0.7637 0.0078
vn 0.7138 0.6825 0.1569
vn 0.4562 0.6371 0.6213
vn 0.6853 0.7011 0.1970
vn 0.5194 0.6846 0.5114
vn -0.3295 0.6355 0.6982
vn -0.5753 0.6936 0.4335
vn -0.2200 0.4950 0.8406
vn -0.5432 0.6947 0.4715
vn -1.0000 -0.0000 -0.0001
vn -0.5456 -0.0000 -0.8381
vn -0.5455 -0.0000 0.8381
vn -0.3779 0.5668 0.7321
vn -1.0000 -0.0000 0.0001
vn -0.3924 0.5494 -0.7377
vn -0.4412 0.6540 -0.6145
vn -0.3626 0.5439 -0.7567
vn -0.4414 0.6306 -0.6384
vn -0.9192 0.3457 0.1886
vn -0.6456 0.7637 0.0078
vn -0.8690 0.4740 0.1422
vn -0.0001 -0.0000 1.0000
vn -0.7250 0.5752 0.3788
vn -0.8381 -0.0001 0.5456
vn 0.8381 -0.0001 0.5455
vn 0.7251 0.5754 0.3783
vn -0.0000 0.0001 1.0000
vn -0.6853 0.7011 -0.1970
vn -0.7138 0.6825 -0.1569
vn -0.5194 0.6846 -0.5114
vn 0.3924 0.5494 0.7377
vn 0.4412 0.6540 0.6145
vn 0.3626 0.5439 0.7567
vn 0.4414 0.6306 0.6384
vn 0.9192 0.3457 -0.1886
vn 0.6456 0.7637 -0.0078
vn 0.8690 0.4740 -0.1422
vn 0.4715 0.7074 0.5266
vn 0.5510 0.8345 -0.0000
vn 0.4715 0.7074 -0.5266
vn -0.4562 0.6371 0.6213
vn -0.7139 0.6825 0.1569
vn -0.6853 0.7011 0.1970
vn -0.5194 0.6846 0.5114
vn 0.4888 0.7331 -0.4729
vn 0.6845 0.6924 -0.2282
vn 0.3070 0.6611 -0.6847
vn 0.7393 0.6528 -0.1652
vn -0.4412 0.6540 0.6145
vn -0.3924 0.5494 0.7377
vn -0.3626 0.5439 0.7567
vn -0.4414 0.6306 0.6384
vn -0.9192 0.3457 -0.1886
vn -0.8690 0.4740 -0.1422
vn -0.6456 0.7637 -0.0078
vn -0.6845 0.6924 -0.2282
vn -0.7393 0.6528 -0.1652
vn 0.6845 0.6924 0.2282
vn 0.4888 0.7331 0.4729
vn 0.3069 0.6611 0.6847
vn 0.7393 0.6528 0.1652
vn -0.4888 0.7331 0.4729
vn -0.6845 0.6924 0.2282
vn -0.3069 0.6611 0.6847
vn -0.7393 0.6528 0.1652
vn -0.0000 0.8678 0.4970
vn 0.9354 -0.3537 -0.0000
vn 0.5925 -0.3476 -0.7267
vn 0.5055 -0.3475 -0.7898
vn 0.9354 -0.3536 -0.0000
vn 0.5925 -0.3476 0.7268
vn 0.5054 -0.3475 0.7898
vn 0.1892 0.4889 0.8516
vn 0.9562 0.2924 -0.0158
vn 0.5834 0.8120 -0.0158
vn 0.7010 0.0788 0.7088
vn 0.9437 -0.3303 -0.0157
vn 0.6725 0.0791 -0.7358
vn 0.0706 -0.4398 0.8953
vn 0.8525 -0.4105 0.3236
vn 0.5580 -0.6601 0.5030
vn 0.7267 -0.6793 -0.1026
vn 0.6453 -0.7475 -0.1573
vn 0.5511 -0.8344 -0.0079
vn 0.8034 -0.3623 -0.4726
vn 0.8126 -0.4497 -0.3708
vn 0.8102 -0.3776 -0.4484
vn 0.7874 -0.2913 -0.5433
vn 0.6867 -0.6787 -0.2604
vn 0.6160 -0.7108 -0.3396
vn 0.9315 -0.3631 -0.0237
vn 0.9402 -0.3397 -0.0237
vn 0.9886 0.1490 0.0235
vn 0.9859 0.1656 0.0237
vn 0.7234 0.5505 -0.4168
vn 0.5369 0.6160 -0.5764
vn 0.7874 -0.2913 0.5433
vn 0.8102 -0.3776 0.4484
vn 0.8034 -0.3623 0.4726
vn 0.8126 -0.4497 0.3708
vn 0.9379 0.3468 -0.0000
vn 0.5127 0.3392 -0.7887
vn 0.5891 0.3456 -0.7304
vn 0.5891 0.3456 0.7304
vn 0.5127 0.3392 0.7887
vn 0.9380 0.3468 -0.0000
vn 0.8849 -0.0000 -0.4658
vn 0.7654 -0.4182 -0.4892
vn 0.7637 -0.3936 -0.5117
vn 0.9224 -0.3863 -0.0000
vn 0.8847 -0.0000 -0.4662
vn 0.7637 0.3936 -0.5117
vn 0.7637 -0.3936 0.5117
vn 0.7654 0.4182 -0.4892
vn 0.7654 -0.4182 0.4892
vn 0.9224 0.3863 -0.0000
vn 0.8847 -0.0000 0.4662
vn 0.8847 -0.0000 0.4661
vn 0.7637 0.3936 0.5117
vn 0.7654 0.4182 0.4892
vn 0.5506 -0.5662 0.6134
vn 0.8223 -0.5691 -0.0000
vn 0.8225 -0.5688 -0.0000
vn 0.5505 -0.5663 -0.6134
vn 0.4262 -0.5603 0.7103
vn 0.6867 -0.6787 0.2604
vn 0.9314 -0.3631 0.0237
vn 0.6160 -0.7108 0.3396
vn 0.9402 -0.3397 0.0237
vn 0.9885 0.1491 -0.0235
vn 0.9859 0.1656 -0.0237
vn 0.7234 0.5505 0.4167
vn 0.9006 0.4108 0.1422
vn 0.6627 0.7022 -0.2603
vn 0.9218 0.3467 0.1733
vn 0.9682 -0.1023 0.2283
vn 0.9685 -0.0787 0.2362
vn 0.9205 -0.3541 0.1652
vn 0.9468 -0.1893 0.2604
vn 0.8642 -0.4871 0.1257
vn 0.8408 -0.5343 0.0864
vn 0.9540 -0.1340 0.2681
vn 0.6934 -0.7013 -0.1654
vn 0.9378 0.2679 0.2207
vn 0.6560 -0.7192 -0.2292
vn 0.9378 0.2680 0.2207
vn 0.8019 0.5974 -0.0078
vn 0.7661 0.6396 -0.0632
vn 0.8121 0.5834 -0.0079
vn 0.9341 0.2983 0.1962
vn 0.7580 0.6474 -0.0789
vn 0.9438 0.2596 0.2045
vn 0.9610 0.0236 0.2757
vn 0.9611 0.0158 0.2757
vn 0.9622 -0.0473 0.2682
vn 0.8309 -0.0000 -0.5565
vn 0.5291 0.6634 -0.5292
vn 0.8309 -0.0000 0.5565
vn 0.5291 -0.6633 0.5291
vn 1.0000 -0.0000 -0.0001
vn 0.8642 -0.4871 -0.1257
vn 0.9468 -0.1893 -0.2604
vn 0.8408 -0.5343 -0.0864
vn 0.9540 -0.1340 -0.2681
vn 0.6934 -0.7013 0.1654
vn 0.9378 0.2679 -0.2207
vn 0.6560 -0.7191 0.2291
vn 0.8019 0.5974 0.0078
vn 0.7661 0.6397 0.0631
vn 0.9341 0.2983 -0.1962
vn 0.8121 0.5834 0.0078
vn 0.7580 0.6474 0.0789
vn 0.9438 0.2596 -0.2045
vn 0.9610 0.0236 -0.2757
vn 0.9611 0.0158 -0.2757
vn 0.9622 -0.0474 -0.2682
vn 0.9633 0.2685 -0.0000
vn 0.9658 0.2591 -0.0000
vn 0.9397 0.3396 -0.0395
vn 0.9936 0.1025 0.0473
vn 0.9964 -0.0471 0.0706
vn 0.9955 -0.0632 0.0711
vn 0.9954 -0.0395 0.0869
vn 0.9955 -0.0079 0.0948
vn 0.9460 0.3232 -0.0236
vn 0.9409 0.3372 -0.0314
vn 0.7103 0.6077 -0.3551
vn 0.6315 0.6315 -0.4499
vn 0.7284 -0.6736 -0.1253
vn 0.7108 -0.6872 -0.1501
vn 0.8516 -0.1892 0.4889
vn 0.9006 0.4108 -0.1422
vn 0.7471 0.6527 0.1258
vn 0.6627 0.7022 0.2603
vn 0.9218 0.3467 -0.1734
vn 0.9682 -0.1023 -0.2283
vn 0.9685 -0.0787 -0.2362
vn 0.9205 -0.3541 -0.1652
vn 0.7874 0.2913 -0.5433
vn 0.8034 0.3623 -0.4726
vn 0.8102 0.3776 -0.4484
vn 0.8126 0.4497 -0.3708
vn 0.9397 0.3396 0.0395
vn 0.9936 0.1025 -0.0473
vn 0.9964 -0.0471 -0.0706
vn 0.9955 -0.0632 -0.0711
vn 0.9954 -0.0395 -0.0869
vn 0.9955 -0.0079 -0.0948
vn 0.9460 0.3232 0.0237
vn 0.9409 0.3372 0.0314
vn 0.7104 0.6077 0.3551
vn 0.6315 0.6315 0.4499
vn 0.7284 -0.6736 0.1254
vn 0.8516 -0.1892 -0.4889
vn 0.7108 -0.6872 0.1501
vn 0.8593 -0.2444 -0.4493
vn 0.5740 -0.5426 -0.6133
vn 0.7267 -0.6792 -0.1027
vn 0.7139 0.1569 -0.6825
vn 0.6871 0.7265 -0.0079
vn 0.8034 0.3623 0.4726
vn 0.8126 0.4497 0.3708
vn 0.8102 0.3776 0.4484
vn 0.7874 0.2913 0.5433
vn 0.5835 -0.0000 -0.8121
vn 0.5835 -0.0003 -0.8121
vn 0.5835 -0.0000 0.8121
vn 0.5834 0.0002 0.8121
vn 0.5834 -0.0000 0.8121
vn 0.8573 -0.4876 -0.1652
vn 0.8519 -0.4969 -0.1656
vn 0.7312 -0.6132 -0.2988
vn 0.9768 -0.2127 0.0236
vn 0.9964 -0.0314 0.0785
vn 0.9968 -0.0157 0.0785
vn 0.9960 -0.0235 0.0863
vn 0.9951 -0.0474 0.0869
vn 0.9456 -0.3231 -0.0394
vn 0.9428 -0.3300 -0.0471
vn 0.7487 -0.5832 -0.3152
vn 0.7096 -0.5992 -0.3706
vn 0.5437 0.6935 -0.4728
vn 0.8825 0.4649 0.0708
vn 0.8573 -0.4876 0.1652
vn 0.7312 -0.6133 0.2988
vn 0.8519 -0.4969 0.1656
vn 0.9768 -0.2127 -0.0236
vn 0.9964 -0.0314 -0.0785
vn 0.9968 -0.0157 -0.0785
vn 0.9960 -0.0235 -0.0863
vn 0.9951 -0.0474 -0.0869
vn 0.9456 -0.3231 0.0394
vn 0.9428 -0.3300 0.0471
vn 0.7487 -0.5832 0.3152
vn 0.7096 -0.5992 0.3706
vn 0.3845 -0.5336 0.7533
vn 0.5451 0.6911 0.4746
vn 0.8825 0.4649 -0.0709
vn 0.7261 -0.5840 -0.3630
vn -0.0000 -0.7885 -0.6150
vn -0.0000 0.7885 -0.6150
vn 0.7261 0.5840 -0.3630
vn 0.9479 0.2212 0.2291
vn 0.8454 0.5294 0.0711
vn 0.8666 0.4884 0.1024
vn 0.9553 0.1658 0.2447
vn 0.7139 0.6825 -0.1568
vn 0.9502 -0.2356 0.2042
vn 0.6854 0.7011 -0.1969
vn 0.9476 -0.2448 0.2053
vn 0.8083 -0.5886 -0.0157
vn 0.7767 -0.6275 -0.0549
vn 0.9358 -0.2752 0.2202
vn 0.8183 -0.5743 0.0236
vn 0.7693 -0.6358 -0.0628
vn 0.9401 -0.2449 0.2370
vn 0.9286 0.3147 0.1967
vn 0.9294 0.3072 0.2048
vn 0.7689 0.6355 0.0706
vn 0.9102 -0.3688 0.1883
vn 0.7618 -0.6440 -0.0706
vn 0.6864 -0.7022 -0.1893
vn 0.9256 -0.3138 0.2118
vn 0.9479 0.2212 -0.2291
vn 0.8666 0.4884 -0.1024
vn 0.8454 0.5293 -0.0711
vn 0.9553 0.1658 -0.2447
vn 0.7139 0.6825 0.1569
vn 0.9502 -0.2356 -0.2042
vn 0.6854 0.7011 0.1969
vn 0.9476 -0.2448 -0.2053
vn 0.8083 -0.5885 0.0157
vn 0.7767 -0.6275 0.0549
vn 0.9358 -0.2752 -0.2202
vn 0.7693 -0.6358 0.0628
vn 0.8183 -0.5743 -0.0236
vn 0.9401 -0.2449 -0.2370
vn 0.9286 0.3148 -0.1967
vn 0.9294 0.3072 -0.2048
vn 0.7689 0.6355 -0.0706
vn 0.7252 0.5753 0.3783
vn -0.0000 0.7746 0.6324
vn 0.0001 -0.0001 1.0000
vn -0.0000 -0.7746 0.6324
vn 0.7252 -0.5753 0.3783
vn 0.8222 0.5692 -0.0000
vn 0.5505 0.5662 0.6134
vn 0.4262 0.5603 0.7102
vn 0.8223 0.5691 -0.0000
vn 0.5505 0.5662 -0.6134
vn 0.7618 -0.6440 0.0706
vn 0.9102 -0.3688 -0.1883
vn 0.6864 -0.7021 0.1893
vn 0.9256 -0.3138 -0.2118
vn 0.4716 -0.7073 0.5266
vn 0.5510 -0.8345 -0.0000
vn 0.4716 -0.7074 -0.5266
vn 0.8554 -0.0000 0.5179
vn 0.2367 -0.3472 0.9074
vn 0.4346 -0.0000 0.9006
vn 0.4716 0.7074 0.5266
vn 0.4716 0.7073 -0.5266
vn 0.8554 -0.0000 -0.5179
vn 0.2367 -0.3472 -0.9074
vn 0.4346 -0.0000 -0.9006
vn 0.7393 0.6528 -0.1651
vn 0.9431 0.3301 0.0393
vn 0.6846 0.6923 -0.2281
vn 0.9487 0.3136 0.0392
vn 0.9827 -0.1808 0.0393
vn 0.9750 -0.2201 0.0314
vn 0.4884 -0.6697 -0.5594
vn 0.9431 0.3301 -0.0393
vn 0.7393 0.6528 0.1651
vn 0.6845 0.6924 0.2281
vn 0.9487 0.3136 -0.0392
vn 0.9827 -0.1808 -0.0393
vn 0.9750 -0.2201 -0.0314
vn 0.6845 -0.6137 0.3934
vn 0.4884 -0.6697 0.5594
vn 0.5685 -0.4974 0.6553
vn 0.8677 -0.4970 -0.0000
vn 0.8678 -0.4970 -0.0000
vn 0.5685 -0.4974 -0.6553
vn 0.4579 -0.4894 0.7421
vn 0.4579 -0.4894 -0.7421
vn 0.7328 0.1576 0.6619
vn 0.4817 0.4659 0.7422
vn 0.9251 0.3795 -0.0158
vn 0.8722 -0.2436 0.4243
vn 0.9946 -0.1026 -0.0158
vn 0.7707 -0.6370 -0.0157
vn 0.7248 -0.6853 0.0709
vn 0.5875 -0.5483 0.5952
vn 0.7556 -0.6533 0.0473
vn 0.7512 -0.6562 -0.0712
vn 0.0630 -0.4337 -0.8989
vn 0.8413 -0.4088 -0.3538
vn 0.5348 -0.6606 -0.5269
vn 0.6521 -0.7463 0.1335
vn -0.0000 -1.0000 -0.0001
vn -0.0000 -1.0000 0.0001
vn 0.7991 0.6012 -0.0000
vn 0.5372 0.6004 0.5924
vn 0.4102 0.5916 0.6941
vn 0.5372 0.6004 -0.5925
vn 0.4102 0.5916 -0.6941
vn -0.0000 -0.3537 0.9354
vn 0.5924 -0.3476 0.7268
vn -0.5924 -0.3476 0.7268
vn -0.5054 -0.3475 0.7898
vn -0.0000 0.8121 0.5835
vn 0.1893 0.4888 0.8516
vn -0.0631 0.4336 0.8989
vn -0.6725 -0.0791 0.7359
vn 0.7009 0.0788 0.7089
vn -0.1575 -0.4882 0.8584
vn 0.0707 -0.4398 0.8953
vn -0.0000 -0.8121 0.5835
vn -0.5740 0.5425 0.6134
vn -0.2365 0.7885 0.5678
vn 0.1576 0.7328 0.6619
vn -0.2441 0.3858 0.8897
vn 0.0079 -0.0236 0.9997
vn -0.7138 -0.1569 0.6825
vn -0.8593 0.2444 0.4494
vn -0.4565 -0.4566 0.7636
vn 0.2753 -0.3853 0.8808
vn -0.0000 0.6368 0.7710
vn -0.0000 -0.0314 0.9995
vn -0.0000 -0.7071 0.7071
vn -0.0000 0.3468 0.9379
vn -0.5890 0.3456 0.7305
vn -0.5127 0.3391 0.7888
vn -0.0000 0.3469 0.9379
vn 0.5890 0.3456 0.7305
vn 0.5127 0.3392 0.7888
vn 0.3708 -0.4496 0.8126
vn 0.4887 -0.3389 0.8039
vn 0.3708 -0.4497 0.8126
vn 0.4030 -0.4187 0.8138
vn 0.5433 -0.2913 0.7874
vn -0.4887 -0.3389 0.8039
vn -0.5433 -0.2913 0.7874
vn -0.4030 -0.4187 0.8138
vn -0.3708 -0.4497 0.8126
vn -0.0000 -0.5692 0.8222
vn 0.5505 -0.5662 0.6135
vn 0.4261 -0.5603 0.7103
vn -0.0000 -0.5691 0.8222
vn -0.5505 -0.5662 0.6135
vn -0.4261 -0.5603 0.7103
vn 0.1899 -0.4828 0.8549
vn 0.1494 -0.3618 0.9202
vn 0.3228 -0.6613 0.6771
vn 0.1259 -0.2517 0.9596
vn 0.1178 -0.1492 0.9818
vn 0.1177 -0.0942 0.9886
vn 0.1100 -0.0865 0.9902
vn 0.0949 -0.1739 0.9802
vn 0.2197 -0.5100 0.8317
vn 0.1263 -0.2684 0.9550
vn 0.4547 -0.7134 0.5332
vn 0.3066 -0.6367 0.7075
vn 0.7234 0.5504 0.4168
vn 0.3852 0.6366 0.6681
vn 0.4935 0.6266 0.6032
vn -0.1494 -0.3618 0.9202
vn -0.1899 -0.4828 0.8549
vn -0.3228 -0.6613 0.6771
vn -0.1259 -0.2517 0.9596
vn -0.1176 -0.1492 0.9818
vn -0.1177 -0.0942 0.9886
vn -0.1100 -0.0865 0.9902
vn -0.0949 -0.1739 0.9802
vn -0.2197 -0.5100 0.8317
vn -0.1263 -0.2684 0.9550
vn -0.4547 -0.7134 0.5332
vn -0.3066 -0.6367 0.7075
vn -0.4935 0.6266 0.6032
vn -0.0314 0.0706 0.9970
vn -0.4345 -0.0000 0.9007
vn -0.2367 -0.3472 0.9074
vn -0.0000 -0.6285 0.7778
vn 0.2367 -0.3471 0.9074
vn 0.0314 0.0706 0.9970
vn -0.0000 -0.2277 0.9737
vn -0.0000 0.2831 0.9591
vn -0.0079 -0.0000 1.0000
vn -0.0314 -0.0706 0.9970
vn 0.2597 0.3148 0.9129
vn 0.3537 -0.0000 0.9354
vn 0.2597 -0.3148 0.9129
vn -0.0000 0.2277 0.9737
vn 0.0314 -0.0706 0.9970
vn 0.2367 0.3471 0.9074
vn 0.0079 -0.0000 1.0000
vn 0.8308 -0.0000 0.5565
vn -0.0000 -0.2831 0.9591
vn -0.3537 -0.0000 0.9354
vn -0.2597 -0.3148 0.9129
vn -0.0000 -0.7914 0.6113
vn 0.5291 -0.6634 0.5291
vn -0.2597 0.3148 0.9129
vn -0.5291 -0.6633 0.5292
vn -0.5291 0.6633 0.5291
vn -0.8308 -0.0000 0.5565
vn -0.0000 0.7914 0.6113
vn -0.4660 -0.0000 0.8848
vn -0.5295 0.3794 0.7587
vn -0.4662 -0.0000 0.8847
vn -0.5295 -0.3794 0.7587
vn -0.4476 0.4554 0.7696
vn -0.4413 -0.4570 0.7723
vn -0.0000 0.3863 0.9224
vn -0.0000 -0.3863 0.9224
vn 0.5295 0.3794 0.7587
vn 0.5295 -0.3794 0.7587
vn 0.4476 0.4554 0.7696
vn 0.4476 -0.4554 0.7696
vn 0.4661 -0.0000 0.8848
vn 0.4658 -0.0000 0.8849
vn 0.2592 -0.2435 0.9346
vn 0.4815 -0.6867 0.5447
vn 0.4109 -0.6164 0.6717
vn 0.2910 -0.3539 0.8888
vn 0.2673 0.1966 0.9434
vn 0.3625 0.5349 0.7632
vn 0.2671 0.1572 0.9508
vn 0.3225 0.4483 0.8337
vn 0.2757 -0.1260 0.9530
vn 0.5265 0.7073 0.4716
vn 0.3143 -0.3143 0.8958
vn 0.4497 0.6548 0.6075
vn 0.3793 -0.5295 0.7588
vn 0.4476 -0.6439 0.6204
vn 0.2515 -0.1808 0.9508
vn 0.4241 -0.6204 0.6597
vn 0.3710 -0.5368 0.7578
vn 0.2763 -0.2920 0.9156
vn 0.2668 0.1648 0.9495
vn 0.3000 0.3947 0.8685
vn 0.3241 0.6324 0.7036
vn 0.2903 0.4865 0.8240
vn 0.4408 0.5983 0.6692
vn 0.1259 0.0315 0.9915
vn 0.2047 0.3307 0.9213
vn 0.1412 -0.3295 0.9335
vn 0.1258 -0.2202 0.9673
vn 0.3773 -0.7075 0.5975
vn 0.2280 -0.5741 0.7864
vn -0.4814 -0.6867 0.5447
vn -0.2592 -0.2435 0.9346
vn -0.4109 -0.6164 0.6717
vn -0.2910 -0.3539 0.8888
vn -0.3061 0.4630 0.8318
vn -0.3620 0.5351 0.7633
vn -0.2673 0.1966 0.9434
vn -0.2672 0.1572 0.9508
vn -0.2757 -0.1260 0.9530
vn -0.3225 0.4483 0.8337
vn -0.3143 -0.3143 0.8958
vn -0.5266 0.7073 0.4716
vn -0.3794 -0.5295 0.7587
vn -0.4497 0.6548 0.6075
vn -0.4476 -0.6440 0.6204
vn -0.4241 -0.6204 0.6597
vn -0.2515 -0.1808 0.9508
vn -0.3710 -0.5367 0.7578
vn -0.2763 -0.2920 0.9156
vn -0.2668 0.1648 0.9495
vn -0.3000 0.3947 0.8685
vn -0.3241 0.6324 0.7036
vn 0.4030 0.4187 0.8138
vn 0.4887 0.3389 0.8039
vn 0.5433 0.2913 0.7874
vn 0.3708 0.4497 0.8126
vn -0.4408 0.5983 0.6692
vn -0.2903 0.4865 0.8240
vn -0.1259 0.0315 0.9915
vn -0.2047 0.3307 0.9213
vn -0.1412 -0.3295 0.9335
vn -0.1258 -0.2202 0.9673
vn -0.3773 -0.7075 0.5975
vn -0.2280 -0.5741 0.7864
vn -0.3708 0.4497 0.8126
vn -0.4030 0.4187 0.8138
vn -0.4887 0.3389 0.8039
vn -0.5433 0.2913 0.7874
vn 0.5834 -0.0000 0.8122
vn -0.5834 -0.0000 0.8122
vn 0.1657 -0.0237 0.9859
vn 0.5207 -0.5997 0.6076
vn 0.2676 -0.3305 0.9051
vn 0.1569 0.2981 0.9415
vn 0.1417 0.2048 0.9685
vn 0.3295 0.6355 0.6983
vn 1.0000 -0.0001 -0.0000
vn 0.3621 -0.5668 0.7400
vn 0.3621 0.5668 0.7400
vn 0.5193 0.6846 0.5115
vn 0.2908 0.2908 0.9115
vn 0.4562 0.6370 0.6214
vn 0.3223 0.3852 0.8647
vn 0.2684 -0.0079 0.9633
vn 0.2987 -0.1887 0.9355
vn 0.3146 -0.3539 0.8808
vn -0.5208 -0.5997 0.6076
vn -0.1656 -0.0237 0.9859
vn -0.3845 -0.5336 0.7533
vn -0.2676 -0.3305 0.9051
vn -0.1569 0.2981 0.9415
vn -0.1417 0.2047 0.9685
vn -0.2200 0.4949 0.8406
vn -0.3295 0.6355 0.6983
vn -0.3778 0.5668 0.7321
vn -1.0000 -0.0001 0.0001
vn -0.3779 -0.5668 0.7321
vn -1.0000 -0.0001 -0.0000
vn -0.0000 0.5691 0.8222
vn 0.5505 0.5662 0.6135
vn -0.0000 0.5691 0.8223
vn -0.5505 0.5662 0.6135
vn 0.4261 0.5603 0.7103
vn -0.4261 0.5603 0.7103
vn 0.2982 -0.4394 0.8474
vn 0.2518 -0.1731 0.9522
vn 0.3461 -0.5348 0.7708
vn 0.2445 -0.1183 0.9624
vn 0.5357 -0.7247 0.4333
vn 0.2525 0.1578 0.9547
vn 0.4429 -0.6723 0.5932
vn 0.2918 0.3470 0.8913
vn 0.3626 0.5439 0.7568
vn 0.4412 0.6539 0.6146
vn 0.4413 0.6305 0.6385
vn 0.2757 0.2127 0.9374
vn 0.3924 0.5493 0.7377
vn 0.2994 0.2993 0.9060
vn 0.2442 0.0394 0.9689
vn 0.2444 -0.0157 0.9696
vn 0.2515 -0.0472 0.9667
vn 0.4345 -0.0000 0.9007
vn -0.2908 0.2908 0.9115
vn -0.5193 0.6846 0.5115
vn -0.4562 0.6370 0.6214
vn -0.3223 0.3852 0.8647
vn -0.2685 -0.0079 0.9633
vn -0.2987 -0.1887 0.9355
vn -0.3146 -0.3539 0.8808
vn -0.3461 -0.5348 0.7708
vn -0.2518 -0.1731 0.9522
vn -0.2982 -0.4394 0.8474
vn -0.2445 -0.1183 0.9624
vn -0.5357 -0.7248 0.4333
vn -0.2525 0.1578 0.9547
vn -0.4429 -0.6723 0.5932
vn -0.2918 0.3470 0.8913
vn -0.3626 0.5439 0.7568
vn -0.4412 0.6539 0.6146
vn -0.2757 0.2127 0.9374
vn -0.4414 0.6305 0.6385
vn -0.3924 0.5493 0.7377
vn -0.2994 0.2994 0.9060
vn -0.2442 0.0394 0.9689
vn -0.2443 -0.0157 0.9696
vn -0.2515 -0.0472 0.9667
vn 0.1419 0.3154 0.9383
vn 0.1807 0.4399 0.8797
vn 0.1730 0.4247 0.8887
vn 0.1336 0.2514 0.9586
vn 0.1340 0.1655 0.9771
vn 0.1343 0.0790 0.9878
vn 0.1337 0.0157 0.9909
vn 0.1259 0.0158 0.9919
vn 0.0789 0.1421 0.9867
vn 0.2123 0.5347 0.8179
vn 0.1022 0.2357 0.9664
vn 0.4887 0.7331 0.4730
vn -0.0392 -0.3535 0.9346
vn 0.2924 -0.6480 0.7033
vn -0.0864 -0.2985 0.9505
vn -0.0000 -0.4970 0.8677
vn 0.5684 -0.4974 0.6553
vn 0.4579 -0.4895 0.7421
vn -0.5684 -0.4974 0.6553
vn -0.4579 -0.4895 0.7421
vn -0.1419 0.3154 0.9383
vn -0.1730 0.4247 0.8887
vn -0.1807 0.4399 0.8797
vn -0.1336 0.2514 0.9586
vn -0.1339 0.1655 0.9771
vn -0.1343 0.0790 0.9878
vn -0.1337 0.0157 0.9909
vn -0.1259 0.0158 0.9919
vn -0.0789 0.1421 0.9867
vn -0.2123 0.5347 0.8179
vn -0.1022 0.2357 0.9664
vn -0.4887 0.7331 0.4730
vn 0.0392 -0.3534 0.9346
vn -0.6845 -0.6137 0.3934
vn -0.2924 -0.6480 0.7033
vn 0.0864 -0.2985 0.9505
vn -0.1338 -0.7239 0.6768
vn 0.5874 -0.5482 0.5953
vn 0.2593 -0.7938 0.5502
vn 0.8721 -0.2436 0.4243
vn -0.0000 -0.8764 0.4816
vn -0.0000 -0.5272 0.8498
vn 0.0001 0.7071 0.7071
vn -0.0000 -0.8678 0.4970
vn -0.0000 0.6012 0.7991
vn 0.5371 0.6004 0.5925
vn -0.0000 0.6013 0.7991
vn -0.5371 0.6004 0.5925
vn -0.4101 0.5916 0.6942
vn 0.2443 -0.9297 0.2758
vn -0.0000 -0.8122 0.5834
vn 0.5580 -0.6601 0.5029
vn -0.0315 -0.9995 0.0079
vn -0.5834 -0.8121 0.0158
vn -0.1892 -0.4889 -0.8516
vn 0.2363 -0.9294 -0.2835
vn 0.0631 -0.4337 -0.8989
vn 0.1900 -0.4829 -0.8548
vn 0.3706 -0.7096 -0.5992
vn 0.4547 -0.7135 -0.5331
vn 0.6866 -0.6788 -0.2605
vn -0.3228 -0.6614 -0.6771
vn -0.3706 -0.7096 -0.5992
vn -0.1900 -0.4829 -0.8548
vn -0.4547 -0.7135 -0.5331
vn -0.6160 -0.7108 -0.3396
vn -0.6866 -0.6788 -0.2605
vn 0.3228 -0.6614 0.6771
vn 0.3706 -0.7096 0.5992
vn 0.1900 -0.4828 0.8548
vn 0.4547 -0.7135 0.5331
vn 0.3066 -0.6368 0.7075
vn 0.6866 -0.6787 0.2605
vn 0.3794 -0.5296 -0.7587
vn 0.4477 -0.6440 -0.6204
vn 0.4241 -0.6205 -0.6597
vn -0.3228 -0.6614 0.6771
vn -0.1900 -0.4829 0.8548
vn -0.3706 -0.7096 0.5992
vn -0.6160 -0.7108 0.3396
vn -0.4547 -0.7135 0.5331
vn -0.3066 -0.6368 0.7075
vn -0.6866 -0.6788 0.2605
vn 0.6934 -0.7013 -0.1655
vn 0.6559 -0.7192 -0.2292
vn 0.4815 -0.6867 -0.5446
vn -0.0000 -0.9021 0.4314
vn -0.4715 -0.7074 0.5266
vn -0.0000 -0.7915 0.6112
vn -0.6150 -0.7885 -0.0000
vn -0.5291 -0.6634 0.5291
vn -0.0000 -0.7915 -0.6112
vn -0.5291 -0.6634 -0.5291
vn -0.3710 -0.5368 -0.7578
vn -0.3794 -0.5296 -0.7587
vn -0.4477 -0.6440 -0.6204
vn -0.4241 -0.6205 -0.6597
vn 0.4110 -0.6164 0.6717
vn 0.6934 -0.7013 0.1655
vn 0.6559 -0.7192 0.2292
vn 0.4815 -0.6867 0.5446
vn 0.2281 -0.5741 -0.7864
vn 0.7284 -0.6736 -0.1254
vn 0.3774 -0.7076 -0.5975
vn 0.7109 -0.6871 -0.1501
vn 0.3710 -0.5368 0.7577
vn 0.3794 -0.5296 0.7587
vn 0.4477 -0.6440 0.6204
vn 0.4241 -0.6205 0.6597
vn -0.6934 -0.7013 -0.1655
vn -0.6559 -0.7192 -0.2292
vn -0.4815 -0.6867 -0.5446
vn 0.2281 -0.5741 0.7864
vn 0.3774 -0.7075 0.5975
vn -0.6870 -0.7266 0.0079
vn -0.4817 -0.4659 -0.7422
vn -0.6934 -0.7013 0.1655
vn -0.6559 -0.7192 0.2292
vn -0.4815 -0.6867 0.5446
vn -0.3794 -0.5296 0.7587
vn -0.3710 -0.5368 0.7578
vn -0.4477 -0.6440 0.6204
vn -0.4241 -0.6205 0.6597
vn -0.7284 -0.6736 -0.1254
vn -0.3774 -0.7075 -0.5975
vn -0.7108 -0.6872 -0.1501
vn -0.2281 -0.5741 0.7864
vn -0.7284 -0.6736 0.1254
vn -0.3774 -0.7076 0.5975
vn -0.7109 -0.6871 0.1501
vn -0.0000 -0.7111 -0.7031
vn 0.3537 -0.6995 -0.6209
vn 0.4974 -0.7107 -0.4974
vn -0.0000 -0.7110 -0.7031
vn 0.7031 -0.7111 -0.0000
vn -0.4974 -0.7107 -0.4974
vn -0.3537 -0.6995 -0.6209
vn 0.3537 -0.6995 0.6209
vn -0.7031 -0.7111 -0.0000
vn 0.4975 -0.7107 0.4975
vn -0.0000 -0.7111 0.7031
vn -0.3537 -0.6995 0.6209
vn -0.0000 -0.7110 0.7031
vn -0.4975 -0.7107 0.4975
vn -0.0000 -0.8554 -0.5179
vn 0.7486 -0.5832 -0.3153
vn 0.7487 -0.5832 0.3153
vn 0.5208 -0.5997 0.6076
vn -0.0000 -0.0001 -1.0000
vn 0.8498 -0.0000 -0.5272
vn 0.7260 -0.5840 -0.3630
vn -0.7260 -0.5840 -0.3630
vn -0.8498 -0.0000 -0.5271
vn 0.5271 -0.0000 0.8498
vn 0.3641 -0.5662 -0.7395
vn 0.5272 -0.0000 -0.8497
vn -0.7487 -0.5832 -0.3152
vn 0.7692 -0.6359 -0.0628
vn 0.7766 -0.6276 -0.0549
vn 0.8182 -0.5744 0.0236
vn 0.6864 -0.7022 -0.1894
vn 0.7617 -0.6440 -0.0707
vn -0.3067 -0.7708 0.5584
vn -0.0000 -0.7847 0.6199
vn -0.4511 -0.7835 0.4274
vn 0.4511 -0.7835 0.4274
vn -0.6199 -0.7847 -0.0000
vn 0.3068 -0.7708 0.5584
vn 0.6200 -0.7846 -0.0000
vn -0.3068 -0.7708 -0.5584
vn 0.6199 -0.7847 -0.0000
vn -0.4511 -0.7835 -0.4274
vn 0.3068 -0.7708 -0.5584
vn -0.0000 -0.7847 -0.6199
vn 0.4511 -0.7835 -0.4274
vn 0.7692 -0.6359 0.0628
vn 0.8083 -0.5886 0.0157
vn 0.7766 -0.6276 0.0549
vn 0.8182 -0.5744 -0.0236
vn -0.7487 -0.5832 0.3153
vn -0.5455 -0.0000 -0.8381
vn -0.3780 -0.5668 0.7321
vn -0.5456 -0.0000 0.8381
vn -0.6864 -0.7022 -0.1894
vn -0.5357 -0.7248 -0.4333
vn -0.7618 -0.6440 -0.0707
vn -0.8381 0.0001 0.5455
vn -0.7251 -0.5754 0.3783
vn 0.7250 -0.5752 0.3788
vn 0.8381 0.0001 0.5456
vn -0.0000 -0.0001 1.0000
vn -0.7692 -0.6359 -0.0628
vn -0.8083 -0.5886 -0.0158
vn -0.7766 -0.6276 -0.0549
vn -0.8182 -0.5744 0.0236
vn 0.5357 -0.7248 0.4333
vn 0.6864 -0.7022 0.1894
vn 0.4430 -0.6723 0.5932
vn 0.7617 -0.6440 0.0707
vn 0.4715 -0.7074 0.5266
vn -0.0000 -0.9021 -0.4315
vn -0.5510 -0.8345 -0.0000
vn -0.4715 -0.7074 -0.5266
vn -0.8083 -0.5886 0.0157
vn -0.7693 -0.6358 0.0628
vn -0.7766 -0.6276 0.0549
vn -0.8182 -0.5744 -0.0236
vn -0.0393 -0.3534 -0.9346
vn -0.6864 -0.7022 0.1894
vn -0.7617 -0.6440 0.0707
vn 0.0393 -0.3534 -0.9346
vn -0.6845 -0.6137 -0.3934
vn -0.4884 -0.6697 -0.5594
vn -0.0393 -0.3534 0.9346
vn 0.4885 -0.6697 0.5594
vn 0.0393 -0.3534 0.9346
vn -0.4884 -0.6697 0.5594
vn -0.4566 -0.4566 0.7636
vn -0.1338 -0.7240 0.6767
vn 0.7247 -0.6854 0.0709
vn 0.2593 -0.7938 0.5501
vn 0.5874 -0.5483 0.5952
vn 0.2128 -0.9770 -0.0157
vn 0.7556 -0.6533 0.0472
vn 0.7512 -0.6563 -0.0711
vn 0.6520 -0.7464 0.1336
vn 0.5510 -0.8345 -0.0079
vn 0.0315 -0.9994 0.0157
vn 0.2366 -0.7885 -0.5677
vn 0.6453 -0.7476 -0.1574
vn 0.7266 -0.6793 -0.1027
vn -0.2758 -0.9612 -0.0000
vn -0.9354 -0.3537 -0.0000
vn -0.5055 -0.3475 -0.7898
vn -0.5925 -0.3476 -0.7267
vn -0.9354 -0.3536 -0.0000
vn -0.5925 -0.3476 0.7268
vn -0.8413 0.4088 0.3538
vn -0.0631 0.4337 0.8988
vn -0.7248 0.6854 -0.0709
vn -0.6725 -0.0791 0.7358
vn -0.9437 0.3303 0.0157
vn -0.9562 -0.2924 0.0158
vn -0.5834 -0.8120 0.0158
vn -0.7010 -0.0788 -0.7088
vn -0.8525 0.4105 -0.3236
vn -0.0707 0.4399 -0.8953
vn -0.5580 0.6601 -0.5029
vn -0.6453 0.7476 0.1573
vn -0.5511 0.8344 0.0079
vn -0.6521 0.7463 -0.1335
vn -0.8593 0.2444 0.4493
vn -0.7874 -0.2913 -0.5433
vn -0.8034 -0.3623 -0.4726
vn -0.8102 -0.3776 -0.4484
vn -0.8126 -0.4496 -0.3708
vn -0.5891 0.3456 -0.7304
vn -0.9379 0.3468 -0.0000
vn -0.5891 0.3456 0.7304
vn -0.5127 0.3392 0.7887
vn -0.6867 -0.6787 -0.2604
vn -0.9315 -0.3631 -0.0237
vn -0.9402 -0.3397 -0.0237
vn -0.9886 0.1490 0.0235
vn -0.9859 0.1656 0.0237
vn -0.8034 -0.3623 0.4726
vn -0.8126 -0.4497 0.3708
vn -0.8102 -0.3776 0.4484
vn -0.7874 -0.2913 0.5433
vn -0.8225 -0.5688 -0.0000
vn -0.5505 -0.5663 0.6134
vn -0.4262 -0.5603 0.7103
vn -0.5505 -0.5662 -0.6134
vn -0.8222 -0.5692 -0.0000
vn -0.9315 -0.3631 0.0237
vn -0.6867 -0.6787 0.2604
vn -0.9402 -0.3397 0.0237
vn -0.9885 0.1491 -0.0235
vn -0.9859 0.1656 -0.0237
vn -0.7234 0.5504 0.4167
vn -0.5369 0.6160 0.5765
vn -0.8849 -0.0000 -0.4658
vn -0.7654 0.4182 -0.4892
vn -0.7637 0.3937 -0.5117
vn -0.9224 0.3863 -0.0000
vn -0.7637 -0.3936 -0.5117
vn -0.7637 0.3936 0.5117
vn -0.7654 -0.4182 -0.4892
vn -0.7654 0.4182 0.4892
vn -0.9224 -0.3863 -0.0000
vn -0.8849 -0.0000 0.4659
vn -0.8847 -0.0000 0.4661
vn -0.7637 -0.3936 0.5117
vn -0.7654 -0.4182 0.4892
vn -0.4346 -0.0000 -0.9006
vn -0.8554 -0.0000 -0.5179
vn -0.4716 0.7073 -0.5266
vn -0.4715 0.7073 0.5266
vn -0.8554 -0.0000 0.5179
vn -0.4716 -0.7074 0.5266
vn -0.4346 -0.0000 0.9006
vn -0.6151 -0.7885 -0.0000
vn -0.8309 -0.0000 0.5565
vn -0.8309 -0.0000 -0.5565
vn -0.5291 0.6634 -0.5292
vn -0.9006 0.4108 0.1422
vn -0.7471 0.6527 -0.1258
vn -0.6627 0.7022 -0.2603
vn -0.9218 0.3467 0.1733
vn -0.9682 -0.1023 0.2283
vn -0.9685 -0.0787 0.2362
vn -0.9205 -0.3540 0.1652
vn -0.8642 -0.4871 0.1257
vn -0.9468 -0.1894 0.2604
vn -0.8408 -0.5343 0.0864
vn -0.9540 -0.1340 0.2681
vn -0.6934 -0.7013 -0.1654
vn -0.9378 0.2679 0.2207
vn -0.6560 -0.7192 -0.2292
vn -0.9378 0.2680 0.2207
vn -0.8019 0.5974 -0.0078
vn -0.7661 0.6397 -0.0631
vn -0.9341 0.2983 0.1962
vn -0.8121 0.5834 -0.0079
vn -0.7580 0.6474 -0.0789
vn -0.9438 0.2596 0.2045
vn -0.9610 0.0236 0.2757
vn -0.9611 0.0158 0.2757
vn -0.9622 -0.0473 0.2681
vn -0.6871 -0.7265 0.0079
vn -0.7329 -0.1576 -0.6619
vn -0.9250 -0.3795 0.0158
vn -0.7139 -0.1569 0.6825
vn -0.8722 0.2436 -0.4243
vn -0.5875 0.5483 -0.5952
vn -0.7248 0.6853 -0.0709
vn -0.9946 0.1027 0.0157
vn -0.7557 0.6533 -0.0472
vn -0.7512 0.6563 0.0712
vn -0.8642 -0.4871 -0.1257
vn -0.9468 -0.1893 -0.2604
vn -0.9540 -0.1340 -0.2681
vn -0.8408 -0.5343 -0.0864
vn -0.9378 0.2679 -0.2207
vn -0.6934 -0.7013 0.1654
vn -0.6560 -0.7192 0.2291
vn -0.8019 0.5974 0.0078
vn -0.7661 0.6397 0.0631
vn -0.8121 0.5834 0.0078
vn -0.9341 0.2983 -0.1962
vn -0.7580 0.6474 0.0789
vn -0.9438 0.2596 -0.2045
vn -0.9610 0.0236 -0.2757
vn -0.9611 0.0158 -0.2757
vn -0.9622 -0.0473 -0.2682
vn -0.7471 0.6527 0.1258
vn -0.9006 0.4108 -0.1422
vn -0.6627 0.7022 0.2603
vn -0.9218 0.3467 -0.1734
vn -0.9682 -0.1023 -0.2283
vn -0.9685 -0.0787 -0.2362
vn -0.9205 -0.3540 -0.1652
vn -0.8034 0.3623 -0.4726
vn -0.8126 0.4496 -0.3708
vn -0.8126 0.4497 -0.3708
vn -0.8102 0.3776 -0.4484
vn -0.7874 0.2913 -0.5433
vn -0.9633 0.2685 -0.0000
vn -0.9397 0.3396 -0.0395
vn -0.9658 0.2591 -0.0000
vn -0.9936 0.1025 0.0473
vn -0.9964 -0.0471 0.0706
vn -0.9955 -0.0632 0.0711
vn -0.9954 -0.0395 0.0869
vn -0.9955 -0.0079 0.0948
vn -0.9460 0.3232 -0.0236
vn -0.9409 0.3372 -0.0314
vn -0.7103 0.6077 -0.3551
vn -0.6315 0.6315 -0.4499
vn -0.7284 -0.6736 -0.1253
vn -0.8516 -0.1893 0.4889
vn -0.9397 0.3396 0.0395
vn -0.9936 0.1025 -0.0473
vn -0.9964 -0.0471 -0.0706
vn -0.9955 -0.0632 -0.0711
vn -0.9954 -0.0395 -0.0869
vn -0.9955 -0.0079 -0.0948
vn -0.9460 0.3232 0.0237
vn -0.9409 0.3372 0.0314
vn -0.7103 0.6077 0.3551
vn -0.6315 0.6315 0.4499
vn -0.7108 -0.6872 0.1501
vn -0.8516 -0.1892 -0.4889
vn -0.7874 0.2913 0.5433
vn -0.8102 0.3776 0.4484
vn -0.8034 0.3623 0.4726
vn -0.8126 0.4497 0.3708
vn -0.5835 -0.0000 -0.8121
vn -0.5835 -0.0000 0.8121
vn -0.5834 -0.0000 0.8121
vn -0.7261 -0.5840 -0.3630
vn -0.7261 0.5840 -0.3630
vn -0.8573 -0.4876 -0.1652
vn -0.7312 -0.6133 -0.2987
vn -0.8519 -0.4969 -0.1656
vn -0.9768 -0.2127 0.0236
vn -0.9964 -0.0314 0.0785
vn -0.9968 -0.0157 0.0784
vn -0.9960 -0.0235 0.0863
vn -0.9951 -0.0474 0.0869
vn -0.9456 -0.3231 -0.0394
vn -0.9428 -0.3300 -0.0471
vn -0.7096 -0.5992 -0.3706
vn -0.5451 0.6911 -0.4747
vn -0.8825 0.4649 0.0708
vn -0.8573 -0.4876 0.1652
vn -0.8519 -0.4969 0.1656
vn -0.7312 -0.6133 0.2988
vn -0.9768 -0.2127 -0.0236
vn -0.9964 -0.0314 -0.0785
vn -0.9968 -0.0157 -0.0784
vn -0.9960 -0.0235 -0.0863
vn -0.9951 -0.0474 -0.0869
vn -0.9456 -0.3230 0.0394
vn -0.9428 -0.3300 0.0471
vn -0.7487 -0.5832 0.3152
vn -0.7096 -0.5992 0.3706
vn -0.5437 0.6935 0.4728
vn -0.8825 0.4649 -0.0708
vn -0.7618 -0.6440 -0.0706
vn -0.9102 -0.3688 0.1883
vn -0.6864 -0.7021 -0.1893
vn -0.9256 -0.3138 0.2118
vn -0.7252 0.5753 0.3783
vn -0.7252 -0.5753 0.3783
vn -0.0001 0.0001 1.0000
vn -0.5505 0.5662 0.6134
vn -0.8222 0.5692 -0.0000
vn -0.4262 0.5603 0.7102
vn -0.8223 0.5691 -0.0000
vn -0.5505 0.5662 -0.6134
vn -0.4261 0.5603 -0.7102
vn -0.9553 0.1658 0.2447
vn -0.8666 0.4884 0.1024
vn -0.9479 0.2212 0.2291
vn -0.8454 0.5294 0.0711
vn -0.9502 -0.2356 0.2042
vn -0.7139 0.6825 -0.1569
vn -0.9476 -0.2448 0.2053
vn -0.6854 0.7011 -0.1969
vn -0.8083 -0.5885 -0.0157
vn -0.7767 -0.6275 -0.0549
vn -0.8183 -0.5743 0.0236
vn -0.9358 -0.2752 0.2202
vn -0.7693 -0.6358 -0.0627
vn -0.9401 -0.2449 0.2370
vn -0.9286 0.3147 0.1967
vn -0.9294 0.3071 0.2048
vn -0.7689 0.6355 0.0706
vn -0.4716 -0.7073 -0.5266
vn -0.9479 0.2212 -0.2291
vn -0.8666 0.4884 -0.1024
vn -0.9553 0.1658 -0.2447
vn -0.8454 0.5294 -0.0711
vn -0.9502 -0.2356 -0.2042
vn -0.7139 0.6825 0.1568
vn -0.9476 -0.2448 -0.2053
vn -0.6854 0.7011 0.1969
vn -0.8083 -0.5885 0.0157
vn -0.8183 -0.5743 -0.0237
vn -0.9358 -0.2752 -0.2202
vn -0.9401 -0.2449 -0.2370
vn -0.9286 0.3148 -0.1967
vn -0.9294 0.3072 -0.2048
vn -0.7689 0.6355 -0.0706
vn -0.6864 -0.7022 0.1893
vn -0.9102 -0.3688 -0.1883
vn -0.7618 -0.6440 0.0707
vn -0.9256 -0.3138 -0.2118
vn -0.8690 0.4740 -0.1421
vn -0.9431 0.3301 0.0393
vn -0.7393 0.6528 -0.1651
vn -0.6845 0.6924 -0.2281
vn -0.9487 0.3136 0.0392
vn -0.9827 -0.1808 0.0393
vn -0.9750 -0.2202 0.0315
vn -0.6846 -0.6137 -0.3934
vn -0.8677 -0.4970 -0.0000
vn -0.5685 -0.4974 0.6553
vn -0.4579 -0.4894 0.7421
vn -0.5685 -0.4974 -0.6553
vn -0.7393 0.6528 0.1651
vn -0.9431 0.3301 -0.0393
vn -0.6845 0.6923 0.2281
vn -0.9487 0.3136 -0.0392
vn -0.9827 -0.1808 -0.0393
vn -0.9750 -0.2201 -0.0314
vn -0.4885 -0.6697 0.5594
vn -0.5372 0.6004 0.5924
vn -0.7991 0.6012 -0.0000
vn -0.4102 0.5916 0.6941
vn -0.5372 0.6003 -0.5925
vn -0.4102 0.5916 -0.6941
vt 0.328044 0.671956
vt 0.344629 0.655354
vt 0.344629 0.696834
vt 0.303165 0.655371
vt 0.361215 0.671956
vt 0.386092 0.655371
vt 0.328044 0.638786
vt 0.344629 0.613908
vt 0.361214 0.638786
vt 0.344629 0.655382
vt 0.328043 0.671956
vt 0.344628 0.655354
vt 0.344628 0.696834
vt 0.361214 0.671956
vt 0.328043 0.638786
vt 0.344628 0.613908
vt 0.344628 0.655382
vt 0.386093 0.655371
vt 0.303166 0.655371
vt 0.000001 1.301760
vt -0.103021 1.353150
vt -0.133927 1.301760
vt 0.000001 1.353150
vt 0.103021 1.353150
vt 0.133927 1.301760
vt -0.081754 1.686150
vt 0.084982 1.424300
vt 0.084982 1.686150
vt -0.081754 1.424300
vt -0.133927 1.274210
vt 0.000001 1.274210
vt 0.133927 1.274210
vt 0.000001 1.016790
vt -0.205609 1.016790
vt -0.205609 0.731455
vt 0.000001 0.731455
vt 0.205609 1.016790
vt 0.205609 0.731455
vt 0.000001 1.127990
vt 0.207247 1.127990
vt 0.207247 1.172250
vt 0.000001 1.172250
vt -0.207247 1.127990
vt -0.207247 1.172250
vt 0.000001 0.595455
vt -0.205609 0.595455
vt -0.205609 0.313848
vt 0.000001 0.313848
vt 0.205609 0.313848
vt 0.205609 0.595455
vt -0.081754 1.257110
vt -0.081754 0.738924
vt 0.084982 1.257110
vt 0.084982 0.738924
vt -0.236284 0.915018
vt 0.121399 0.915018
vt 0.121399 1.081750
vt -0.236284 1.081750
vt 0.143719 1.301760
vt 0.277645 1.301760
vt 0.246740 1.353150
vt 0.143719 1.353150
vt 0.040697 1.353150
vt 0.009791 1.301760
vt 0.236284 1.686150
vt 0.051935 1.424300
vt 0.255956 1.424300
vt -0.054732 1.470440
vt -0.121399 1.681650
vt -0.436811 1.294980
vt -0.356811 1.257110
vt -0.423477 0.733165
vt -0.391477 0.738924
vt 0.009791 1.274210
vt 0.143719 1.274210
vt 0.277645 1.274210
vt -0.061891 0.731455
vt 0.143719 0.731455
vt 0.143719 1.016790
vt 0.349328 1.016790
vt -0.061891 1.016790
vt 0.349328 0.731455
vt 0.143719 1.127990
vt 0.350967 1.127990
vt 0.350967 1.172250
vt 0.143719 1.172250
vt -0.063529 1.127990
vt -0.063529 1.172250
vt -0.061891 0.313848
vt 0.143719 0.595455
vt -0.061891 0.595455
vt 0.143719 0.313848
vt 0.349328 0.595455
vt 0.349328 0.313848
vt -0.084982 1.294980
vt 0.081754 1.681650
vt -0.084982 1.681650
vt 0.081754 1.294980
vt -0.084982 0.733165
vt 0.081754 0.733165
vt -0.000001 1.301760
vt -0.000001 1.353150
vt -0.000001 1.274210
vt -0.000001 0.731455
vt -0.000001 1.016790
vt -0.000001 1.172250
vt -0.000001 1.127990
vt -0.000001 0.313848
vt -0.000001 0.595455
vt -0.391477 0.915018
vt -0.391477 1.081750
vt -0.423477 0.915018
vt -0.423477 1.081750
vt 0.051935 0.915018
vt 0.255956 0.915018
vt 0.255956 1.081750
vt 0.051935 1.081750
vt -0.054732 0.915018
vt -0.054732 1.081750
vt -0.356811 1.081750
vt -0.356811 0.915018
vt -0.143719 1.301760
vt -0.246740 1.353150
vt -0.277645 1.301760
vt -0.143719 1.353150
vt -0.040697 1.353150
vt -0.009791 1.301760
vt -0.236284 1.686150
vt 0.054732 1.470440
vt 0.121399 1.681650
vt 0.436811 1.294980
vt -0.051935 1.424300
vt -0.255956 1.424300
vt 0.356811 1.257110
vt 0.423477 0.733165
vt 0.391477 0.738924
vt -0.143719 1.274210
vt -0.009791 1.274210
vt -0.277645 1.274210
vt 0.061891 1.016790
vt -0.143719 0.731455
vt 0.061891 0.731455
vt -0.349328 1.016790
vt -0.349328 0.731455
vt -0.143719 1.016790
vt -0.350967 1.127990
vt -0.143719 1.172250
vt -0.350967 1.172250
vt -0.143719 1.127990
vt 0.063529 1.172250
vt 0.063529 1.127990
vt 0.061891 0.595455
vt -0.143719 0.313848
vt 0.061891 0.313848
vt -0.143719 0.595455
vt -0.349328 0.313848
vt -0.349328 0.595455
vt -0.000109 0.894443
vt 0.084337 1.000000
vt -0.000108 1.000000
vt -0.084555 1.000000
vt -0.000109 1.105560
vt 0.000109 0.894443
vt 0.084554 1.000000
vt 0.000109 1.000000
vt -0.084337 1.000000
vt 0.000109 1.105560
vt 0.000109 1.105560
vt -0.084337 1.000000
vt 0.000109 1.000000
vt 0.084555 1.000000
vt 0.000109 0.894443
vt -0.000109 1.105560
vt -0.084554 1.000000
vt -0.000109 1.000000
vt 0.084337 1.000000
vt -0.000109 0.894443
vt -0.229100 0.258795
vt -0.016999 0.258795
vt -0.016999 0.311629
vt 0.195101 0.258795
vt -0.243169 0.311629
vt 0.209171 0.311629
vt 0.077916 1.721510
vt -0.108687 1.721510
vt 0.077916 1.702640
vt -0.108687 1.702640
vt 0.077916 1.674250
vt -0.108687 1.674250
vt 0.214003 1.516430
vt 0.107776 1.627370
vt 0.101461 1.618190
vt 0.117237 1.633170
vt 0.318369 1.405490
vt 0.324616 1.414670
vt 0.308841 1.399690
vt 0.206067 1.508940
vt 0.221841 1.523920
vt 0.218840 1.526600
vt 0.301763 1.429620
vt 0.309419 1.432000
vt 0.213672 1.521630
vt -0.050809 0.645939
vt -0.092037 0.594406
vt -0.014256 0.577401
vt -0.014256 0.448566
vt -0.105641 0.691633
vt -0.208709 0.691633
vt -0.106417 1.505850
vt 0.075256 1.539740
vt -0.106417 1.539740
vt 0.075256 1.505850
vt -0.106417 1.471960
vt 0.075256 1.471960
vt 0.077129 0.691633
vt 0.022299 0.645939
vt 0.063527 0.594406
vt 0.180199 0.691633
vt -0.253597 0.372251
vt -0.239633 0.408339
vt -0.269095 0.382221
vt -0.262693 0.413050
vt -0.262651 0.448113
vt -0.237032 0.452347
vt -0.271971 0.518095
vt -0.239961 0.526669
vt -0.268964 0.579183
vt -0.236173 0.566166
vt -0.250265 0.602095
vt -0.227137 0.578215
vt -0.239513 0.518391
vt -0.214356 0.513613
vt -0.228035 0.532843
vt 0.089491 1.467390
vt -0.016999 1.425070
vt 0.100525 1.425070
vt -0.016999 1.467390
vt -0.123489 1.467390
vt -0.134524 1.425070
vt 0.208863 0.408339
vt 0.222827 0.372251
vt 0.238324 0.382221
vt 0.231923 0.413050
vt 0.231880 0.448113
vt 0.206261 0.452347
vt 0.241200 0.518095
vt 0.209191 0.526669
vt 0.238193 0.579183
vt 0.205403 0.566166
vt 0.219495 0.602095
vt 0.196367 0.578215
vt 0.183585 0.513613
vt 0.208743 0.518391
vt 0.197264 0.532843
vt -0.091024 0.691633
vt -0.050809 0.737325
vt -0.044963 0.730017
vt -0.044963 0.653249
vt -0.014256 0.787594
vt -0.014256 0.595671
vt -0.014256 0.805865
vt 0.022299 0.737325
vt 0.016452 0.730017
vt 0.016452 0.653249
vt 0.062513 0.691633
vt -0.016999 0.652267
vt -0.232615 0.652267
vt -0.222608 0.631807
vt -0.016999 0.631807
vt 0.188609 0.631807
vt 0.198616 0.652267
vt -0.270451 0.862490
vt -0.284032 0.812273
vt -0.258425 0.824603
vt -0.298055 0.861925
vt -0.266764 0.791159
vt -0.270857 0.884859
vt -0.247779 0.811434
vt -0.297596 0.893679
vt -0.258319 0.915465
vt -0.281269 0.932887
vt -0.225220 0.935253
vt -0.238369 0.976791
vt -0.249613 0.948995
vt -0.211575 0.970975
vt -0.236797 1.015950
vt -0.210245 1.022930
vt -0.230451 1.051460
vt -0.225243 0.774783
vt -0.236041 0.811834
vt -0.248047 0.791050
vt -0.209403 0.805455
vt -0.233253 0.848091
vt -0.206849 0.854878
vt 0.113411 1.654600
vt 0.097723 1.675790
vt 0.106503 1.654600
vt 0.092656 1.670730
vt 0.102608 1.680680
vt 0.076527 1.691480
vt 0.050445 1.680680
vt 0.055331 1.675790
vt 0.076527 1.684570
vt 0.076527 1.677410
vt 0.064248 1.666870
vt 0.053716 1.654600
vt 0.059163 1.654600
vt 0.064248 1.642320
vt 0.093891 1.654600
vt 0.088804 1.666870
vt 0.076527 1.671960
vt 0.060397 1.670730
vt 0.253261 0.812273
vt 0.239680 0.862490
vt 0.227655 0.824603
vt 0.267285 0.861925
vt 0.235993 0.791159
vt 0.240087 0.884859
vt 0.217008 0.811434
vt 0.266825 0.893679
vt 0.227548 0.915465
vt 0.250499 0.932887
vt 0.207599 0.976791
vt 0.194449 0.935253
vt 0.218843 0.948995
vt 0.180805 0.970975
vt 0.206027 1.015950
vt 0.179475 1.022930
vt 0.199680 1.051460
vt -0.204801 0.575454
vt -0.202332 0.619461
vt -0.222864 0.598473
vt -0.179432 0.584207
vt -0.176852 0.539793
vt -0.203687 0.542797
vt -0.195763 0.500546
vt -0.092037 0.788859
vt -0.014256 0.934699
vt 0.205271 0.811834
vt 0.194472 0.774783
vt 0.217276 0.791050
vt 0.178632 0.805455
vt 0.202483 0.848091
vt 0.176079 0.854878
vt 0.063527 0.788859
vt 0.197407 1.506260
vt 0.287985 1.411660
vt 0.290815 1.419230
vt 0.116175 1.603240
vt 0.202724 1.511230
vt 0.122363 1.607700
vt 0.208219 1.516430
vt 0.295605 1.425160
vt 0.127123 1.613630
vt 0.129847 1.621200
vt 0.171561 0.619461
vt 0.174031 0.575454
vt 0.192093 0.598473
vt 0.148661 0.584207
vt 0.146081 0.539793
vt 0.172916 0.542797
vt 0.164992 0.500546
vt -0.016999 1.290270
vt -0.247275 1.290270
vt -0.247275 1.234430
vt -0.016999 1.234430
vt 0.213276 1.290270
vt 0.213276 1.234430
vt -0.016999 1.084310
vt 0.210973 1.084310
vt 0.210973 1.136310
vt -0.016999 1.136310
vt -0.244972 1.084310
vt -0.244972 1.136310
vt -0.016999 0.747346
vt -0.232615 0.747346
vt 0.198616 0.747346
vt 0.077916 0.747161
vt -0.108687 0.769837
vt -0.108687 0.747161
vt 0.077916 0.769837
vt 0.160429 0.601346
vt 0.171572 0.568643
vt 0.181236 0.579135
vt 0.145245 0.578066
vt 0.144077 0.545413
vt 0.171593 0.549139
vt 0.177831 0.530785
vt 0.158840 0.515858
vt -0.020557 0.691633
vt 0.290028 0.448566
vt 0.290028 0.594406
vt 0.290028 0.788859
vt 0.290028 0.934699
vt -0.202343 0.568643
vt -0.191200 0.601346
vt -0.212007 0.579135
vt -0.176016 0.578066
vt -0.174848 0.545413
vt -0.202364 0.549139
vt -0.208601 0.530785
vt -0.189611 0.515858
vt 0.197491 0.819169
vt 0.182475 0.791050
vt 0.205188 0.808597
vt 0.170468 0.811834
vt 0.194895 0.840814
vt 0.167816 0.848091
vt 0.206841 0.881275
vt 0.243821 0.800725
vt 0.259688 0.862058
vt 0.232452 0.861925
vt 0.232016 0.893679
vt 0.218425 0.812273
vt 0.258208 0.902335
vt 0.219887 0.771661
vt 0.215680 0.932887
vt 0.201161 0.791159
vt 0.238356 0.949449
vt 0.199985 0.983141
vt 0.184027 0.948995
vt 0.208487 0.963862
vt 0.172776 0.976791
vt 0.198247 1.009120
vt 0.171280 1.015950
vt -0.318321 0.934699
vt -0.318321 0.788859
vt -0.318321 0.594406
vt -0.318321 0.448566
vt -0.274592 0.800725
vt -0.263223 0.861925
vt -0.290459 0.862059
vt -0.262787 0.893679
vt -0.249196 0.812273
vt -0.288979 0.902335
vt -0.250657 0.771661
vt -0.246451 0.932887
vt -0.231932 0.791159
vt -0.269127 0.949449
vt -0.239257 0.963862
vt -0.214797 0.948995
vt -0.230756 0.983141
vt -0.203547 0.976791
vt -0.229017 1.009120
vt -0.202051 1.015950
vt -0.222608 0.767807
vt 0.188609 0.767807
vt -0.016999 0.767807
vt -0.235959 0.808597
vt -0.213245 0.791050
vt -0.228261 0.819169
vt -0.201239 0.811834
vt -0.225665 0.840814
vt -0.198587 0.848091
vt -0.237612 0.881275
vt 0.050445 1.628520
vt 0.046551 1.654600
vt 0.039641 1.654600
vt 0.055331 1.633400
vt 0.076527 1.617710
vt 0.076527 1.624620
vt 0.097723 1.633400
vt 0.102608 1.628520
vt 0.076527 1.631790
vt 0.060397 1.638470
vt 0.092656 1.638470
vt 0.076527 1.637230
vt 0.099336 1.654600
vt 0.088804 1.642320
vt 0.234617 0.394126
vt 0.218621 0.384007
vt 0.248633 0.357630
vt 0.206999 0.415310
vt 0.230452 0.420243
vt 0.230161 0.446647
vt 0.204267 0.450617
vt 0.237773 0.512335
vt 0.206040 0.521285
vt 0.233716 0.594839
vt 0.201795 0.582485
vt 0.205793 0.628058
vt 0.183085 0.605399
vt 0.189631 0.520125
vt 0.200195 0.506581
vt 0.201819 0.544210
vt -0.265388 0.394126
vt -0.279404 0.357630
vt -0.249392 0.384007
vt -0.237769 0.415310
vt -0.261223 0.420243
vt -0.260932 0.446647
vt -0.235037 0.450617
vt -0.268544 0.512335
vt -0.236811 0.521285
vt -0.264487 0.594838
vt -0.232565 0.582485
vt -0.236564 0.628058
vt -0.213856 0.605399
vt -0.220401 0.520125
vt -0.230965 0.506581
vt -0.232589 0.544210
vt -0.120020 1.389500
vt -0.016999 1.389500
vt 0.086021 1.389500
vt 0.108413 1.600860
vt -0.108687 1.325710
vt 0.077916 1.325710
vt -0.108699 1.640580
vt 0.079503 1.674480
vt -0.108699 1.674480
vt 0.079503 1.640580
vt -0.108699 1.606690
vt 0.079503 1.606690
vt -0.106175 1.648530
vt 0.048993 1.648530
vt 0.048993 1.655770
vt -0.106175 1.655770
vt 0.048993 1.663020
vt -0.106175 1.663020
vt -0.222608 0.350201
vt -0.016999 0.350201
vt 0.188609 0.350201
vt -0.192799 0.922084
vt 0.142305 0.922084
vt 0.142305 1.108690
vt -0.192799 1.108690
vt -0.208406 0.922084
vt -0.208406 1.108690
vt -0.237346 1.108690
vt -0.237346 0.922084
vt 0.031878 0.927923
vt 0.183122 0.887183
vt 0.185318 0.896711
vt 0.177127 0.877693
vt 0.247030 0.784408
vt 0.031730 0.938083
vt 0.238433 0.779104
vt 0.227637 0.778095
vt -0.120579 0.892224
vt -0.118106 0.882763
vt -0.111835 0.873455
vt -0.178971 0.778159
vt -0.170222 0.773109
vt -0.159402 0.772417
vt -0.101339 0.679043
vt -0.095030 0.686755
vt 0.036073 0.642028
vt 0.165806 0.690581
vt 0.172338 0.683057
vt 0.035934 0.651477
vt 0.035806 0.660208
vt -0.091561 0.694517
vt 0.218511 0.781160
vt 0.162111 0.698237
vt 0.035711 0.666669
vt -0.150369 0.775748
vt -0.090637 0.700704
vt 0.213794 0.924744
vt 0.179903 1.106420
vt 0.179903 0.924744
vt 0.146014 1.106420
vt 0.213794 1.106420
vt 0.146014 0.924744
vt -0.331117 1.208600
vt -0.322463 1.228030
vt -0.347547 1.214360
vt -0.326414 1.239510
vt -0.304434 1.232590
vt -0.124145 0.866400
vt 0.026455 1.017000
vt -0.124145 1.167600
vt -0.017654 1.123490
vt -0.017654 0.910509
vt -0.274743 1.017000
vt -0.230634 0.910509
vt -0.230634 1.123490
vt -0.347547 0.816415
vt -0.322463 0.802736
vt -0.331117 0.822169
vt -0.326414 0.791257
vt -0.304434 0.798181
vt 0.082046 1.208600
vt 0.098477 1.214360
vt 0.073393 1.228030
vt 0.077343 1.239510
vt 0.055363 1.232590
vt -0.288858 1.266760
vt -0.301995 1.235960
vt -0.281522 1.247780
vt -0.321242 1.248050
vt 0.073393 0.802736
vt 0.098477 0.816415
vt 0.082046 0.822169
vt 0.077343 0.791257
vt 0.055363 0.798181
vt -0.263718 1.281270
vt -0.296281 1.239260
vt -0.244546 1.269130
vt -0.318546 1.249610
vt -0.346709 1.233250
vt -0.352413 1.206850
vt -0.299131 1.237610
vt 0.027119 0.911196
vt 0.034431 0.912640
vt 0.027119 0.923473
vt 0.027566 0.923473
vt 0.022410 0.897392
vt 0.027566 0.893908
vt 0.034430 0.923473
vt 0.034431 0.892648
vt 0.022410 0.923473
vt 0.022410 0.949555
vt 0.041295 0.893908
vt 0.041295 0.923473
vt 0.046451 0.897392
vt 0.046451 0.923473
vt 0.046451 0.949555
vt 0.034431 0.934308
vt 0.027119 0.935752
vt 0.034431 0.923473
vt 0.041742 0.923473
vt 0.041742 0.935752
vt 0.041742 0.911196
vt -0.301995 0.794812
vt -0.288858 0.764007
vt -0.281522 0.782992
vt -0.321242 0.782724
vt 0.047211 1.239260
vt 0.014649 1.281270
vt -0.004525 1.269130
vt 0.069475 1.249610
vt 0.097638 1.233250
vt 0.050061 1.237610
vt 0.103342 1.206850
vt 0.201514 1.017000
vt 0.106131 1.247270
vt 0.009783 1.150930
vt -0.124145 1.342660
vt 0.065258 1.017000
vt -0.124145 1.206400
vt 0.106131 0.786724
vt -0.354419 1.247270
vt 0.009783 0.883072
vt -0.258071 1.150930
vt -0.124145 0.691341
vt -0.313546 1.017000
vt -0.124145 0.827597
vt -0.449803 1.017000
vt -0.354419 0.786724
vt -0.258071 0.883072
vt -0.353651 1.222860
vt -0.307706 1.236560
vt -0.325397 1.250270
vt -0.348627 1.202330
vt 0.052925 1.235960
vt 0.039787 1.266760
vt 0.032451 1.247780
vt 0.072171 1.248050
vt -0.296281 0.791513
vt -0.263719 0.749501
vt -0.244546 0.761644
vt -0.318546 0.781157
vt -0.346709 0.797517
vt -0.299131 0.793159
vt -0.352413 0.823921
vt 0.104581 1.222860
vt 0.076327 1.250270
vt 0.058635 1.236560
vt 0.099557 1.202330
vt 0.161006 0.704395
vt 0.169575 0.871469
vt 0.032042 0.916775
vt 0.032163 0.908484
vt -0.104103 0.867455
vt 0.014649 0.749501
vt 0.047211 0.791513
vt -0.004525 0.761644
vt 0.069475 0.781157
vt 0.097638 0.797517
vt 0.103342 0.823921
vt 0.050061 0.793159
vt 0.039787 0.764007
vt 0.052925 0.794812
vt 0.032451 0.782992
vt 0.072171 0.782724
vt -0.307706 0.794207
vt -0.353651 0.807907
vt -0.325397 0.780505
vt -0.348627 0.828439
vt 0.058635 0.794207
vt 0.076327 0.780505
vt 0.104581 0.807907
vt 0.099557 0.828439
vt 0.103829 1.244970
vt 0.168949 1.017000
vt 0.198258 1.017000
vt 0.103829 0.789027
vt 0.083103 1.224250
vt 0.083103 0.809752
vt -0.124145 1.310090
vt -0.124145 0.723907
vt -0.124145 1.339400
vt -0.124145 0.694597
vt -0.352117 1.244970
vt -0.352117 0.789027
vt -0.331393 1.224250
vt -0.331393 0.809752
vt -0.446546 1.017000
vt -0.417237 1.017000
vt 0.078249 0.841160
vt 0.061721 0.810369
vt -0.310791 0.810369
vt -0.327319 0.841160
vt -0.130837 1.014260
vt 0.179747 1.092040
vt 0.179747 1.208710
vt 0.179747 0.819801
vt 0.179747 0.936473
vt -0.124535 1.020560
vt -0.046754 0.709972
vt 0.069918 0.709972
vt -0.318989 0.709972
vt -0.202317 0.709972
vt 0.061721 1.220400
vt 0.078249 1.189610
vt 0.019677 0.798839
vt 0.052078 0.817525
vt -0.005454 0.784320
vt 0.049374 0.815973
vt 0.077623 0.832184
vt -0.268747 0.798839
vt -0.301149 0.817525
vt -0.327319 1.189610
vt -0.310791 1.220400
vt -0.202317 1.318320
vt -0.318989 1.318320
vt 0.069918 1.318320
vt -0.046754 1.318320
vt -0.005454 1.246450
vt 0.049374 1.214800
vt 0.077623 1.198590
vt -0.428601 0.936473
vt -0.428601 0.819801
vt -0.428601 1.208710
vt -0.428601 1.092040
vt 0.019677 1.231930
vt 0.052078 1.213250
vt -0.243617 0.784320
vt -0.298445 0.815973
vt -0.326694 0.832184
vt 0.041295 0.953040
vt 0.034431 0.954300
vt 0.027566 0.953040
vt -0.268747 1.231930
vt -0.301149 1.213250
vt 0.078697 0.839571
vt 0.046565 0.816915
vt -0.243617 1.246450
vt -0.298445 1.214800
vt -0.326694 1.198590
vt 0.078697 1.191200
vt 0.046565 1.213860
vt -0.327767 0.839571
vt -0.295635 0.816915
vt -0.327767 1.191200
vt -0.295635 1.213860
vt -0.114750 0.920497
vt -0.148639 1.108700
vt -0.148639 0.920497
vt -0.182530 1.108700
vt -0.114750 1.108700
vt -0.182530 0.920497
vt 0.030018 1.106170
vt 0.030018 0.951007
vt 0.038383 0.951007
vt 0.038383 1.106170
vt 0.124145 0.311629
vt 0.336245 0.258795
vt 0.350314 0.311629
vt 0.124145 0.258795
vt -0.087957 0.258795
vt -0.102026 0.311629
vt -0.185318 1.627370
vt -0.031647 1.663450
vt -0.031730 1.673330
vt -0.182891 1.618190
vt 0.120579 1.627370
vt -0.031658 1.652240
vt 0.118337 1.618190
vt -0.246798 1.508940
vt -0.176745 1.608830
vt -0.238050 1.504030
vt -0.227229 1.503220
vt -0.169166 1.602480
vt -0.031755 1.643590
vt 0.202317 0.594406
vt 0.318989 0.691633
vt 0.215921 0.691633
vt 0.161090 0.645939
vt 0.124535 0.577401
vt 0.124535 0.448566
vt 0.353651 0.598473
vt 0.332317 0.579135
vt 0.342975 0.568643
vt 0.370241 0.575454
vt 0.368035 0.542797
vt 0.340786 0.549139
vt 0.347547 0.513613
vt 0.331117 0.530785
vt 0.087981 0.645939
vt 0.046754 0.594406
vt 0.033150 0.691633
vt -0.069918 0.691633
vt 0.124145 1.425070
vt 0.241669 1.425070
vt 0.230634 1.467390
vt 0.017654 1.467390
vt 0.006619 1.425070
vt 0.124145 1.467390
vt 0.047766 0.691633
vt 0.093827 0.730017
vt 0.087981 0.737325
vt 0.124535 0.787594
vt 0.124535 0.805865
vt 0.161090 0.737325
vt 0.093827 0.653249
vt 0.155243 0.730017
vt 0.124535 0.595671
vt 0.201305 0.691633
vt 0.155243 0.653249
vt -0.081465 0.631807
vt 0.124145 0.631807
vt 0.124145 0.652267
vt 0.329754 0.631807
vt -0.091471 0.652267
vt 0.339759 0.652267
vt -0.104581 0.598473
vt -0.093905 0.568643
vt -0.083247 0.579135
vt -0.121170 0.575454
vt -0.118965 0.542797
vt -0.091715 0.549139
vt -0.098477 0.513613
vt -0.082046 0.530785
vt 0.321242 0.791050
vt 0.315326 0.819169
vt 0.301995 0.808597
vt 0.342038 0.811834
vt 0.319822 0.840814
vt 0.346709 0.848091
vt 0.299131 0.881275
vt 0.234661 0.861925
vt 0.235079 0.800725
vt 0.258954 0.812273
vt 0.207598 0.862059
vt 0.276537 0.771661
vt 0.235429 0.893679
vt 0.288858 0.791159
vt 0.210162 0.902335
vt 0.244546 0.949449
vt 0.263718 0.932887
vt 0.318546 0.948995
vt 0.311006 0.983141
vt 0.296281 0.963862
vt 0.338029 0.976791
vt 0.314017 1.009120
vt 0.340665 1.015950
vt 0.311534 1.051460
vt -0.027119 1.654600
vt -0.034431 1.643760
vt -0.027119 1.642320
vt -0.041742 1.654600
vt -0.034430 1.665430
vt -0.041742 1.666870
vt -0.041742 1.642320
vt -0.034431 1.654600
vt -0.027119 1.666870
vt 0.013990 0.800725
vt 0.014410 0.861925
vt -0.009883 0.812273
vt 0.041473 0.862059
vt -0.027466 0.771661
vt 0.013641 0.893679
vt -0.039787 0.791159
vt 0.038909 0.902335
vt 0.004525 0.949449
vt -0.014649 0.932887
vt -0.061935 0.983141
vt -0.069475 0.948995
vt -0.047211 0.963862
vt -0.088958 0.976791
vt -0.064946 1.009120
vt -0.091594 1.015950
vt -0.062463 1.051460
vt 0.260831 0.382221
vt 0.246483 0.394126
vt 0.225286 0.357630
vt 0.277437 0.413050
vt 0.254477 0.420243
vt 0.257762 0.446647
vt 0.284138 0.448113
vt 0.255742 0.512335
vt 0.288242 0.518095
vt 0.269861 0.594838
vt 0.299969 0.579183
vt 0.307706 0.628058
vt 0.325397 0.602095
vt 0.315963 0.506581
vt 0.326414 0.518391
vt 0.304434 0.544210
vt -0.066255 0.819169
vt -0.072171 0.791050
vt -0.052925 0.808597
vt -0.092967 0.811834
vt -0.070751 0.840814
vt -0.097638 0.848091
vt -0.050061 0.881275
vt 0.124535 0.934699
vt 0.202317 0.788859
vt -0.011761 0.382221
vt 0.023785 0.357630
vt 0.002587 0.394126
vt -0.028366 0.413050
vt -0.005406 0.420243
vt -0.008691 0.446647
vt -0.035067 0.448113
vt -0.006671 0.512335
vt -0.039171 0.518095
vt -0.020790 0.594838
vt -0.050899 0.579183
vt -0.058635 0.628058
vt -0.076327 0.602095
vt -0.066893 0.506581
vt -0.055363 0.544210
vt -0.077343 0.518391
vt -0.165493 1.411660
vt -0.218197 1.506260
vt -0.161950 1.419230
vt -0.035711 1.387360
vt -0.161006 1.425160
vt 0.046754 0.788859
vt 0.100713 1.640580
vt 0.148639 1.592660
vt 0.182530 1.606690
vt 0.114750 1.606690
vt 0.182530 1.674480
vt 0.196569 1.640580
vt 0.148639 1.688510
vt 0.114750 1.674480
vt 0.192799 1.741200
vt -0.128971 1.702640
vt 0.193895 1.702640
vt -0.142305 1.741200
vt -0.475638 1.337600
vt 0.208406 1.741200
vt -0.442741 1.325710
vt -0.423718 0.769837
vt -0.457851 0.747215
vt -0.435453 0.747161
vt 0.225726 1.674230
vt 0.211714 1.674170
vt 0.237346 1.702640
vt 0.237346 1.721510
vt 0.236611 1.674250
vt -0.146014 1.471960
vt -0.227831 1.505850
vt -0.213794 1.471960
vt -0.179903 1.457930
vt -0.179903 1.553780
vt -0.213794 1.539740
vt -0.146014 1.539740
vt -0.131975 1.505850
vt -0.042566 1.655770
vt -0.030018 1.648530
vt -0.030018 1.663020
vt -0.025834 1.655770
vt -0.038383 1.648530
vt -0.038383 1.663020
vt 0.124145 1.234430
vt 0.354419 1.234430
vt 0.354419 1.290270
vt 0.124145 1.290270
vt -0.106131 1.234430
vt -0.106131 1.290270
vt -0.103829 1.084310
vt 0.124145 1.136310
vt -0.103829 1.136310
vt 0.124145 1.084310
vt 0.352117 1.084310
vt 0.352117 1.136310
vt 0.124145 0.747346
vt -0.091471 0.747346
vt 0.339759 0.747346
vt 0.004346 0.384007
vt -0.009409 0.372251
vt -0.030497 0.408339
vt -0.007993 0.415310
vt -0.012495 0.450617
vt -0.038562 0.452347
vt -0.010430 0.521285
vt -0.043227 0.526669
vt -0.021146 0.582485
vt -0.052245 0.566166
vt -0.046565 0.605399
vt -0.064634 0.578215
vt -0.073393 0.532843
vt -0.061721 0.520125
vt 0.244725 0.384007
vt 0.258479 0.372251
vt 0.279567 0.408339
vt 0.257063 0.415310
vt 0.261566 0.450617
vt 0.287633 0.452347
vt 0.259501 0.521285
vt 0.292298 0.526669
vt 0.270217 0.582485
vt 0.301315 0.566166
vt 0.295635 0.605399
vt 0.313705 0.578215
vt 0.322463 0.532843
vt 0.310791 0.520125
vt 0.130837 0.691633
vt -0.179747 0.594406
vt -0.179747 0.448566
vt -0.179747 0.934699
vt -0.179747 0.788859
vt 0.006818 0.862490
vt -0.014010 0.824603
vt 0.010230 0.812273
vt 0.034521 0.861925
vt -0.019677 0.791159
vt 0.007523 0.884859
vt -0.032451 0.811434
vt 0.033739 0.893679
vt 0.005454 0.932887
vt -0.014195 0.915465
vt -0.068853 0.976791
vt -0.071522 0.935253
vt -0.049374 0.948995
vt -0.095157 0.970975
vt -0.071533 1.015950
vt -0.097461 1.022930
vt -0.072874 0.811834
vt -0.071485 0.774783
vt -0.052078 0.791050
vt -0.098921 0.805455
vt -0.077623 0.848091
vt -0.103342 0.854878
vt 0.242253 0.862490
vt 0.238841 0.812273
vt 0.263081 0.824603
vt 0.214550 0.861925
vt 0.268747 0.791159
vt 0.241547 0.884859
vt 0.281522 0.811434
vt 0.215331 0.893679
vt 0.243617 0.932887
vt 0.263266 0.915465
vt 0.317923 0.976791
vt 0.298445 0.948995
vt 0.320593 0.935253
vt 0.344227 0.970975
vt 0.320603 1.015950
vt 0.346531 1.022930
vt 0.428601 0.788859
vt 0.428601 0.934699
vt 0.428601 0.448566
vt 0.428601 0.594406
vt -0.081465 0.767807
vt 0.124145 0.767807
vt 0.329754 0.767807
vt 0.320554 0.774783
vt 0.321945 0.811834
vt 0.301149 0.791050
vt 0.347991 0.805455
vt 0.326694 0.848091
vt 0.352413 0.854878
vt -0.041295 1.625030
vt -0.034431 1.623770
vt -0.027566 1.625030
vt -0.041295 1.654600
vt -0.046451 1.628520
vt -0.046451 1.654600
vt -0.046451 1.680680
vt -0.041295 1.684160
vt -0.034431 1.685420
vt -0.027566 1.684160
vt -0.027566 1.654600
vt -0.022410 1.628520
vt -0.022410 1.680680
vt -0.022410 1.654600
vt -0.099557 0.619461
vt -0.097641 0.578066
vt -0.078697 0.601346
vt -0.123659 0.584207
vt -0.121887 0.539793
vt -0.095390 0.545413
vt -0.094397 0.500546
vt -0.078249 0.515858
vt 0.346710 0.578066
vt 0.348627 0.619461
vt 0.327767 0.601346
vt 0.372730 0.584207
vt 0.370958 0.539793
vt 0.344461 0.545413
vt 0.343467 0.500546
vt 0.327319 0.515858
vt 0.021123 1.389500
vt 0.124145 1.389500
vt 0.227166 1.389500
vt 0.091722 1.419230
vt 0.090637 1.425160
vt -0.035645 1.381120
vt 0.095345 1.411660
vt -0.035619 1.372470
vt -0.035665 1.362850
vt 0.159810 1.503220
vt 0.150683 1.506260
vt 0.101747 1.403960
vt -0.171930 1.403960
vt 0.179202 1.508940
vt 0.112218 1.608830
vt 0.170606 1.504030
vt 0.104511 1.602480
vt -0.081465 0.350201
vt 0.124145 0.350201
vt 0.329754 0.350201
vt 0.016999 0.311629
vt 0.229100 0.258795
vt 0.243169 0.311629
vt -0.195101 0.258795
vt -0.209171 0.311629
vt 0.016999 0.258795
vt -0.112817 1.633170
vt -0.207656 1.516430
vt -0.103289 1.627370
vt -0.215592 1.523920
vt -0.320197 1.414670
vt -0.097043 1.618190
vt -0.313883 1.405490
vt -0.199817 1.508940
vt -0.304421 1.399690
vt -0.224252 1.526600
vt -0.313245 1.432000
vt -0.305483 1.429620
vt -0.218935 1.521630
vt -0.299296 1.425160
vt -0.213440 1.516430
vt -0.130844 1.613630
vt -0.133673 1.621200
vt -0.126053 1.607700
vt -0.207987 1.511230
vt -0.077916 1.337600
vt 0.108687 1.741200
vt -0.077916 1.741200
vt 0.108687 1.337600
vt -0.077916 0.747215
vt 0.108687 0.747215
vt -0.075256 1.505850
vt 0.106417 1.539740
vt -0.075256 1.539740
vt 0.106417 1.505850
vt -0.075256 1.471960
vt 0.106417 1.471960
vt 0.016999 1.425070
vt -0.089491 1.467390
vt -0.100525 1.425070
vt 0.016999 1.467390
vt 0.123489 1.467390
vt 0.134524 1.425070
vt 0.105641 0.691633
vt 0.092037 0.594406
vt 0.208709 0.691633
vt 0.050809 0.645939
vt 0.014256 0.577401
vt 0.014256 0.448566
vt -0.063527 0.594406
vt -0.022299 0.645939
vt -0.077129 0.691633
vt -0.180199 0.691633
vt 0.016999 0.652267
vt 0.222608 0.631807
vt 0.232615 0.652267
vt 0.016999 0.631807
vt -0.188609 0.631807
vt -0.198616 0.652267
vt 0.269095 0.382221
vt 0.239633 0.408339
vt 0.253597 0.372251
vt 0.262693 0.413050
vt 0.262651 0.448113
vt 0.237032 0.452347
vt 0.271971 0.518095
vt 0.239961 0.526669
vt 0.268964 0.579183
vt 0.236173 0.566166
vt 0.250265 0.602095
vt 0.227137 0.578215
vt 0.214356 0.513613
vt 0.239513 0.518391
vt 0.228035 0.532843
vt -0.208863 0.408339
vt -0.238324 0.382221
vt -0.222827 0.372251
vt -0.231923 0.413050
vt -0.231880 0.448113
vt -0.206261 0.452347
vt -0.241200 0.518095
vt -0.209191 0.526669
vt -0.238193 0.579183
vt -0.205403 0.566166
vt -0.219495 0.602095
vt -0.196367 0.578215
vt -0.183585 0.513613
vt -0.197264 0.532843
vt -0.208743 0.518391
vt -0.097723 1.633400
vt -0.113411 1.654600
vt -0.102608 1.628520
vt -0.076527 1.617710
vt -0.050445 1.628520
vt -0.055331 1.633400
vt -0.076527 1.624620
vt -0.076527 1.631790
vt -0.106503 1.654600
vt -0.097723 1.675790
vt -0.102608 1.680680
vt -0.076527 1.691480
vt -0.092656 1.638470
vt -0.099336 1.654600
vt -0.092656 1.670730
vt -0.076527 1.684570
vt -0.055331 1.675790
vt -0.050445 1.680680
vt -0.046551 1.654600
vt -0.093891 1.654600
vt -0.076527 1.677410
vt -0.053716 1.654600
vt -0.060397 1.670730
vt -0.076527 1.671960
vt -0.088804 1.666870
vt -0.060397 1.638470
vt -0.064248 1.666870
vt -0.064248 1.642320
vt -0.059163 1.654600
vt -0.076527 1.637230
vt -0.088804 1.642320
vt 0.091024 0.691633
vt 0.050809 0.737325
vt 0.044963 0.653249
vt 0.044963 0.730017
vt 0.014256 0.595671
vt 0.014256 0.787594
vt 0.014256 0.805865
vt -0.022299 0.737325
vt -0.016452 0.653249
vt -0.016452 0.730017
vt -0.062513 0.691633
vt 0.236041 0.811834
vt 0.225243 0.774783
vt 0.248047 0.791050
vt 0.209403 0.805455
vt 0.233253 0.848091
vt 0.206849 0.854878
vt 0.270451 0.862490
vt 0.284032 0.812273
vt 0.298056 0.861925
vt 0.258425 0.824603
vt 0.270857 0.884859
vt 0.266764 0.791159
vt 0.297596 0.893679
vt 0.247779 0.811434
vt 0.258319 0.915465
vt 0.281269 0.932887
vt 0.238369 0.976791
vt 0.225220 0.935253
vt 0.249613 0.948995
vt 0.211575 0.970975
vt 0.236797 1.015950
vt 0.210245 1.022930
vt 0.230451 1.051460
vt 0.222864 0.598473
vt 0.202332 0.619461
vt 0.204801 0.575454
vt 0.179432 0.584207
vt 0.176852 0.539793
vt 0.203687 0.542797
vt 0.195763 0.500546
vt -0.194472 0.774783
vt -0.205271 0.811834
vt -0.217276 0.791050
vt -0.178632 0.805455
vt -0.202483 0.848091
vt -0.176079 0.854878
vt -0.253261 0.812273
vt -0.239680 0.862490
vt -0.267285 0.861925
vt -0.240087 0.884859
vt -0.227655 0.824603
vt -0.266825 0.893679
vt -0.235993 0.791159
vt -0.227548 0.915465
vt -0.217008 0.811434
vt -0.250499 0.932887
vt -0.194449 0.935253
vt -0.207599 0.976791
vt -0.218843 0.948995
vt -0.180805 0.970975
vt -0.206027 1.015950
vt -0.179475 1.022930
vt -0.199680 1.051460
vt 0.092037 0.788859
vt 0.014256 0.934699
vt -0.171561 0.619461
vt -0.192093 0.598473
vt -0.174031 0.575454
vt -0.148661 0.584207
vt -0.146081 0.539793
vt -0.172916 0.542797
vt -0.164992 0.500546
vt -0.063527 0.788859
vt 0.247275 1.290270
vt 0.016999 1.234430
vt 0.247275 1.234430
vt 0.016999 1.290270
vt -0.213276 1.234430
vt -0.213276 1.290270
vt -0.210973 1.084310
vt 0.016999 1.136310
vt -0.210973 1.136310
vt 0.016999 1.084310
vt 0.244972 1.136310
vt 0.244972 1.084310
vt 0.232615 0.747346
vt 0.016999 0.747346
vt -0.198616 0.747346
vt -0.171572 0.568643
vt -0.160429 0.601346
vt -0.181236 0.579135
vt -0.145245 0.578066
vt -0.144077 0.545413
vt -0.171593 0.549139
vt -0.177831 0.530785
vt -0.158840 0.515858
vt 0.020557 0.691633
vt -0.290028 0.594406
vt -0.290028 0.448566
vt -0.290028 0.934699
vt -0.290028 0.788859
vt -0.182475 0.791050
vt -0.197491 0.819169
vt -0.205188 0.808597
vt -0.170468 0.811834
vt -0.194895 0.840814
vt -0.167816 0.848091
vt -0.206841 0.881275
vt 0.191200 0.601346
vt 0.202343 0.568643
vt 0.212007 0.579135
vt 0.176016 0.578066
vt 0.174848 0.545413
vt 0.202364 0.549139
vt 0.208601 0.530785
vt 0.189611 0.515858
vt 0.318321 0.788859
vt 0.318321 0.934699
vt 0.318321 0.448566
vt 0.318321 0.594406
vt 0.222608 0.767807
vt 0.016999 0.767807
vt -0.188609 0.767807
vt -0.218425 0.812273
vt -0.232452 0.861925
vt -0.243821 0.800725
vt -0.259688 0.862058
vt -0.219887 0.771661
vt -0.232016 0.893679
vt -0.201161 0.791159
vt -0.258208 0.902335
vt -0.215680 0.932887
vt -0.238356 0.949449
vt -0.184027 0.948995
vt -0.199985 0.983141
vt -0.208487 0.963862
vt -0.172776 0.976791
vt -0.198247 1.009120
vt -0.171280 1.015950
vt -0.039641 1.654600
vt 0.228261 0.819169
vt 0.213245 0.791050
vt 0.235959 0.808597
vt 0.201239 0.811834
vt 0.225665 0.840814
vt 0.198587 0.848091
vt 0.237612 0.881275
vt 0.274592 0.800725
vt 0.263223 0.861925
vt 0.249196 0.812273
vt 0.290459 0.862059
vt 0.250657 0.771661
vt 0.262787 0.893679
vt 0.231932 0.791159
vt 0.288979 0.902335
vt 0.246451 0.932887
vt 0.269127 0.949449
vt 0.230756 0.983141
vt 0.214797 0.948995
vt 0.239257 0.963862
vt 0.203547 0.976791
vt 0.229017 1.009120
vt 0.202051 1.015950
vt -0.234617 0.394126
vt -0.248633 0.357630
vt -0.218621 0.384007
vt -0.206999 0.415310
vt -0.230452 0.420243
vt -0.230161 0.446647
vt -0.204267 0.450617
vt -0.237773 0.512335
vt -0.206040 0.521285
vt -0.233716 0.594839
vt -0.201795 0.582485
vt -0.205793 0.628058
vt -0.183085 0.605399
vt -0.189631 0.520125
vt -0.200195 0.506581
vt -0.201819 0.544210
vt 0.120020 1.389500
vt 0.016999 1.389500
vt -0.086021 1.389500
vt 0.265388 0.394126
vt 0.249392 0.384007
vt 0.279404 0.357630
vt 0.237769 0.415310
vt 0.261223 0.420243
vt 0.260932 0.446647
vt 0.235037 0.450617
vt 0.268544 0.512335
vt 0.236811 0.521285
vt 0.264487 0.594838
vt 0.232565 0.582485
vt 0.236564 0.628058
vt 0.213856 0.605399
vt 0.220401 0.520125
vt 0.230965 0.506581
vt 0.232589 0.544210
vt -0.294536 1.419230
vt -0.119896 1.603240
vt -0.202819 1.506260
vt -0.112240 1.600860
vt -0.291812 1.411660
vt -0.077916 1.702640
vt 0.108687 1.674170
vt 0.108687 1.702640
vt -0.077916 1.674170
vt -0.079503 1.640580
vt 0.108699 1.674480
vt -0.079503 1.674480
vt 0.108699 1.640580
vt -0.079503 1.606690
vt 0.108699 1.606690
vt -0.048993 1.648530
vt 0.106175 1.648530
vt 0.106175 1.655770
vt -0.048993 1.655770
vt 0.106175 1.663020
vt -0.048993 1.663020
vt 0.222608 0.350201
vt 0.016999 0.350201
vt -0.188609 0.350201
vt 0.424099 1.017000
vt -0.175811 1.017000
vt 0.124145 0.717044
vt -0.087957 0.804899
vt 0.336245 0.804899
vt 0.124145 1.316950
vt 0.336245 1.229100
vt -0.087957 1.229100
vt -0.179663 0.704887
vt -0.246798 0.800183
vt -0.185933 0.695579
vt -0.238050 0.805232
vt -0.188407 0.686117
vt -0.035949 0.650419
vt -0.227229 0.805924
vt -0.036098 0.640259
vt 0.117490 0.681631
vt 0.115295 0.691159
vt 0.109301 0.700648
vt 0.179202 0.793933
vt -0.179903 0.924744
vt -0.213794 1.106420
vt -0.213794 0.924744
vt -0.179903 1.106420
vt -0.146014 0.924744
vt -0.146014 1.106420
vt 0.258479 1.253600
vt 0.260831 1.269090
vt 0.225286 1.279400
vt 0.332317 1.212010
vt 0.325397 1.250270
vt 0.313705 1.227140
vt 0.353651 1.222860
vt 0.258479 0.777173
vt 0.225286 0.751367
vt 0.260831 0.761676
vt 0.325397 0.780505
vt 0.332317 0.818764
vt 0.313705 0.803633
vt 0.353651 0.807907
vt -0.009409 1.253600
vt 0.023785 1.279400
vt -0.011761 1.269090
vt -0.076327 1.250270
vt -0.083247 1.212010
vt -0.064634 1.227140
vt -0.104581 1.222860
vt 0.263266 1.258320
vt 0.318546 1.249610
vt 0.263718 1.281270
vt 0.320593 1.225220
vt -0.009409 0.777173
vt -0.011761 0.761676
vt 0.023785 0.751367
vt -0.083247 0.818764
vt -0.076327 0.780505
vt -0.064634 0.803633
vt -0.104581 0.807907
vt 0.276537 1.250660
vt 0.321242 1.248050
vt 0.288858 1.266760
vt 0.320554 1.225240
vt -0.041295 0.923473
vt -0.046451 0.897392
vt -0.041295 0.893908
vt -0.046451 0.923473
vt -0.046451 0.949555
vt -0.041742 0.923473
vt -0.034431 0.934308
vt -0.041742 0.935752
vt -0.034430 0.912640
vt -0.041742 0.911196
vt -0.034430 0.923473
vt -0.027119 0.923473
vt -0.027119 0.935752
vt -0.027119 0.911196
vt 0.318546 0.781157
vt 0.263266 0.772452
vt 0.263719 0.749501
vt 0.320593 0.805551
vt -0.072171 1.248050
vt -0.027466 1.250660
vt -0.039787 1.266760
vt -0.071485 1.225240
vt 0.347547 1.214360
vt 0.315963 1.230970
vt 0.343467 1.195760
vt 0.326414 1.239510
vt -0.069475 1.249610
vt -0.014195 1.258320
vt -0.014649 1.281270
vt -0.071522 1.225220
vt 0.321242 0.782724
vt 0.276537 0.780113
vt 0.288858 0.764007
vt 0.320554 0.805528
vt -0.066893 1.230970
vt -0.098477 1.214360
vt -0.094397 1.195760
vt -0.077343 1.239510
vt -0.032117 0.911672
vt -0.159389 0.883825
vt -0.158465 0.877637
vt -0.027466 0.780113
vt -0.072171 0.782724
vt -0.039787 0.764007
vt -0.071485 0.805528
vt -0.014195 0.772452
vt -0.069475 0.781157
vt -0.014649 0.749501
vt -0.071522 0.805551
vt 0.315963 0.799805
vt 0.347547 0.816415
vt 0.343467 0.835008
vt 0.326414 0.791257
vt -0.098477 0.816415
vt -0.066893 0.799805
vt -0.094397 0.835008
vt -0.077343 0.791257
vt 0.446546 1.017000
vt 0.352117 1.244970
vt 0.329754 1.222610
vt 0.414919 1.017000
vt 0.124145 1.307770
vt 0.329754 0.811391
vt 0.124145 1.339400
vt 0.352117 0.789027
vt -0.103829 1.244970
vt 0.124145 0.726224
vt -0.081465 1.222610
vt 0.124145 0.694597
vt -0.166631 1.017000
vt -0.103829 0.789027
vt -0.198258 1.017000
vt -0.081465 0.811391
vt -0.435453 0.922084
vt -0.457851 1.108690
vt -0.457851 0.922084
vt -0.435453 1.108690
vt -0.046565 0.816915
vt -0.078697 0.839571
vt 0.295635 0.816915
vt 0.327767 0.839571
vt 0.130837 1.014260
vt -0.179747 1.208710
vt -0.179747 1.092040
vt -0.179747 0.936473
vt -0.179747 0.819801
vt 0.124535 1.020560
vt -0.069918 0.709972
vt 0.046754 0.709972
vt 0.202317 0.709972
vt 0.318989 0.709972
vt -0.046565 1.213860
vt -0.078697 1.191200
vt -0.049374 0.815973
vt 0.005454 0.784320
vt -0.052078 0.817525
vt -0.019677 0.798839
vt -0.106131 0.786724
vt -0.168949 1.017000
vt -0.201514 1.017000
vt -0.083103 0.809752
vt -0.083103 1.224250
vt 0.124145 0.691341
vt -0.106131 1.247270
vt 0.124145 0.723907
vt 0.124145 1.342660
vt 0.354419 0.786724
vt 0.124145 1.310090
vt 0.331393 0.809752
vt 0.354419 1.247270
vt 0.449803 1.017000
vt 0.331393 1.224250
vt 0.417237 1.017000
vt 0.298445 0.815973
vt 0.243617 0.784320
vt 0.295635 1.213860
vt 0.327767 1.191200
vt 0.318989 1.318320
vt 0.202317 1.318320
vt 0.046754 1.318320
vt -0.069918 1.318320
vt -0.052078 1.213250
vt -0.019677 1.231930
vt 0.428601 0.819801
vt 0.428601 0.936473
vt 0.428601 1.092040
vt 0.428601 1.208710
vt -0.049374 1.214800
vt 0.005454 1.246450
vt 0.301149 0.817525
vt 0.268747 0.798839
vt -0.041295 0.953040
vt -0.034431 0.923473
vt -0.034431 0.954300
vt -0.027566 0.953040
vt -0.027566 0.923473
vt -0.034431 0.892648
vt -0.027566 0.893908
vt -0.022410 0.949555
vt -0.022410 0.923473
vt -0.022410 0.897392
vt 0.243617 1.246450
vt 0.298445 1.214800
vt -0.061721 0.810369
vt -0.078249 0.841160
vt 0.301149 1.213250
vt 0.268747 1.231930
vt -0.061721 1.220400
vt -0.078249 1.189610
vt 0.310791 0.810369
vt 0.327319 0.841160
vt 0.310791 1.220400
vt 0.327319 1.189610
vt 0.093178 0.873947
vt 0.094283 0.880104
vt 0.159810 0.800247
vt 0.097979 0.887760
vt 0.150683 0.797181
vt -0.035786 0.661567
vt 0.101747 0.706872
vt -0.035665 0.669857
vt -0.171930 0.710887
vt 0.170606 0.799237
vt 0.104511 0.895284
vt -0.031755 0.936313
vt -0.031894 0.926864
vt -0.162858 0.891587
vt -0.169166 0.899299
vt -0.032022 0.918133
vt -0.218197 0.802593
vt -0.128971 0.922084
vt 0.193895 0.922084
vt 0.193895 1.108690
vt -0.128971 1.108690
vt 0.148639 0.920497
vt 0.114750 1.108700
vt 0.114750 0.920497
vt 0.148639 1.108700
vt 0.182530 0.920497
vt 0.182530 1.108700
vt -0.030018 0.951007
vt -0.030018 1.106170
vt -0.038383 1.106170
vt -0.038383 0.951007
vt 0.211714 1.108690
vt 0.236611 0.922084
vt 0.236611 1.108690
vt 0.211714 0.922084
vt -0.124145 0.311629
vt -0.350314 0.311629
vt -0.336245 0.258795
vt -0.124145 0.258795
vt 0.087957 0.258795
vt 0.102026 0.311629
vt 0.180046 1.424030
vt 0.247030 1.523920
vt 0.238433 1.528830
vt 0.227637 1.529640
vt 0.186165 1.414670
vt 0.036169 1.380620
vt 0.188407 1.405490
vt 0.036181 1.369420
vt 0.036098 1.359530
vt -0.117490 1.405490
vt -0.115063 1.414670
vt -0.108917 1.424030
vt -0.178971 1.523920
vt -0.170222 1.528830
vt -0.159402 1.529640
vt -0.101339 1.430380
vt 0.036073 1.389270
vt 0.172338 1.430380
vt -0.097665 1.621200
vt -0.150369 1.526600
vt -0.124535 0.448566
vt -0.124535 0.577401
vt -0.202317 0.594406
vt -0.161090 0.645939
vt -0.215921 0.691633
vt -0.318989 0.691633
vt -0.230634 1.467390
vt -0.124145 1.425070
vt -0.124145 1.467390
vt -0.017654 1.467390
vt -0.241669 1.425070
vt -0.006619 1.425070
vt -0.353651 0.598473
vt -0.342975 0.568643
vt -0.332317 0.579135
vt -0.370241 0.575454
vt -0.368035 0.542797
vt -0.340786 0.549139
vt -0.347547 0.513613
vt -0.331117 0.530785
vt -0.046754 0.594406
vt 0.069918 0.691633
vt -0.033150 0.691633
vt -0.087981 0.645939
vt -0.124145 0.652267
vt 0.081465 0.631807
vt 0.091471 0.652267
vt -0.339759 0.652267
vt -0.329754 0.631807
vt -0.124145 0.631807
vt 0.093905 0.568643
vt 0.104581 0.598473
vt 0.083247 0.579135
vt 0.121170 0.575454
vt 0.118965 0.542797
vt 0.091715 0.549139
vt 0.098477 0.513613
vt 0.082046 0.530785
vt -0.047766 0.691633
vt -0.093827 0.653249
vt -0.124535 0.595671
vt -0.087981 0.737325
vt -0.093827 0.730017
vt -0.155243 0.653249
vt -0.124535 0.787594
vt -0.201305 0.691633
vt -0.124535 0.805865
vt -0.161090 0.737325
vt -0.155243 0.730017
vt 0.022410 1.680680
vt 0.022410 1.654600
vt 0.027566 1.654600
vt 0.027566 1.684160
vt 0.034431 1.654600
vt 0.034431 1.685420
vt 0.041295 1.684160
vt 0.041295 1.654600
vt 0.041295 1.625030
vt 0.046451 1.628520
vt 0.046451 1.680680
vt 0.046451 1.654600
vt 0.034431 1.665430
vt 0.041742 1.654600
vt 0.041742 1.666870
vt 0.034431 1.643760
vt 0.041742 1.642320
vt 0.027119 1.654600
vt 0.027119 1.666870
vt 0.027119 1.642320
vt -0.315326 0.819169
vt -0.321242 0.791050
vt -0.301995 0.808597
vt -0.342038 0.811834
vt -0.319822 0.840814
vt -0.346709 0.848091
vt -0.299131 0.881275
vt -0.235079 0.800725
vt -0.234661 0.861925
vt -0.258954 0.812273
vt -0.207598 0.862058
vt -0.276537 0.771661
vt -0.235429 0.893679
vt -0.288858 0.791159
vt -0.210162 0.902335
vt -0.244546 0.949449
vt -0.263719 0.932887
vt -0.311006 0.983141
vt -0.318546 0.948995
vt -0.296281 0.963862
vt -0.338029 0.976791
vt -0.314017 1.009120
vt -0.340665 1.015950
vt -0.311534 1.051460
vt 0.032117 1.645500
vt 0.158465 1.607700
vt 0.159549 1.613630
vt 0.032182 1.651740
vt -0.094123 1.613630
vt 0.163173 1.621200
vt 0.218511 1.526600
vt 0.032209 1.660390
vt 0.169575 1.628900
vt 0.032163 1.670010
vt -0.104103 1.628900
vt -0.013991 0.800725
vt -0.014410 0.861925
vt -0.041473 0.862058
vt 0.009883 0.812273
vt -0.013641 0.893679
vt 0.027466 0.771661
vt -0.038909 0.902335
vt 0.039787 0.791159
vt -0.004525 0.949449
vt 0.014649 0.932887
vt 0.069475 0.948995
vt 0.061935 0.983141
vt 0.047211 0.963862
vt 0.088958 0.976791
vt 0.064946 1.009120
vt 0.091594 1.015950
vt 0.062463 1.051460
vt 0.072171 0.791050
vt 0.066255 0.819169
vt 0.052925 0.808597
vt 0.092967 0.811834
vt 0.070751 0.840814
vt 0.097638 0.848091
vt 0.050061 0.881275
vt -0.202317 0.788859
vt -0.124535 0.934699
vt -0.260831 0.382221
vt -0.225286 0.357630
vt -0.246483 0.394126
vt -0.277437 0.413050
vt -0.254477 0.420243
vt -0.257762 0.446647
vt -0.284138 0.448113
vt -0.255742 0.512335
vt -0.288242 0.518095
vt -0.269861 0.594839
vt -0.299969 0.579183
vt -0.307706 0.628058
vt -0.325397 0.602095
vt -0.315963 0.506581
vt -0.304434 0.544210
vt -0.326414 0.518391
vt 0.011761 0.382221
vt -0.002587 0.394126
vt -0.023785 0.357630
vt 0.028366 0.413050
vt 0.005406 0.420243
vt 0.008691 0.446647
vt 0.035067 0.448113
vt 0.006671 0.512335
vt 0.039171 0.518095
vt 0.020790 0.594839
vt 0.050899 0.579183
vt 0.058635 0.628058
vt 0.076327 0.602095
vt 0.066893 0.506581
vt 0.077343 0.518391
vt 0.055363 0.544210
vt -0.046754 0.788859
vt -0.354419 1.234430
vt -0.124145 1.290270
vt -0.354419 1.290270
vt -0.124145 1.234430
vt 0.106131 1.290270
vt 0.106131 1.234430
vt -0.196567 1.640580
vt -0.148639 1.688510
vt -0.182530 1.674480
vt -0.114750 1.674480
vt -0.114750 1.606690
vt -0.100711 1.640580
vt -0.148639 1.592660
vt -0.182530 1.606690
vt 0.475638 1.337600
vt 0.128971 1.702640
vt 0.442741 1.325710
vt 0.423718 0.769837
vt 0.457851 0.747215
vt 0.435453 0.747161
vt 0.142305 1.741200
vt -0.192799 1.741200
vt -0.193895 1.702640
vt -0.208406 1.741200
vt -0.225726 1.674230
vt -0.211714 1.674170
vt -0.237346 1.702640
vt -0.236611 1.674250
vt -0.237346 1.721510
vt 0.146014 1.471960
vt 0.179903 1.553780
vt 0.146014 1.539740
vt 0.131975 1.505850
vt 0.227831 1.505850
vt 0.213794 1.539740
vt 0.213794 1.471960
vt 0.179903 1.457930
vt -0.124145 1.084310
vt 0.103829 1.136310
vt -0.124145 1.136310
vt 0.103829 1.084310
vt -0.352117 1.084310
vt -0.352117 1.136310
vt 0.091471 0.747346
vt -0.124145 0.747346
vt -0.339759 0.747346
vt -0.130837 0.691633
vt 0.179747 0.448566
vt 0.179747 0.594406
vt 0.179747 0.788859
vt 0.179747 0.934699
vt -0.004346 0.384007
vt 0.009409 0.372251
vt 0.030497 0.408339
vt 0.007993 0.415310
vt 0.012495 0.450617
vt 0.038562 0.452347
vt 0.010430 0.521285
vt 0.043227 0.526669
vt 0.021146 0.582485
vt 0.052245 0.566166
vt 0.046565 0.605399
vt 0.064634 0.578215
vt 0.073393 0.532843
vt 0.061721 0.520125
vt -0.244725 0.384007
vt -0.258479 0.372251
vt -0.279567 0.408339
vt -0.257063 0.415310
vt -0.261566 0.450617
vt -0.287633 0.452347
vt -0.259501 0.521285
vt -0.292298 0.526669
vt -0.270217 0.582485
vt -0.301315 0.566166
vt -0.295635 0.605399
vt -0.313705 0.578215
vt -0.322463 0.532843
vt -0.310791 0.520125
vt 0.071485 0.774783
vt 0.072874 0.811834
vt 0.052078 0.791050
vt 0.098921 0.805455
vt 0.077623 0.848091
vt 0.103342 0.854878
vt -0.428601 0.934699
vt -0.428601 0.788859
vt -0.428601 0.594406
vt -0.428601 0.448566
vt 0.081465 0.767807
vt -0.124145 0.767807
vt -0.329754 0.767807
vt -0.034521 0.861925
vt -0.010230 0.812273
vt -0.006818 0.862490
vt 0.014011 0.824603
vt -0.007523 0.884859
vt 0.019677 0.791159
vt -0.033739 0.893679
vt 0.032451 0.811434
vt -0.005454 0.932887
vt 0.014195 0.915465
vt 0.071522 0.935253
vt 0.068853 0.976791
vt 0.049374 0.948995
vt 0.095157 0.970975
vt 0.071533 1.015950
vt 0.097461 1.022930
vt 0.034431 1.623770
vt 0.027566 1.625030
vt 0.022410 1.628520
vt -0.242253 0.862490
vt -0.238841 0.812273
vt -0.214550 0.861925
vt -0.263081 0.824603
vt -0.241547 0.884859
vt -0.268747 0.791159
vt -0.215331 0.893679
vt -0.281522 0.811434
vt -0.243617 0.932887
vt -0.263266 0.915465
vt -0.320593 0.935253
vt -0.298445 0.948995
vt -0.317923 0.976791
vt -0.344227 0.970975
vt -0.320603 1.015950
vt -0.346531 1.022930
vt -0.301149 0.791050
vt -0.321945 0.811834
vt -0.320554 0.774783
vt -0.347991 0.805455
vt -0.326694 0.848091
vt -0.352413 0.854878
vt 0.097639 0.578066
vt 0.099557 0.619461
vt 0.078697 0.601346
vt 0.123659 0.584207
vt 0.121887 0.539793
vt 0.095390 0.545413
vt 0.094397 0.500546
vt 0.078249 0.515858
vt -0.021123 1.389500
vt -0.227166 1.389500
vt -0.124145 1.389500
vt -0.348627 0.619461
vt -0.346710 0.578066
vt -0.327767 0.601346
vt -0.372730 0.584207
vt -0.370958 0.539793
vt -0.344461 0.545413
vt -0.343467 0.500546
vt -0.327319 0.515858
vt -0.093178 1.607700
vt 0.081465 0.350201
vt -0.124145 0.350201
vt -0.329754 0.350201
s 1
usemtl Meshpart1Mtl.002
f 1/1/1 2/2/1 3/3/2
f 4/4/3 2/2/1 1/1/1
f 5/3/4 6/2/5 7/5/6
f 7/5/6 6/2/5 8/6/7
f 9/7/8 10/2/9 11/4/10
f 12/8/11 10/2/9 9/7/8
f 13/9/12 14/2/13 15/8/14
f 16/6/15 14/2/13 13/9/12
f 17/3/16 18/1/17 19/10/17
f 18/1/17 20/4/18 19/10/17
f 21/6/19 22/5/20 23/10/20
f 22/5/20 24/3/21 23/10/20
f 25/4/22 26/7/23 27/10/23
f 26/7/23 28/8/24 27/10/23
f 29/9/25 30/6/26 31/10/25
f 32/8/27 29/9/25 31/10/25
f 33/11/28 34/12/28 35/13/29
f 36/4/30 34/12/28 33/11/28
f 37/13/31 38/12/32 39/14/32
f 39/14/32 38/12/32 40/6/33
f 41/15/34 42/12/35 43/4/36
f 44/16/37 42/12/35 41/15/34
f 45/9/38 46/12/39 47/16/40
f 48/6/41 46/12/39 45/9/38
f 49/13/42 50/11/43 51/17/43
f 50/11/43 52/4/44 51/17/43
f 53/6/45 54/14/46 55/17/46
f 54/14/46 56/13/47 55/17/46
f 57/4/48 58/15/49 59/17/49
f 58/15/49 60/16/50 59/17/49
f 61/9/51 62/6/52 63/17/51
f 64/16/53 61/9/51 63/17/51
f 65/14/54 66/3/55 67/2/56
f 68/18/57 65/14/54 67/2/56
f 69/3/58 70/11/59 71/2/60
f 70/11/59 72/19/61 71/2/60
f 73/9/62 74/18/63 75/2/64
f 76/8/65 73/9/62 75/2/64
f 77/7/66 78/8/67 79/2/68
f 80/19/69 77/7/66 79/2/68
f 81/3/70 82/10/71 83/14/71
f 83/14/71 82/10/71 84/18/72
f 85/19/73 86/10/74 87/11/74
f 87/11/74 86/10/74 88/3/75
f 89/18/76 90/10/77 91/9/77
f 91/9/77 90/10/77 92/8/78
f 93/7/79 94/10/79 95/19/80
f 96/8/81 94/10/79 93/7/79
f 97/14/82 98/3/83 99/2/84
f 100/6/85 97/14/82 99/2/84
f 101/3/86 102/11/87 103/2/87
f 102/11/87 104/4/88 103/2/87
f 105/9/89 106/6/90 107/2/91
f 108/8/92 105/9/89 107/2/91
f 109/15/93 110/8/94 111/2/95
f 112/4/96 109/15/93 111/2/95
f 113/3/97 114/10/98 115/14/98
f 115/14/98 114/10/98 116/6/99
f 117/4/100 118/10/101 119/11/101
f 119/11/101 118/10/101 120/3/102
f 121/6/103 122/10/104 123/9/104
f 123/9/104 122/10/104 124/8/105
f 125/15/106 126/10/106 127/4/107
f 128/8/108 126/10/106 125/15/106
usemtl Meshpart2Mtl.002
f 129/20/109 130/21/110 131/22/110
f 130/21/110 129/20/109 132/23/109
f 129/20/109 133/24/111 132/23/109
f 133/24/111 129/20/109 134/25/111
f 135/26/112 136/27/112 137/28/112
f 136/27/112 135/26/112 138/29/112
f 141/20/113 139/22/114 140/30/114
f 140/30/114 142/31/113 141/20/113
f 143/25/115 141/20/113 142/31/113
f 142/31/113 144/32/115 143/25/115
f 147/33/113 145/34/114 146/35/114
f 148/36/113 147/33/113 146/35/114
f 149/37/115 147/33/113 148/36/113
f 150/38/115 149/37/115 148/36/113
f 153/39/113 151/40/115 152/41/115
f 152/41/115 154/42/113 153/39/113
f 155/43/114 153/39/113 154/42/113
f 154/42/113 156/44/114 155/43/114
f 160/45/113 157/46/114 158/47/114
f 162/48/113 160/45/113 158/47/114
f 159/49/115 161/50/115 162/48/113
f 161/50/115 160/45/113 162/48/113
f 163/51/116 165/52/117 164/53/116
f 166/54/117 164/53/116 165/52/117
f 167/55/118 168/56/118 169/57/118
f 167/55/118 169/57/118 170/58/118
f 173/59/119 172/60/120 171/61/120
f 173/59/119 171/61/120 174/62/119
f 175/63/121 173/59/119 174/62/119
f 173/59/119 175/63/121 176/64/121
f 177/65/122 178/66/122 179/67/122
f 178/66/122 177/65/122 180/68/122
f 180/68/122 177/65/122 181/69/122
f 181/69/122 182/70/122 180/68/122
f 183/71/122 180/68/122 182/70/122
f 184/72/122 183/71/122 182/70/122
f 183/71/122 184/72/122 185/73/122
f 186/74/123 187/75/122 188/59/122
f 187/75/122 189/60/114 188/59/122
f 186/74/123 188/59/122 190/64/123
f 187/75/122 191/76/114 189/60/114
f 192/77/123 193/78/122 194/79/122
f 193/78/122 195/80/114 194/79/122
f 192/77/123 194/79/122 196/81/123
f 193/78/122 197/82/114 195/80/114
f 200/83/122 198/84/114 199/85/114
f 200/83/122 199/85/114 202/86/122
f 203/87/123 200/83/122 202/86/122
f 203/87/123 202/86/122 201/88/123
f 205/89/123 206/90/122 204/91/123
f 205/89/123 207/92/122 206/90/122
f 207/92/122 208/93/114 206/90/122
f 207/92/122 209/94/114 208/93/114
f 210/95/124 211/96/125 212/97/125
f 211/96/125 210/95/124 213/98/126
f 214/99/127 213/98/126 210/95/124
f 213/98/126 214/99/127 215/100/127
f 218/101/128 217/25/129 216/24/129
f 216/24/129 219/102/128 218/101/128
f 220/21/130 218/101/128 219/102/128
f 218/101/128 220/21/130 221/22/131
f 223/25/123 224/103/132 222/32/123
f 224/103/132 223/25/123 225/101/132
f 225/101/132 226/30/133 224/103/132
f 226/30/133 225/101/132 227/22/133
f 229/37/123 230/104/132 228/38/123
f 230/104/132 229/37/123 231/105/132
f 231/105/132 232/35/133 230/104/132
f 232/35/133 231/105/132 233/34/133
f 235/43/133 236/106/132 234/44/133
f 236/106/132 235/43/133 237/107/132
f 237/107/132 238/41/123 236/106/132
f 238/41/123 237/107/132 239/40/123
f 240/108/132 241/50/123 242/109/132
f 241/50/123 240/108/132 243/49/123
f 242/109/132 244/47/133 240/108/132
f 244/47/133 242/109/132 245/46/133
f 246/110/134 247/111/134 248/112/134
f 248/112/134 247/111/134 249/113/134
f 250/114/135 251/115/135 252/116/135
f 250/114/135 252/116/135 253/117/135
f 254/118/136 255/114/137 256/117/137
f 254/118/136 256/117/137 257/119/138
f 257/119/138 258/120/139 254/118/136
f 259/121/139 254/118/136 258/120/139
f 262/122/140 260/123/141 261/124/141
f 260/123/141 262/122/140 263/125/142
f 264/126/143 263/125/142 262/122/140
f 262/122/140 265/127/143 264/126/143
f 266/128/144 267/129/144 268/130/144
f 267/129/144 269/131/144 268/130/144
f 266/128/144 270/132/144 267/129/144
f 270/132/144 266/128/144 271/133/144
f 269/131/144 267/129/144 272/134/144
f 273/135/144 269/131/144 272/134/144
f 272/134/144 274/136/144 273/135/144
f 277/127/133 279/137/144 275/138/133
f 278/139/115 280/122/144 276/124/115
f 277/127/133 280/122/144 279/137/144
f 280/122/144 278/139/115 279/137/144
f 283/140/133 285/141/144 281/142/133
f 282/143/115 284/144/115 286/145/144
f 286/145/144 285/141/144 283/140/133
f 286/145/144 284/144/115 285/141/144
f 287/146/115 288/147/144 289/148/115
f 288/147/144 287/146/115 290/149/144
f 291/150/133 288/147/144 290/149/144
f 291/150/133 290/149/144 292/151/133
f 294/152/133 295/153/144 293/154/133
f 296/155/144 295/153/144 294/152/133
f 296/155/144 297/156/145 295/153/144
f 297/156/145 296/155/144 298/157/115
usemtl Meshpart3Mtl.002
f 299/158/146 300/159/146 301/160/146
f 302/161/147 303/158/147 304/160/147
f 305/162/148 306/161/148 307/160/148
f 308/159/149 309/162/149 310/160/149
f 311/163/150 312/164/150 313/165/150
f 314/166/151 315/163/151 316/165/151
f 317/167/152 318/166/152 319/165/152
f 320/164/153 321/167/153 322/165/153
f 323/168/154 324/169/154 325/170/154
f 326/171/155 327/168/155 328/170/155
f 329/172/156 330/171/156 331/170/156
f 332/169/157 333/172/157 334/170/157
f 335/173/158 336/174/158 337/175/158
f 338/176/159 339/173/159 340/175/159
f 341/177/160 342/176/160 343/175/160
f 344/174/161 345/177/161 346/175/161
usemtl Meshpart4Mtl.002
f 347/178/162 348/179/163 349/180/163
f 350/181/164 349/180/163 348/179/163
f 349/180/163 351/182/165 347/178/162
f 349/180/163 350/181/164 352/183/166
f 354/184/167 353/185/167 355/186/168
f 355/186/168 353/185/167 356/187/168
f 355/186/168 356/187/168 357/188/169
f 357/188/169 356/187/168 358/189/169
f 361/190/113 359/191/170 360/192/171
f 361/190/113 362/193/172 359/191/170
f 361/190/113 363/194/173 364/195/174
f 361/190/113 365/196/175 363/194/173
f 365/196/175 361/190/113 366/197/176
f 360/192/171 366/197/176 361/190/113
f 364/195/174 367/198/177 361/190/113
f 362/193/172 361/190/113 367/198/177
f 369/199/178 370/200/179 368/201/180
f 370/200/179 369/199/178 371/202/181
f 372/203/182 373/204/183 374/205/184
f 373/204/183 375/206/184 374/205/184
f 376/207/185 373/204/183 372/203/182
f 373/204/183 376/207/185 377/208/185
f 380/209/113 379/210/186 378/211/186
f 379/210/186 380/209/113 381/212/113
f 382/213/187 381/212/113 380/209/113
f 381/212/113 382/213/187 383/214/187
f 384/215/188 385/216/189 386/217/190
f 386/217/190 387/218/188 384/215/188
f 388/205/191 386/217/190 385/216/189
f 386/217/190 388/205/191 389/206/191
f 390/219/192 392/220/193 391/221/194
f 392/220/193 393/222/195 391/221/194
f 392/220/193 394/223/196 393/222/195
f 394/223/196 392/220/193 395/224/197
f 395/224/197 396/225/198 394/223/196
f 396/225/198 395/224/197 397/226/199
f 397/226/199 398/227/200 396/225/198
f 398/227/200 397/226/199 399/228/201
f 399/228/201 400/229/202 398/227/200
f 400/229/202 399/228/201 401/230/203
f 404/231/204 402/232/205 403/233/206
f 405/234/207 407/235/208 406/236/209
f 407/235/208 405/234/207 408/237/208
f 409/238/210 407/235/208 408/237/208
f 407/235/208 409/238/210 410/239/211
f 413/240/212 411/241/213 412/242/214
f 412/242/214 414/243/215 413/240/212
f 415/244/216 413/240/212 414/243/215
f 413/240/212 415/244/216 416/245/217
f 417/246/218 416/245/217 415/244/216
f 416/245/217 417/246/218 418/247/219
f 419/248/220 418/247/219 417/246/218
f 418/247/219 419/248/220 420/249/221
f 421/250/222 420/249/221 419/248/220
f 420/249/221 421/250/222 422/251/223
f 423/252/224 425/253/225 424/254/226
f 426/255/227 427/256/228 428/207/229
f 429/203/230 426/255/227 428/207/229
f 427/256/228 426/255/227 430/257/231
f 426/255/227 429/203/230 431/258/232
f 432/259/233 427/256/228 430/257/231
f 433/260/234 431/258/232 429/203/230
f 427/256/228 432/259/233 434/261/233
f 429/203/230 435/205/234 433/260/234
f 436/262/235 434/261/233 432/259/233
f 437/216/236 433/260/234 435/205/234
f 432/259/233 438/263/237 436/262/235
f 433/260/234 437/216/236 439/264/238
f 440/265/239 436/262/235 438/263/237
f 440/265/239 439/264/238 437/216/236
f 436/262/235 440/265/239 441/215/239
f 437/216/236 441/215/239 440/265/239
f 444/266/240 443/267/241 442/268/242
f 442/268/242 445/269/243 444/266/240
f 446/270/244 444/266/240 445/269/243
f 444/266/240 446/270/244 447/271/245
f 448/272/246 449/273/247 450/274/248
f 449/273/247 448/272/246 451/275/249
f 449/273/247 452/276/250 450/274/248
f 453/277/251 451/275/249 448/272/246
f 450/274/248 452/276/250 454/278/252
f 451/275/249 453/277/251 455/279/253
f 456/280/254 455/279/253 453/277/251
f 455/279/253 456/280/254 457/281/255
f 459/282/256 460/283/257 458/284/258
f 460/283/257 459/282/256 461/285/259
f 461/285/259 462/286/260 460/283/257
f 462/286/260 461/285/259 463/287/261
f 462/286/260 463/287/261 464/288/262
f 466/289/263 467/290/264 465/291/265
f 467/290/264 466/289/263 468/292/266
f 468/292/266 469/293/267 467/290/264
f 469/293/267 468/292/266 470/294/268
f 471/295/269 472/296/270 473/297/271
f 473/297/271 472/296/270 474/298/272
f 471/295/269 475/299/273 472/296/270
f 479/300/274 472/296/270 475/299/273
f 479/300/274 480/301/275 481/302/276
f 472/296/270 479/300/274 482/303/277
f 479/300/274 481/302/276 482/303/277
f 482/303/277 474/298/272 472/296/270
f 474/298/272 482/303/277 483/304/278
f 486/305/279 487/306/280 484/307/281
f 487/306/280 488/308/282 484/307/281
f 478/309/283 474/298/272 489/310/284
f 474/298/272 485/311/285 489/310/284
f 485/311/285 474/298/272 483/304/278
f 490/312/286 485/311/285 483/304/278
f 485/311/285 490/312/286 486/305/279
f 482/303/277 490/312/286 483/304/278
f 487/306/280 486/305/279 490/312/286
f 482/303/277 481/302/276 490/312/286
f 487/306/280 490/312/286 481/302/276
f 491/313/287 492/314/288 493/315/289
f 492/314/288 491/313/287 494/316/290
f 493/315/289 495/317/291 491/313/287
f 494/316/290 496/318/292 492/314/288
f 495/317/291 493/315/289 497/319/293
f 496/318/292 494/316/290 498/320/294
f 498/320/294 499/321/295 496/318/292
f 499/321/295 498/320/294 500/322/296
f 503/323/297 502/324/298 501/325/299
f 502/324/298 503/323/297 504/326/300
f 505/327/301 504/326/300 503/323/297
f 504/326/300 505/327/301 506/328/302
f 505/327/301 507/329/303 506/328/302
f 510/330/304 509/331/305 508/332/306
f 509/331/305 510/330/304 511/333/307
f 510/330/304 512/334/308 511/333/307
f 512/334/308 510/330/304 513/335/309
f 513/335/309 514/336/310 512/334/308
f 514/336/310 513/335/309 515/232/311
f 516/207/312 517/337/313 518/208/312
f 517/337/313 516/207/312 519/256/314
f 520/261/315 517/337/313 519/256/314
f 517/337/313 520/261/315 521/338/315
f 524/339/316 523/340/317 522/341/318
f 523/340/317 524/339/316 525/342/319
f 526/343/320 525/342/319 524/339/316
f 525/342/319 526/343/320 527/344/321
f 528/345/322 529/338/323 530/261/323
f 528/345/322 530/261/323 531/262/324
f 532/215/325 528/345/322 531/262/324
f 528/345/322 532/215/325 533/218/325
f 535/346/326 534/347/327 536/348/328
f 537/349/329 535/346/326 538/350/330
f 535/346/326 536/348/328 538/350/330
f 538/350/330 539/351/331 537/349/329
f 539/351/331 538/350/330 540/352/332
f 538/350/330 536/348/328 541/353/333
f 538/350/330 541/353/333 540/352/332
f 371/202/181 541/353/333 370/200/179
f 541/353/333 371/202/181 540/352/332
f 371/202/181 539/351/331 540/352/332
f 539/351/331 371/202/181 542/354/334
f 369/199/178 542/354/334 371/202/181
f 542/354/334 369/199/178 543/355/335
f 545/356/336 546/357/337 544/358/338
f 546/357/337 545/356/336 547/359/339
f 548/360/340 546/357/337 547/359/339
f 546/357/337 548/360/340 549/361/341
f 550/362/342 549/361/341 548/360/340
f 549/361/341 550/362/342 551/252/343
f 554/363/113 553/364/344 552/365/344
f 552/365/344 555/366/113 554/363/113
f 556/367/345 554/363/113 555/366/113
f 555/366/113 557/368/345 556/367/345
f 560/369/113 558/370/345 559/371/345
f 559/371/345 561/372/113 560/369/113
f 562/373/344 560/369/113 561/372/113
f 561/372/113 563/374/344 562/373/344
f 567/375/113 564/376/344 565/267/344
f 565/267/344 569/266/113 567/375/113
f 568/377/345 567/375/113 569/266/113
f 569/266/113 566/271/345 568/377/345
f 570/378/346 572/379/347 571/380/346
f 573/381/347 572/379/347 570/378/346
f 575/382/348 576/383/349 574/384/350
f 576/383/349 575/382/348 577/385/351
f 576/383/349 577/385/351 578/386/352
f 579/387/353 576/383/349 578/386/352
f 578/386/352 580/388/354 579/387/353
f 580/388/354 578/386/352 581/389/355
f 582/390/122 583/391/356 585/392/357
f 586/393/358 584/394/359 582/390/122
f 589/395/360 588/396/361 587/397/362
f 588/396/361 589/395/360 590/398/363
f 591/399/364 590/398/363 589/395/360
f 591/399/364 589/395/360 592/400/365
f 593/401/366 591/399/364 592/400/365
f 591/399/364 593/401/366 594/402/367
f 597/403/368 596/404/369 595/405/370
f 597/403/368 598/406/371 596/404/369
f 599/407/372 598/406/371 597/403/368
f 598/406/371 599/407/372 600/408/373
f 600/408/373 599/407/372 601/409/374
f 602/410/375 603/411/376 604/412/377
f 603/411/376 605/413/378 604/412/377
f 602/410/375 604/412/377 606/414/379
f 605/413/378 603/411/376 607/415/380
f 606/414/379 608/416/381 602/410/375
f 607/415/380 609/417/382 605/413/378
f 608/416/381 606/414/379 610/418/383
f 609/417/382 607/415/380 611/419/384
f 614/420/385 613/421/386 612/422/387
f 613/421/386 614/420/385 615/423/388
f 616/424/389 615/423/388 614/420/385
f 615/423/388 616/424/389 617/425/390
f 617/425/390 616/424/389 618/329/391
f 619/390/144 620/426/392 621/427/393
f 622/428/394 623/429/395 619/390/144
f 624/430/396 625/431/397 626/432/398
f 627/433/399 626/432/398 625/431/397
f 625/431/397 624/430/396 628/434/400
f 626/432/398 627/433/399 629/435/401
f 630/436/402 628/434/400 624/430/396
f 631/437/403 629/435/401 627/433/399
f 628/434/400 630/436/402 632/438/404
f 629/435/401 631/437/403 633/439/405
f 634/440/406 635/441/407 636/442/408
f 635/441/407 637/443/409 636/442/408
f 637/443/409 638/444/410 636/442/408
f 639/445/411 638/444/410 637/443/409
f 639/445/411 640/288/412 638/444/410
f 645/375/413 641/446/414 643/376/415
f 645/375/413 644/377/416 642/447/417
f 641/446/414 645/375/413 646/448/418
f 642/447/417 646/448/418 645/375/413
f 647/449/419 648/450/420 649/451/421
f 648/450/420 650/452/422 649/451/421
f 650/452/422 651/453/423 649/451/421
f 652/454/424 651/453/423 650/452/422
f 652/454/424 653/455/425 651/453/423
f 654/456/426 656/457/427 655/458/428
f 480/301/275 655/458/428 656/457/427
f 656/457/427 654/456/426 657/459/429
f 656/457/427 481/302/276 480/301/275
f 658/460/430 657/459/429 654/456/426
f 657/459/429 658/460/430 660/461/431
f 661/462/432 660/461/431 658/460/430
f 661/462/432 658/460/430 659/463/433
f 657/459/429 660/461/431 662/464/434
f 661/462/432 662/464/434 660/461/431
f 657/459/429 487/306/280 656/457/427
f 481/302/276 656/457/427 487/306/280
f 657/459/429 662/464/434 663/465/435
f 487/306/280 657/459/429 663/465/435
f 471/295/269 661/462/432 659/463/433
f 661/462/432 471/295/269 473/297/271
f 488/308/282 487/306/280 663/465/435
f 662/464/434 488/308/282 663/465/435
f 662/464/434 661/462/432 664/466/436
f 473/297/271 664/466/436 661/462/432
f 488/308/282 662/464/434 477/467/437
f 664/466/436 473/297/271 665/468/438
f 476/469/439 662/464/434 664/466/436
f 476/469/439 477/467/437 662/464/434
f 664/466/436 665/468/438 478/309/283
f 664/466/436 478/309/283 476/469/439
f 473/297/271 474/298/272 665/468/438
f 474/298/272 478/309/283 665/468/438
f 666/470/440 667/471/441 668/472/442
f 666/470/440 669/473/443 667/471/441
f 669/473/443 666/470/440 670/474/444
f 671/475/445 669/473/443 670/474/444
f 671/475/445 672/476/446 669/473/443
f 671/475/445 673/477/447 672/476/446
f 674/478/448 672/476/446 673/477/447
f 673/477/447 675/479/449 674/478/448
f 676/480/450 674/478/448 675/479/449
f 676/480/450 675/479/449 677/481/451
f 677/481/451 678/482/452 676/480/450
f 680/483/453 679/362/454 681/484/455
f 680/483/453 681/484/455 682/485/456
f 683/486/457 684/487/458 685/488/459
f 686/489/460 683/486/457 685/488/459
f 683/486/457 686/489/460 687/490/461
f 686/489/460 688/491/462 687/490/461
f 686/489/460 689/492/463 688/491/462
f 689/492/463 690/493/464 688/491/462
f 689/492/463 691/494/465 690/493/464
f 692/495/466 690/493/464 691/494/465
f 692/495/466 691/494/465 693/496/467
f 692/495/466 693/496/467 694/497/468
f 693/496/467 695/498/469 694/497/468
f 696/336/470 697/499/471 698/500/472
f 697/499/471 699/501/473 698/500/472
f 702/235/474 701/239/475 700/502/476
f 702/235/474 700/502/476 703/503/477
f 704/504/478 702/235/474 703/503/477
f 702/235/474 704/504/478 705/236/479
f 535/346/326 537/349/329 706/505/480
f 708/187/481 709/506/482 707/186/481
f 710/507/483 707/186/481 709/506/482
f 709/506/482 711/379/484 710/507/483
f 712/381/484 710/507/483 711/379/484
f 715/508/113 714/509/186 713/510/186
f 714/509/186 715/508/113 716/511/113
f 717/512/187 716/511/113 715/508/113
f 716/511/113 717/512/187 718/513/187
f 719/514/485 720/515/485 721/516/113
f 721/516/113 722/517/113 719/514/485
f 722/517/113 721/516/113 723/518/486
f 723/518/486 724/519/486 722/517/113
f 727/180/487 725/520/488 726/182/489
f 725/520/488 727/180/487 728/521/490
f 729/522/491 728/521/490 727/180/487
f 727/180/487 730/183/492 729/522/491
f 731/523/493 732/524/493 733/525/493
f 731/523/493 733/525/493 734/526/493
f 731/523/493 734/526/493 735/527/494
f 735/527/494 734/526/493 736/528/494
f 735/527/494 736/528/494 737/529/167
f 737/529/167 738/530/167 735/527/494
f 742/531/495 739/532/496 740/533/497
f 742/531/495 743/534/498 739/532/496
f 743/534/498 741/535/499 739/532/496
f 742/531/495 740/533/497 744/536/500
f 741/535/499 743/534/498 745/537/501
f 743/534/498 746/538/502 745/537/501
f 747/539/170 742/531/495 744/536/500
f 742/531/495 747/539/170 748/540/503
f 742/531/495 748/540/503 749/541/504
f 750/542/505 749/541/504 748/540/503
f 749/541/504 750/542/505 751/543/506
f 749/541/504 751/543/506 752/544/507
f 752/544/508 753/545/509 755/546/510
f 754/547/511 755/546/510 753/545/509
f 757/548/512 754/547/511 756/549/513
f 746/538/502 757/548/512 756/549/513
f 755/546/510 754/547/511 758/550/514
f 754/547/511 757/548/512 758/550/514
f 755/546/510 758/550/514 759/551/515
f 757/548/512 759/551/515 758/550/514
f 759/551/515 760/552/516 755/546/510
f 757/548/512 746/538/502 761/553/517
f 759/551/515 757/548/512 762/554/518
f 762/554/518 763/555/519 759/551/515
f 760/552/516 759/551/515 763/555/519
f 755/546/510 764/556/520 752/544/508
f 763/555/519 765/557/521 760/552/516
f 766/558/522 767/559/493 768/560/493
f 769/561/186 768/560/493 767/559/493
f 767/559/493 766/558/522 770/562/522
f 768/560/493 769/561/186 771/563/186
f 773/564/523 774/565/524 772/566/525
f 775/567/526 774/565/527 776/568/528
f 777/569/493 778/570/493 779/571/493
f 779/571/493 778/570/493 780/572/493
f 778/570/493 777/569/493 781/573/493
f 779/571/493 782/574/493 777/569/493
f 777/569/493 782/574/493 783/575/493
f 782/574/493 779/571/493 784/576/493
f 785/577/529 787/578/530 786/579/531
f 788/580/532 789/581/533 787/578/534
f 791/582/535 790/583/536 792/584/537
f 793/585/538 794/586/539 792/584/540
f 795/587/250 797/588/541 796/589/252
f 797/588/541 795/587/250 798/590/542
f 801/591/543 799/592/544 800/593/545
f 802/594/546 801/591/547 803/595/548
f 805/596/549 806/597/550 804/598/551
f 806/597/550 805/596/549 807/599/552
f 808/600/267 809/601/553 810/602/554
f 812/603/439 813/604/359 814/605/555
f 816/606/556 811/607/273 815/608/557
f 815/608/557 818/609/493 816/606/556
f 818/609/493 815/608/557 817/610/558
f 811/607/273 816/606/556 819/611/559
f 816/606/556 820/612/560 819/611/559
f 821/613/561 818/609/493 817/610/558
f 818/609/493 821/613/561 822/614/562
f 823/615/563 822/614/562 821/613/561
f 822/614/562 823/615/563 824/616/564
f 825/617/565 822/614/562 824/616/564
f 814/605/555 827/618/566 828/619/567
f 827/618/566 814/605/555 829/620/568
f 813/604/359 829/620/568 814/605/555
f 829/620/568 830/621/569 827/618/566
f 830/621/569 826/622/570 827/618/566
f 813/604/359 830/621/569 829/620/568
f 830/621/569 813/604/359 831/623/571
f 834/624/572 832/625/573 833/626/293
f 832/625/573 834/624/572 835/627/574
f 838/628/575 837/629/576 836/630/577
f 837/629/576 838/628/575 839/631/578
f 840/632/579 842/633/580 841/634/581
f 843/635/582 844/636/583 845/637/584
f 846/638/585 845/637/584 844/636/583
f 843/635/582 845/637/584 847/639/582
f 845/637/584 846/638/585 848/640/586
f 847/639/582 849/641/587 843/635/582
f 850/642/588 848/640/586 846/638/585
f 849/641/587 847/639/582 851/643/589
f 848/640/586 850/642/588 852/644/590
f 853/645/591 849/641/587 851/643/589
f 850/642/588 854/646/592 852/644/590
f 853/645/591 851/643/589 855/647/593
f 850/642/588 856/648/594 854/646/592
f 857/649/595 853/645/591 855/647/593
f 857/649/595 854/646/592 856/648/594
f 857/649/595 855/647/593 858/650/596
f 854/646/592 857/649/595 858/650/596
f 861/651/597 859/652/598 860/653/599
f 859/652/598 861/651/597 862/654/600
f 865/655/601 863/656/602 864/657/603
f 863/656/602 865/655/601 866/658/604
f 869/659/605 868/660/606 867/661/607
f 868/660/606 869/659/605 870/662/608
f 871/663/609 873/664/610 872/665/611
f 876/666/612 875/667/613 874/668/614
f 874/668/614 877/669/615 876/666/612
f 763/555/519 762/554/518 878/670/616
f 746/538/502 743/534/498 879/671/617
f 881/672/618 879/671/617 743/534/498
f 879/671/617 881/672/618 880/673/619
f 743/534/498 742/531/495 881/672/618
f 749/541/504 881/672/618 742/531/495
f 882/674/620 880/673/619 881/672/618
f 881/672/618 749/541/504 882/674/620
f 749/541/504 752/544/507 882/674/620
f 884/675/621 885/676/622 883/677/623
f 885/676/622 884/675/621 886/678/624
f 887/679/625 888/680/626 889/681/627
f 890/682/628 892/683/629 891/684/630
f 892/683/629 890/682/628 893/685/631
f 894/686/632 896/687/633 895/688/634
f 896/687/633 894/686/632 897/689/635
f 898/690/636 899/691/637 900/692/638
f 901/693/639 898/690/636 900/692/638
f 902/694/640 903/695/641 904/696/642
f 903/695/641 905/697/643 904/696/642
f 903/695/641 902/694/640 906/698/644
f 905/697/643 903/695/641 907/699/645
f 908/700/646 906/698/644 902/694/640
f 909/701/647 905/697/643 907/699/645
f 902/694/640 910/702/646 908/700/646
f 905/697/643 909/701/647 911/703/647
f 912/704/648 908/700/646 910/702/646
f 913/705/649 911/703/647 909/701/647
f 908/700/646 912/704/648 914/706/650
f 913/705/649 909/701/647 915/707/651
f 916/708/652 914/706/650 912/704/648
f 916/708/652 913/705/649 915/707/651
f 914/706/650 916/708/652 917/709/652
f 915/707/651 917/709/652 916/708/652
f 919/710/653 920/711/654 918/593/655
f 918/593/655 920/711/654 921/591/656
f 924/712/657 923/713/658 922/579/659
f 924/712/657 922/579/659 925/578/660
f 926/714/661 928/715/662 927/716/663
f 930/717/664 929/718/665 926/714/666
f 931/719/667 933/720/668 932/721/669
f 935/722/670 934/723/358 931/719/667
f 936/582/671 938/724/672 937/725/673
f 936/582/671 939/584/674 938/724/672
f 942/683/370 940/726/675 941/684/676
f 942/683/370 943/727/677 940/726/675
f 946/676/678 944/728/679 945/677/680
f 947/729/681 944/728/679 946/676/678
f 949/680/682 948/730/683 950/681/684
f 951/731/685 953/624/686 952/626/687
f 953/624/686 951/731/685 954/732/688
f 956/733/689 957/734/690 955/564/691
f 958/565/692 955/564/691 957/734/690
f 959/719/693 960/735/393 962/736/694
f 963/737/695 961/738/696 959/719/697
f 966/628/698 965/630/699 964/739/700
f 964/739/700 967/740/701 966/628/698
f 969/634/702 970/633/703 968/741/704
f 971/714/705 972/742/706 974/743/707
f 975/744/708 973/745/709 971/714/710
f 977/657/711 976/746/712 978/655/419
f 976/746/712 979/747/713 978/655/419
f 982/659/714 981/661/715 980/748/716
f 982/659/714 980/748/716 983/749/717
f 985/665/718 986/664/719 984/750/720
f 822/614/562 825/617/565 987/751/721
f 818/609/493 987/751/721 988/752/722
f 987/751/721 818/609/493 822/614/562
f 989/753/723 818/609/493 988/752/722
f 816/606/556 989/753/723 820/612/560
f 818/609/493 989/753/723 816/606/556
f 992/588/724 990/754/725 991/589/726
f 993/755/727 990/754/725 992/588/724
f 994/690/728 996/756/729 995/757/730
f 996/756/729 994/690/728 997/693/731
f 999/598/732 1000/597/733 998/758/734
f 1001/759/735 998/758/734 1000/597/733
f 1003/601/736 1002/760/737 1004/602/738
f 1007/761/739 1005/668/468 1006/762/469
f 1005/668/468 1007/761/739 1008/669/740
f 1011/763/741 1009/686/742 1010/764/743
f 1009/686/742 1011/763/741 1012/689/744
f 1013/652/745 1015/765/746 1014/766/747
f 1015/765/746 1013/652/745 1016/654/748
f 1017/767/522 1018/768/568 1019/769/568
f 1020/770/186 1019/769/568 1018/768/568
f 1018/768/568 1017/767/522 1021/771/522
f 1019/769/568 1020/770/186 1022/772/186
f 1024/773/486 1023/774/486 1025/775/749
f 1025/775/749 1026/776/749 1024/773/486
f 1029/777/750 1027/778/751 1028/779/752
f 1027/778/751 1029/777/750 1030/780/753
f 1031/781/754 1030/780/753 1029/777/750
f 1029/777/750 1032/782/755 1031/781/754
f 1033/783/756 1035/784/757 1034/785/758
f 1035/784/757 1033/783/756 1036/786/759
f 1037/787/170 1034/785/758 1035/784/757
f 1036/786/759 1038/788/760 1035/784/757
f 1035/784/757 1039/789/761 1037/787/170
f 1039/789/761 1035/784/757 1038/788/760
f 1040/790/762 1041/791/763 1036/786/759
f 1038/788/760 1036/786/759 1041/791/763
f 1041/791/763 1040/790/762 1042/792/764
f 1041/791/763 1042/792/764 1043/793/765
f 1038/788/760 1041/791/763 1044/794/766
f 1041/791/763 1043/793/765 1044/794/766
f 1038/788/760 1044/794/766 1045/795/767
f 1049/796/768 1050/797/769 1051/798/769
f 1049/796/768 1051/798/769 1052/799/770
f 1053/800/771 1049/796/768 1052/799/770
f 1049/796/768 1053/800/771 1054/801/771
f 1056/802/772 1055/803/773 1057/804/774
f 1058/805/775 1056/802/772 1057/804/774
f 1057/804/774 1059/806/776 1058/805/775
f 1059/806/776 1057/804/774 1060/807/777
f 1060/807/777 1061/808/778 1059/806/776
f 1061/808/778 1060/807/777 1062/809/779
f 1063/800/780 1064/810/781 1065/811/782
f 1065/811/782 1066/801/780 1063/800/780
f 1067/812/783 1065/811/782 1064/810/781
f 1065/811/782 1067/812/783 1068/813/783
f 1073/814/784 1071/815/785 1069/816/786
f 1073/814/784 1070/817/787 1072/818/788
f 1073/814/784 1069/816/786 1074/819/789
f 1070/817/787 1073/814/784 1074/819/789
f 1075/820/790 1076/821/791 1077/822/792
f 1078/823/793 1077/822/792 1076/821/791
f 1077/822/792 1079/812/794 1075/820/790
f 1077/822/792 1078/823/793 1080/824/793
f 1081/810/795 1075/820/790 1079/812/794
f 1082/825/796 1080/824/793 1078/823/793
f 1075/820/790 1081/810/795 1083/826/797
f 1082/825/796 1078/823/793 1084/827/798
f 1085/828/799 1083/826/797 1081/810/795
f 1086/829/800 1082/825/796 1084/827/798
f 1081/810/795 1087/800/799 1085/828/799
f 1082/825/796 1086/829/800 1088/798/801
f 1089/799/802 1085/828/799 1087/800/799
f 1089/799/802 1088/798/801 1086/829/800
f 1085/828/799 1089/799/802 1090/830/803
f 1089/799/802 1086/829/800 1090/830/803
f 1091/831/804 1092/832/805 1093/833/806
f 1094/834/807 1093/833/806 1092/832/805
f 1093/833/806 1095/835/808 1091/831/804
f 1093/833/806 1094/834/807 1096/836/241
f 1098/837/809 1099/838/810 1097/839/811
f 1100/840/812 1099/838/810 1098/837/809
f 1101/841/813 1099/838/810 1100/840/812
f 1099/838/810 1101/841/813 1102/842/814
f 1103/843/815 1102/842/814 1101/841/813
f 1102/842/814 1103/843/815 1104/844/535
f 1106/845/542 1107/846/816 1105/847/817
f 1107/846/816 1106/845/542 1108/848/818
f 1108/848/818 1109/849/819 1107/846/816
f 1109/849/819 1108/848/818 1110/850/820
f 1109/849/819 1110/850/820 1111/851/821
f 1112/852/822 1113/853/823 1114/854/824
f 1113/853/823 1112/852/822 1115/855/825
f 1113/853/823 1116/856/826 1114/854/824
f 1112/852/822 1117/857/827 1115/855/825
f 1114/854/824 1116/856/826 1118/858/828
f 1115/855/825 1117/857/827 1119/859/829
f 1117/857/827 1120/860/830 1119/859/829
f 1120/860/830 1117/857/827 1121/861/831
f 1123/862/832 1124/863/833 1122/864/834
f 1124/863/833 1123/862/832 1125/865/835
f 1125/865/835 1126/866/836 1124/863/833
f 1126/866/836 1125/865/835 1127/867/837
f 1126/866/836 1127/867/837 1128/868/838
f 1131/869/839 1130/870/359 1129/871/840
f 1135/872/841 1137/873/356 1136/874/842
f 1130/870/359 1135/872/841 1138/875/571
f 1135/872/841 1130/870/359 1139/876/843
f 1130/870/359 1131/869/839 1139/876/843
f 1137/873/356 1135/872/841 1139/876/843
f 1131/869/839 1137/873/356 1139/876/843
f 1137/873/356 1131/869/839 1140/877/284
f 1141/878/844 1142/879/845 1143/880/846
f 1142/879/845 1141/878/844 1144/881/847
f 1143/880/846 1145/882/848 1141/878/844
f 1142/879/845 1144/881/847 1146/883/849
f 1143/880/846 1147/884/850 1145/882/848
f 1144/881/847 1148/885/849 1146/883/849
f 1149/886/851 1146/883/849 1148/885/849
f 1146/883/849 1149/886/851 1150/887/852
f 1153/888/853 1152/889/854 1151/890/855
f 1152/889/854 1153/888/853 1154/891/856
f 1155/892/857 1154/891/856 1153/888/853
f 1154/891/856 1155/892/857 1156/893/858
f 1155/892/857 1157/894/859 1156/893/858
f 1158/895/860 1159/896/861 1160/897/862
f 1161/898/863 1159/896/861 1158/895/860
f 1159/896/861 1161/898/863 1162/899/863
f 1161/898/863 1163/900/864 1162/899/863
f 1163/900/864 1161/898/863 1164/901/865
f 1164/901/865 1165/902/866 1163/900/864
f 1165/902/866 1164/901/865 1166/903/867
f 1166/903/867 1167/904/868 1165/902/866
f 1167/904/868 1166/903/867 1168/905/869
f 1168/905/869 1169/906/870 1167/904/868
f 1169/906/870 1168/905/869 1170/907/871
f 1171/908/872 1172/909/873 1173/910/874
f 1176/911/875 1175/912/876 1174/913/877
f 1175/912/876 1176/911/875 1177/914/878
f 1178/915/879 1177/914/878 1176/911/875
f 1177/914/878 1178/915/879 1179/916/880
f 1178/915/879 1180/917/881 1179/916/880
f 1181/918/882 1182/824/882 1183/919/883
f 1183/919/883 1182/824/882 1184/825/884
f 1185/798/885 1183/919/883 1184/825/884
f 1183/919/883 1185/798/885 1186/797/885
f 1187/920/860 1188/921/886 1189/922/861
f 1190/923/887 1187/920/860 1189/922/861
f 1190/923/887 1189/922/861 1191/924/887
f 1192/925/888 1190/923/887 1191/924/887
f 1190/923/887 1192/925/888 1193/926/889
f 1194/927/890 1193/926/889 1192/925/888
f 1193/926/889 1194/927/890 1195/928/891
f 1196/929/892 1195/928/891 1194/927/890
f 1195/928/891 1196/929/892 1197/930/893
f 1198/931/894 1197/930/893 1196/929/892
f 1197/930/893 1198/931/894 1199/932/895
f 1200/933/896 1202/934/897 1201/935/898
f 1203/936/899 1204/937/900 1043/793/901
f 1205/938/902 1047/939/903 1206/940/333
f 1207/941/904 1208/813/905 1209/812/905
f 1207/941/904 1209/812/905 1210/822/906
f 1211/824/907 1207/941/904 1210/822/906
f 1207/941/904 1211/824/907 1212/918/907
f 1213/942/122 1214/943/122 1215/944/122
f 1214/943/122 1213/942/122 1216/945/122
f 1217/946/122 1213/942/122 1215/944/122
f 1217/946/122 1215/944/122 1218/947/122
f 1213/942/122 1217/946/122 1219/948/122
f 1213/942/122 1219/948/122 1220/949/122
f 1221/950/122 1222/951/122 1223/952/122
f 1222/951/122 1221/950/122 1224/953/122
f 1224/953/122 1225/954/122 1222/951/122
f 1223/952/122 1226/955/122 1221/950/122
f 1222/951/122 1225/954/122 1227/956/122
f 1225/954/122 1228/957/122 1227/956/122
f 1228/957/122 1225/954/122 1229/958/122
f 1228/957/122 1229/958/122 1230/959/122
f 1223/952/122 1231/960/122 1226/955/122
f 1231/960/122 1223/952/122 1232/961/122
f 1233/962/122 1226/955/122 1231/960/122
f 1226/955/122 1233/962/122 1234/963/122
f 1235/964/122 1233/962/122 1231/960/122
f 1236/965/122 1237/966/122 1238/967/122
f 1236/965/122 1238/967/122 1239/968/122
f 1240/969/122 1237/966/122 1236/965/122
f 1237/966/122 1240/969/122 1241/970/122
f 1236/965/122 1242/971/122 1240/969/122
f 1242/971/122 1236/965/122 1243/972/122
f 1244/973/122 1245/974/122 1246/975/122
f 1246/975/122 1245/974/122 1247/976/122
f 1245/974/122 1244/973/122 1248/977/122
f 1244/973/122 1246/975/122 1249/978/122
f 1250/979/122 1251/980/908 1252/981/909
f 1250/979/122 1252/981/909 1253/982/122
f 1254/983/910 1250/979/122 1253/982/122
f 1254/983/910 1253/982/122 1255/984/910
f 1257/985/910 1259/986/122 1256/987/910
f 1257/985/910 1261/988/122 1259/986/122
f 1261/988/122 1258/989/908 1260/990/908
f 1261/988/122 1260/990/908 1259/986/122
f 1263/835/911 1264/991/122 1262/992/912
f 1263/835/911 1265/833/122 1264/991/122
f 1265/833/122 1266/993/908 1264/991/122
f 1265/833/122 1267/836/908 1266/993/908
f 1268/994/913 1269/995/914 1270/921/915
f 1268/994/913 1271/996/916 1269/995/914
f 1271/996/916 1268/994/913 1272/997/916
f 1272/997/916 1273/998/917 1271/996/916
f 1273/998/917 1274/999/918 1271/996/916
f 1273/998/917 1275/1000/919 1274/999/918
f 1274/999/918 1275/1000/919 1276/1001/920
f 1275/1000/919 1277/1002/921 1276/1001/920
f 1277/1002/921 1278/1003/922 1276/1001/920
f 1279/1004/923 1278/1003/922 1277/1002/921
f 1278/1003/922 1279/1004/923 1280/1005/924
f 1279/1004/923 1281/839/350 1280/1005/924
f 1283/1006/925 1282/1007/654 1284/934/926
f 1285/1008/927 1286/897/928 1287/1009/929
f 1288/1010/930 1285/1008/927 1287/1009/929
f 1285/1008/927 1288/1010/930 1289/1011/930
f 1288/1010/930 1290/1012/931 1289/1011/930
f 1290/1012/931 1288/1010/930 1291/1013/932
f 1291/1013/932 1292/1014/933 1290/1012/931
f 1292/1014/933 1291/1013/932 1293/1015/934
f 1293/1015/934 1294/1016/935 1292/1014/933
f 1294/1016/935 1293/1015/934 1295/1017/936
f 1296/1018/937 1294/1016/935 1295/1017/936
f 1296/1018/937 1295/1017/936 1297/1019/938
f 1298/803/939 1296/1018/937 1297/1019/938
f 1300/1020/940 1301/910/941 1299/1021/657
f 1302/1022/113 1303/1023/942 1305/1024/943
f 1302/1022/113 1306/1025/944 1304/1026/945
f 1307/1027/946 1308/1028/947 1309/1029/948
f 1309/1029/948 1310/1030/949 1307/1027/946
f 1308/1028/947 1311/1031/950 1309/1029/948
f 1310/1030/949 1312/1032/951 1307/1027/946
f 1311/1031/950 1308/1028/947 1313/1033/952
f 1312/1032/951 1310/1030/949 1314/1034/953
f 1315/1035/954 1312/1032/951 1314/1034/953
f 1312/1032/951 1315/1035/954 1316/1036/955
f 1319/1037/956 1318/1038/957 1317/1039/958
f 1318/1038/957 1319/1037/956 1320/1040/959
f 1321/1041/960 1320/1040/959 1319/1037/956
f 1320/1040/959 1321/1041/960 1322/1042/961
f 1322/1042/961 1321/1041/960 1323/894/962
f 1326/1043/963 1325/1044/964 1324/1045/965
f 1325/1044/964 1326/1043/963 1327/1046/966
f 1328/1047/683 1327/1046/966 1326/1043/963
f 1327/1046/966 1328/1047/683 1329/1048/682
f 1330/1049/967 1331/1050/968 1332/1051/969
f 1331/1050/968 1330/1049/967 1333/1052/970
f 1334/1053/971 1332/1051/969 1331/1050/968
f 1335/1054/972 1333/1052/970 1330/1049/967
f 1332/1051/969 1334/1053/971 1336/1055/973
f 1333/1052/970 1335/1054/972 1337/1056/974
f 1338/1057/975 1337/1056/974 1335/1054/972
f 1338/1057/975 1335/1054/972 1339/1058/976
f 1342/1059/977 1340/1060/978 1341/1061/979
f 1341/1061/979 1343/1062/980 1342/1059/977
f 1344/1063/981 1342/1059/977 1343/1062/980
f 1343/1062/980 1345/1064/982 1344/1063/981
f 1345/1064/982 1346/868/983 1344/1063/981
f 1349/1065/984 1348/1066/985 1347/1022/986
f 1351/1067/987 1350/1068/988 1347/1022/132
f 1354/991/989 1352/1069/990 1353/992/991
f 1352/1069/990 1354/991/989 1355/1070/992
f 1354/991/989 1356/1071/993 1355/1070/992
f 1354/991/989 1357/993/415 1356/1071/993
f 1359/1072/994 1360/1073/995 1358/1074/996
f 1359/1072/994 1361/1075/997 1360/1073/995
f 1362/1076/720 1360/1073/995 1361/1075/997
f 1361/1075/997 1363/1077/718 1362/1076/720
f 1366/876/122 1364/1078/998 1365/1079/999
f 1366/876/122 1365/1079/999 1367/1080/1000
f 1364/1078/998 1366/876/122 1368/1081/1001
f 1368/1081/1001 1133/1082/1002 1364/1078/998
f 1133/1082/1002 1368/1081/1001 1369/1083/1003
f 1134/1084/565 1369/1083/1003 1368/1081/1001
f 1368/1081/1001 1370/1085/1004 1134/1084/565
f 1370/1085/1004 1368/1081/1001 1366/876/122
f 1366/876/122 1371/1086/722 1370/1085/1004
f 1366/876/122 1372/1087/1005 1371/1086/722
f 1372/1087/1005 1366/876/122 1373/1088/1006
f 1367/1080/1000 1373/1088/1006 1366/876/122
f 1373/1088/1006 1367/1080/1000 1374/1089/1007
f 1373/1088/1006 1132/1090/560 1372/1087/1005
f 1374/1089/1007 1375/1091/1008 1373/1088/1006
f 1132/1090/560 1373/1088/1006 1375/1091/1008
f 1377/1092/1009 1378/1093/1010 1376/1094/1011
f 1378/1093/1010 1377/1092/1009 1379/1095/1012
f 1380/1096/1013 1378/1093/1010 1379/1095/1012
f 1380/1096/1013 1381/1097/1014 1378/1093/1010
f 1380/1096/1013 1382/1098/454 1381/1097/1014
f 1381/1097/1014 1382/1098/454 1383/1099/1015
f 1386/1100/1016 1385/1101/1017 1384/1102/1018
f 1385/1101/1017 1386/1100/1016 1387/1103/1019
f 1386/1100/1016 1388/1104/1020 1387/1103/1019
f 1388/1104/1020 1386/1100/1016 1389/1105/1021
f 1389/1105/1021 1390/1106/1022 1388/1104/1020
f 1389/1105/1021 1391/1107/1023 1390/1106/1022
f 1392/1108/1024 1393/1109/1025 1394/814/1026
f 1395/1110/1027 1394/814/1026 1393/1109/1025
f 1392/1108/1024 1394/814/1026 1396/818/1028
f 1394/814/1026 1395/1110/1027 1397/815/1029
f 1047/939/903 1398/1111/1030 1048/1112/1031
f 1398/1111/1030 1047/939/903 1401/1113/1032
f 1401/1113/1032 1400/1114/1033 1398/1111/1030
f 1205/938/902 1401/1113/1032 1047/939/903
f 1400/1114/1033 1401/1113/1032 1402/1115/1034
f 1203/936/899 1402/1115/1034 1401/1113/1032
f 1203/936/899 1401/1113/1032 1205/938/902
f 1403/1116/1035 1400/1114/1033 1402/1115/1034
f 1203/936/899 1403/1116/1035 1402/1115/1034
f 1400/1114/1033 1404/1117/1036 1399/1118/1037
f 1403/1116/1035 1405/1119/1038 1400/1114/1033
f 1404/1117/1036 1400/1114/1033 1405/1119/1038
f 1403/1116/1035 1203/936/899 1406/1120/1039
f 1203/936/899 1043/793/901 1406/1120/1039
f 1046/1121/1040 1408/1122/1041 1407/1123/1042
f 1408/1122/1041 1404/1117/1036 1407/1123/1042
f 1046/1121/1040 1039/789/761 1408/1122/1041
f 1038/788/760 1408/1122/1041 1039/789/761
f 1404/1117/1036 1408/1122/1041 1409/1124/1043
f 1038/788/760 1409/1124/1043 1408/1122/1041
f 1409/1124/1043 1038/788/760 1045/795/767
f 1410/961/1044 1411/964/1045 1412/960/122
f 1413/777/1046 1414/1125/1047 1415/782/1048
f 1414/1125/1047 1413/777/1046 1416/1126/1046
f 1413/777/1046 1417/1127/1049 1416/1126/1046
f 1413/777/1046 1418/779/1050 1417/1127/1049
f 1423/1128/1051 1419/1129/1052 1421/1130/755
f 1420/1131/1053 1423/1128/1051 1422/1132/1054
f 1419/1129/1052 1423/1128/1051 1424/1133/1051
f 1423/1128/1051 1420/1131/1053 1424/1133/1051
f 1425/1134/1055 1426/1135/132 1427/1136/1056
f 1426/1135/132 1425/1134/1055 1428/1137/1057
f 1429/1138/1058 1426/1135/132 1428/1137/1057
f 1426/1135/132 1430/1139/1059 1427/1136/1056
f 1426/1135/132 1429/1138/1058 1431/1140/1060
f 1430/1139/1059 1426/1135/132 1432/1141/1061
f 1426/1135/132 1433/1142/1062 1432/1141/1061
f 1433/1142/1062 1426/1135/132 1431/1140/1060
f 1436/1143/1063 1434/1144/1064 1435/1145/1065
f 1435/1145/1065 1437/1146/1066 1436/1143/1063
f 1437/1146/1066 1435/1145/1065 1439/1147/521
f 1439/1147/521 1440/1148/1067 1437/1146/1066
f 1441/1149/1068 1436/1143/1063 1437/1146/1066
f 1436/1143/1063 1441/1149/1068 1438/1150/1069
f 1442/1151/1070 1437/1146/1066 1440/1148/1067
f 1437/1146/1066 1442/1151/1070 1441/1149/1068
f 1439/1147/521 1443/1152/1071 1440/1148/1067
f 1442/1151/1070 1440/1148/1067 1443/1152/1071
f 1444/1153/124 1445/1154/1072 1446/1155/1072
f 1445/1154/1072 1444/1153/124 1447/1156/124
f 1448/1157/1073 1447/1156/124 1444/1153/124
f 1447/1156/124 1448/1157/1073 1449/1158/1073
f 1452/1159/132 1451/1160/522 1450/1161/522
f 1451/1160/522 1452/1159/132 1453/1162/132
f 1454/1163/1074 1453/1162/132 1452/1159/132
f 1453/1162/132 1454/1163/1074 1455/1164/1074
f 1458/1165/1075 1456/1166/1076 1457/1167/1077
f 1456/1166/1076 1458/1165/1075 1459/1168/1078
f 1460/1169/1079 1459/1168/1078 1458/1165/1075
f 1458/1165/1075 1461/1170/1080 1460/1169/1079
f 1462/1171/1081 1463/1172/1082 1464/1173/1083
f 1463/1172/1082 1462/1171/1081 1465/1174/1084
f 1466/1175/1085 1463/1172/1082 1465/1174/1084
f 1463/1172/1082 1466/1175/1085 1467/1176/1085
f 1468/1177/1086 1469/1176/1087 1470/1175/1087
f 1468/1177/1086 1470/1175/1087 1471/1178/1088
f 1472/1179/1089 1468/1177/1086 1471/1178/1088
f 1468/1177/1086 1472/1179/1089 1473/1180/1089
f 1476/1181/1090 1474/1182/1091 1475/1183/1092
f 1474/1182/1091 1476/1181/1090 1477/1184/1093
f 1476/1181/1090 1478/1185/1094 1477/1184/1093
f 1478/1185/1094 1476/1181/1090 1479/1186/1095
f 1481/1187/1096 1482/1188/1097 1480/1189/1098
f 1482/1188/1097 1481/1187/1096 1483/1190/1099
f 1484/1191/1100 1482/1188/1097 1483/1190/1099
f 1482/1188/1097 1484/1191/1100 1485/1192/1101
f 1486/1193/1102 1485/1192/1101 1484/1191/1100
f 1485/1192/1101 1486/1193/1102 1487/1194/1103
f 1488/1195/1104 1487/1194/1103 1486/1193/1102
f 1487/1194/1103 1488/1195/1104 1489/1196/1105
f 1490/1197/1106 1489/1196/1105 1488/1195/1104
f 1489/1196/1105 1490/1197/1106 1491/1198/1107
f 1492/1199/1108 1494/1200/1109 1493/1201/1110
f 1497/1202/1111 1496/1203/1112 1495/1204/1113
f 1496/1203/1112 1497/1202/1111 1498/1205/1114
f 1497/1202/1111 1499/1206/1115 1498/1205/1114
f 1499/1206/1115 1497/1202/1111 1500/1207/1116
f 1500/1207/1116 1501/1208/1117 1499/1206/1115
f 1501/1208/1117 1500/1207/1116 1502/1209/1118
f 1502/1209/1118 1503/1210/1119 1501/1208/1117
f 1503/1210/1119 1502/1209/1118 1504/1211/1120
f 1504/1211/1120 1505/1212/1121 1503/1210/1119
f 1505/1212/1121 1504/1211/1120 1506/1213/1122
f 1507/1214/544 1508/1215/1123 1509/1216/546
f 1515/1217/1124 1512/1218/1125 1510/1219/1126
f 1513/1220/1127 1515/1217/1124 1510/1219/1126
f 1513/1220/1127 1514/1221/1128 1516/1222/1129
f 1515/1217/1124 1513/1220/1127 1517/1223/1130
f 1513/1220/1127 1516/1222/1129 1517/1223/1130
f 1515/1217/1124 1517/1223/1130 1518/1224/1131
f 1516/1222/1129 1518/1224/1131 1517/1223/1130
f 1512/1218/1125 1515/1217/1124 1519/1225/1132
f 1512/1218/1125 1520/1226/1133 1511/1227/563
f 1520/1226/1133 1512/1218/1125 1519/1225/1132
f 1521/1228/564 1511/1227/563 1520/1226/1133
f 1523/1229/1134 1519/1225/1132 1515/1217/1124
f 1515/1217/1124 1518/1224/1131 1523/1229/1134
f 1519/1225/1132 1523/1229/1134 1524/1230/1135
f 1519/1225/1132 1525/1231/1136 1520/1226/1133
f 1525/1231/1136 1519/1225/1132 1524/1230/1135
f 1521/1228/564 1520/1226/1133 1526/1232/1137
f 1526/1232/1137 1520/1226/1133 1525/1231/1136
f 1521/1228/564 1527/1233/1138 1522/1234/1139
f 1527/1233/1138 1521/1228/564 1526/1232/1137
f 1528/1235/1140 1522/1234/1139 1527/1233/1138
f 1523/1229/1134 1529/1236/1141 1524/1230/1135
f 1525/1231/1136 1524/1230/1135 1529/1236/1141
f 1526/1232/1137 1525/1231/1136 1530/1237/1142
f 1527/1233/1138 1531/1238/1143 1528/1235/1140
f 1526/1232/1137 1532/1239/1144 1527/1233/1138
f 1532/1239/1144 1526/1232/1137 1530/1237/1142
f 1531/1238/1143 1527/1233/1138 1532/1239/1144
f 1531/1238/1143 1516/1222/1129 1528/1235/1140
f 1525/1231/1136 1533/1240/1145 1530/1237/1142
f 1533/1240/1145 1532/1239/1144 1530/1237/1142
f 1533/1240/1145 1525/1231/1136 1534/1241/1146
f 1529/1236/1141 1534/1241/1146 1525/1231/1136
f 1516/1222/1129 1531/1238/1143 1535/1242/1147
f 1518/1224/1131 1516/1222/1129 1535/1242/1147
f 1531/1238/1143 1532/1239/1144 1536/1243/1148
f 1532/1239/1144 1533/1240/1145 1536/1243/1148
f 1531/1238/1143 1537/1244/1149 1535/1242/1147
f 1518/1224/1131 1535/1242/1147 1537/1244/1149
f 1536/1243/1148 1538/1245/1150 1531/1238/1143
f 1537/1244/1149 1531/1238/1143 1538/1245/1150
f 1518/1224/1131 1537/1244/1149 1539/1246/1151
f 1540/1247/571 1518/1224/1131 1539/1246/1151
f 1518/1224/1131 1540/1247/571 1523/1229/1134
f 1529/1236/1141 1523/1229/1134 1540/1247/571
f 1541/1248/1152 1542/1174/1153 1543/1171/1154
f 1544/1249/1155 1541/1248/1152 1543/1171/1154
f 1542/1174/1153 1541/1248/1152 1545/1250/1156
f 1541/1248/1152 1544/1249/1155 1546/1251/1157
f 1547/1252/1158 1542/1174/1153 1545/1250/1156
f 1548/1253/1159 1546/1251/1157 1544/1249/1155
f 1542/1174/1153 1547/1252/1158 1549/1175/1158
f 1544/1249/1155 1550/1254/1159 1548/1253/1159
f 1551/1178/1160 1549/1175/1158 1547/1252/1158
f 1552/1255/1161 1548/1253/1159 1550/1254/1159
f 1547/1252/1158 1553/1256/1162 1551/1178/1160
f 1548/1253/1159 1552/1255/1161 1554/1257/1163
f 1555/1258/1164 1551/1178/1160 1553/1256/1162
f 1555/1258/1164 1554/1257/1163 1552/1255/1161
f 1551/1178/1160 1555/1258/1164 1556/1179/1165
f 1552/1255/1161 1556/1179/1165 1555/1258/1164
f 1559/1259/1166 1558/1260/1167 1557/1261/1168
f 1558/1260/1167 1559/1259/1166 1560/1262/1169
f 1561/1263/579 1560/1262/1169 1559/1259/1166
f 1560/1262/1169 1561/1263/579 1562/1264/581
f 1563/1265/1170 1564/1266/1171 1565/1267/1172
f 1564/1266/1171 1563/1265/1170 1566/1268/1173
f 1567/1269/1174 1563/1265/1170 1565/1267/1172
f 1564/1266/1171 1566/1268/1173 1568/1270/1175
f 1565/1267/1172 1569/1271/1176 1567/1269/1174
f 1566/1268/1173 1570/1272/1177 1568/1270/1175
f 1567/1269/1174 1569/1271/1176 1571/1273/1178
f 1569/1271/1176 1572/1274/1179 1571/1273/1178
f 1575/1275/1180 1574/1276/1181 1573/1277/1182
f 1574/1276/1181 1575/1275/1180 1576/1278/1183
f 1577/1279/1184 1576/1278/1183 1575/1275/1180
f 1576/1278/1183 1577/1279/1184 1578/1280/1185
f 1577/1279/1184 1579/1281/1186 1578/1280/1185
f 1580/1282/1187 1581/1283/1188 1582/1284/1189
f 1581/1283/1188 1583/1285/1190 1582/1284/1189
f 1584/1286/1191 1582/1284/1189 1583/1285/1190
f 1582/1284/1189 1584/1286/1191 1585/1287/1192
f 1586/1288/1193 1585/1287/1192 1584/1286/1191
f 1585/1287/1192 1586/1288/1193 1587/1199/1194
f 1589/1289/1195 1590/1290/1196 1588/1291/1197
f 1590/1290/1196 1589/1289/1195 1591/1292/1198
f 1591/1292/1198 1592/1293/625 1590/1290/1196
f 1592/1293/625 1591/1292/1198 1593/1294/1199
f 1594/1295/1200 1595/1296/1201 1596/1297/1202
f 1596/1297/1202 1595/1296/1201 1597/1298/1203
f 1595/1296/1201 1594/1295/1200 1598/1299/1204
f 1599/1300/1205 1596/1297/1202 1597/1298/1203
f 1598/1299/1204 1594/1295/1200 1600/1301/1206
f 1599/1300/1205 1597/1298/1203 1601/1302/1207
f 1600/1301/1206 1602/1303/1208 1598/1299/1204
f 1603/1304/1209 1599/1300/1205 1601/1302/1207
f 1605/1305/1210 1606/1306/1211 1604/1307/1212
f 1606/1306/1211 1605/1305/1210 1607/1308/1213
f 1607/1308/1213 1608/1309/1214 1606/1306/1211
f 1608/1309/1214 1607/1308/1213 1609/1310/1215
f 1608/1309/1214 1609/1310/1215 1610/1311/1216
f 1611/1249/1217 1612/1312/1218 1613/1254/1219
f 1612/1312/1218 1614/1313/1219 1613/1254/1219
f 1615/1171/1220 1612/1312/1218 1611/1249/1217
f 1612/1312/1218 1615/1171/1220 1616/1173/1220
f 1618/1314/1221 1617/1315/1222 1619/1316/1223
f 1619/1316/1223 1620/1317/1224 1618/1314/1221
f 1619/1316/1223 1621/1318/1225 1620/1317/1224
f 1621/1318/1225 1619/1316/1223 1622/1319/1226
f 1622/1319/1226 1623/1320/1227 1621/1318/1225
f 1623/1320/1227 1622/1319/1226 1624/1214/1228
f 1625/1179/1229 1626/1255/1230 1627/1321/1231
f 1627/1321/1231 1628/1180/1229 1625/1179/1229
f 1629/1254/1232 1627/1321/1231 1626/1255/1230
f 1627/1321/1231 1629/1254/1232 1630/1313/1232
f 1632/1322/1233 1633/1323/132 1631/1324/1233
f 1633/1323/132 1632/1322/1233 1634/1325/132
f 1634/1325/132 1635/1326/1234 1633/1323/132
f 1635/1326/1234 1634/1325/132 1636/1327/1234
f 1638/1328/1234 1639/1329/132 1637/1330/1234
f 1639/1329/132 1638/1328/1234 1640/1331/132
f 1640/1331/132 1641/1332/1233 1639/1329/132
f 1641/1332/1233 1640/1331/132 1642/1333/1233
f 1643/1181/132 1644/1334/1233 1645/1335/132
f 1644/1334/1233 1643/1181/132 1646/1183/1233
f 1645/1335/132 1647/1186/1234 1643/1181/132
f 1647/1186/1234 1645/1335/132 1648/1336/1234
f 1651/1337/1235 1650/1338/1236 1649/1339/939
f 1650/1338/1236 1651/1337/1235 1652/1340/1237
f 1651/1337/1235 1653/1341/1238 1652/1340/1237
f 1654/1342/1239 1653/1341/1238 1651/1337/1235
f 1655/1343/659 1653/1341/1238 1654/1342/1239
f 1653/1341/1238 1655/1343/659 1656/1344/1240
f 1657/1345/1241 1658/1346/1242 1660/1347/356
f 1657/1345/122 1661/1348/359 1659/1349/1243
f 1663/1350/1244 1664/1351/1245 1662/1352/1246
f 1664/1351/1245 1663/1350/1244 1665/1353/1247
f 1665/1353/1247 1666/1354/1248 1664/1351/1245
f 1665/1353/1247 1667/1355/1249 1666/1354/1248
f 1667/1355/1249 1668/1356/1250 1666/1354/1248
f 1670/1357/1251 1671/1358/1252 1669/1359/1253
f 1671/1358/1252 1670/1357/1251 1672/1360/1254
f 1673/1361/1255 1671/1358/1252 1672/1360/1254
f 1671/1358/1252 1673/1361/1255 1674/1362/1256
f 1673/1361/1255 1675/1363/1257 1674/1362/1256
f 1675/1363/1257 1673/1361/1255 1676/1364/1258
f 1679/1365/1259 1678/1366/392 1677/1345/1260
f 1681/1367/395 1680/1368/1261 1677/1345/1262
f 1682/1335/1263 1683/1369/1264 1684/1370/1265
f 1685/1371/1266 1682/1335/1263 1684/1370/1265
f 1682/1335/1263 1686/1334/1267 1683/1369/1264
f 1682/1335/1263 1685/1371/1266 1687/1336/1268
f 1688/1372/1269 1689/1373/1270 1690/1374/1271
f 1691/1375/1272 1690/1374/1271 1689/1373/1270
f 1692/1376/1273 1688/1372/1269 1690/1374/1271
f 1693/1377/1274 1691/1375/1272 1689/1373/1270
f 1688/1372/1269 1692/1376/1273 1694/1378/1275
f 1691/1375/1272 1693/1377/1274 1695/1379/1276
f 1696/1380/1277 1695/1379/1276 1693/1377/1274
f 1695/1379/1276 1696/1380/1277 1697/1381/1278
f 1699/1382/1279 1700/1383/1280 1698/1384/1281
f 1700/1383/1280 1699/1382/1279 1701/1385/1282
f 1701/1385/1282 1702/1386/1283 1700/1383/1280
f 1701/1385/1282 1703/1387/1284 1702/1386/1283
f 1703/1387/1284 1704/1311/1285 1702/1386/1283
f 1528/1235/1140 1514/1221/1128 1705/1388/1286
f 1522/1234/1139 1528/1235/1140 1705/1388/1286
f 1514/1221/1128 1528/1235/1140 1516/1222/1129
f 1708/1389/1287 1707/1390/1288 1706/1391/1289
f 1707/1390/1288 1708/1389/1287 1709/1392/1290
f 1709/1392/1290 1708/1389/1287 1710/1393/1291
f 1711/1394/1292 1709/1392/1290 1710/1393/1291
f 1711/1394/1292 1710/1393/1291 1712/1395/1293
f 1713/1396/1294 1714/1397/1295 1715/1398/1296
f 1714/1397/1295 1713/1396/1294 1716/1399/1297
f 1715/1398/1296 1717/1400/1298 1713/1396/1294
f 1716/1399/1297 1718/1401/1299 1714/1397/1295
f 1717/1400/1298 1715/1398/1296 1719/1402/1300
f 1718/1401/1299 1716/1399/1297 1720/1403/1301
f 1720/1403/1301 1721/1404/1302 1718/1401/1299
f 1721/1404/1302 1720/1403/1301 1722/1405/1303
f 1725/1406/1304 1724/1407/1305 1723/1408/1306
f 1724/1407/1305 1725/1406/1304 1726/1409/1307
f 1726/1409/1307 1725/1406/1304 1727/1410/1308
f 1728/1411/1309 1726/1409/1307 1727/1410/1308
f 1728/1411/1309 1727/1410/1308 1729/1281/1310
f 1730/1412/1311 1731/1413/1312 1732/1414/1313
f 1733/1415/1314 1730/1412/1311 1732/1414/1313
f 1730/1412/1311 1733/1415/1314 1734/1416/1315
f 1734/1416/1315 1733/1415/1314 1735/1417/1316
f 1735/1417/1316 1733/1415/1314 1736/1418/1317
f 1736/1418/1317 1737/1419/1318 1735/1417/1316
f 1737/1419/1318 1736/1418/1317 1738/1420/1319
f 1739/1421/1320 1737/1419/1318 1738/1420/1319
f 1739/1421/1320 1738/1420/1319 1740/1422/1321
f 1740/1422/1321 1741/1423/1322 1739/1421/1320
f 1741/1423/1322 1740/1422/1321 1742/1424/743
f 1743/1320/1022 1744/1425/1323 1745/1426/1324
f 1744/1425/1323 1746/1427/1325 1745/1426/1324
f 1749/1165/1326 1747/1428/1327 1748/1170/1328
f 1747/1428/1327 1749/1165/1326 1750/1429/1326
f 1751/1430/1329 1750/1429/1326 1749/1165/1326
f 1749/1165/1326 1752/1167/1330 1751/1430/1329
f 1753/1431/1331 1754/1432/1332 1755/1433/1333
f 1753/1431/1331 1756/1434/1334 1754/1432/1332
f 1756/1434/1334 1753/1431/1331 1757/1435/1335
f 1758/1436/1336 1756/1434/1334 1757/1435/1335
f 1756/1434/1334 1758/1436/1336 1759/1437/1337
f 1760/1438/1338 1759/1437/1337 1758/1436/1336
f 1759/1437/1337 1760/1438/1338 1761/1439/1339
f 1762/1440/1340 1761/1439/1339 1760/1438/1338
f 1761/1439/1339 1762/1440/1340 1763/1441/1341
f 1762/1440/1340 1764/1442/1342 1763/1441/1341
f 1763/1441/1341 1764/1442/1342 1765/1443/747
f 1767/1444/1343 1766/1288/1344 1768/1445/1345
f 1767/1444/1343 1768/1445/1345 1769/1446/1346
f 1443/1152/1071 1439/1147/521 1770/1447/1030
f 1443/1152/1071 1771/1448/1347 1442/1151/1070
f 1771/1448/1347 1443/1152/1071 1772/1449/1348
f 1770/1447/1030 1772/1449/1348 1443/1152/1071
f 1772/1449/1348 1773/1450/1349 1771/1448/1347
f 1772/1449/1348 1770/1447/1030 1774/1451/1350
f 1775/1452/1351 1777/1453/1352 1776/1454/1351
f 1778/1455/1352 1777/1453/1352 1775/1452/1351
f 1781/1456/132 1780/1457/522 1779/1458/1353
f 1780/1457/522 1781/1456/132 1782/1459/132
f 1783/1460/1074 1782/1459/132 1781/1456/132
f 1782/1459/132 1783/1460/1074 1784/1461/1074
f 1786/1462/1354 1785/1463/1354 1787/1464/132
f 1787/1464/132 1788/1465/132 1786/1462/1354
f 1788/1465/132 1787/1464/132 1790/1466/749
f 1790/1466/749 1789/1467/749 1788/1465/132
f 1793/1128/1355 1792/1130/1048 1791/1468/1356
f 1793/1128/1355 1791/1468/1356 1794/1469/1357
f 1795/1470/1358 1793/1128/1355 1794/1469/1357
f 1793/1128/1355 1795/1470/1358 1796/1132/1359
f 1797/1471/135 1798/1472/135 1799/1473/135
f 1799/1473/135 1798/1472/135 1800/1474/135
f 1797/1471/135 1799/1473/135 1801/1475/135
f 1798/1472/135 1797/1471/135 1802/1476/135
f 1802/1476/135 1797/1471/135 1803/1477/135
f 1798/1472/135 1802/1476/135 1804/1478/135
f 1809/1479/1360 1806/1480/1061 1807/1481/1361
f 1809/1479/1360 1808/1482/1362 1806/1480/1061
f 1805/1483/1060 1810/1484/1363 1807/1481/1361
f 1810/1484/1363 1809/1479/1360 1807/1481/1361
f 1809/1479/1360 1811/1485/765 1808/1482/1362
f 1805/1483/1060 1814/1486/1364 1810/1484/1363
f 1815/1487/1365 1810/1484/1363 1814/1486/1364
f 1810/1484/1363 1815/1487/1365 1816/1488/175
f 1810/1484/1363 1816/1488/175 1817/1489/1366
f 1818/1490/1367 1817/1489/1366 1816/1488/175
f 1824/1491/135 1822/1492/1074 1820/1493/1074
f 1825/1494/135 1823/1495/187 1821/1496/187
f 1822/1492/1074 1824/1491/135 1825/1494/135
f 1823/1495/187 1825/1494/135 1824/1491/135
f 1826/1497/192 1827/1498/1368 1828/1499/1369
f 1831/1500/773 1829/1501/1370 1830/1502/203
f 1832/1503/1371 1829/1501/1370 1831/1500/773
f 1833/1504/1372 1834/1505/1373 1835/1506/1374
f 1836/1507/1375 1838/1508/1376 1837/1509/223
f 1838/1508/1376 1836/1507/1375 1839/1510/1377
f 1840/1511/1378 1841/1512/1379 1842/1513/1380
f 1843/1514/1381 1845/1515/811 1844/1516/1382
f 1843/1514/1381 1846/1517/1383 1845/1515/811
f 1847/1518/1384 1849/1519/258 1848/1520/1385
f 1849/1519/258 1847/1518/1384 1850/1521/1386
f 1851/1522/1387 1852/1523/1388 1853/1524/1389
f 1856/1525/1390 1854/1526/1391 1855/1527/1392
f 1854/1526/1391 1856/1525/1390 1857/1528/1393
f 1858/1529/1394 1860/1530/265 1859/1531/1395
f 1860/1530/265 1858/1529/1394 1861/1532/1396
f 1864/1533/1397 1863/1534/1126 1862/1535/1398
f 1863/1534/1126 1864/1533/1397 1865/1536/1127
f 1866/1537/1002 1865/1536/1127 1864/1533/1397
f 1867/1538/1399 1870/1539/1400 1869/1540/1401
f 1871/1541/356 1867/1538/1399 1868/1542/1146
f 1870/1539/1400 1867/1538/1399 1872/1543/1044
f 1867/1538/1399 1871/1541/356 1872/1543/1044
f 1873/1544/1402 1870/1539/1400 1872/1543/1044
f 1871/1541/356 1873/1544/1402 1872/1543/1044
f 1870/1539/1400 1873/1544/1402 1874/1545/1403
f 1873/1544/1402 1871/1541/356 1875/1546/284
f 1878/1547/1404 1876/1548/1405 1877/1549/1406
f 1876/1548/1405 1878/1547/1404 1879/1550/1407
f 1882/1551/1408 1880/1552/1409 1881/1553/1410
f 1880/1552/1409 1882/1551/1408 1883/1554/1411
f 1885/1555/1412 1886/1556/1413 1884/1557/1414
f 1886/1556/1413 1885/1555/1412 1887/1558/1415
f 1890/1559/1416 1888/1560/1417 1889/1561/1418
f 1888/1560/1417 1890/1559/1416 1891/1562/1419
f 1894/1563/318 1892/1564/1420 1893/1565/1421
f 1892/1564/1420 1894/1563/318 1895/1566/1422
f 1898/1567/896 1897/1568/1423 1896/1569/1424
f 1897/1568/1423 1898/1567/896 1899/1570/898
f 1902/1571/1425 1901/1572/329 1903/1573/1426
f 1904/1574/1427 1906/1575/1197 1905/1576/1428
f 1906/1575/1197 1904/1574/1427 1907/1577/1429
f 1908/1578/1430 1910/1579/1431 1909/1580/1432
f 1910/1579/1431 1908/1578/1430 1911/1581/1433
f 1914/1582/1434 1913/1583/343 1912/1584/1435
f 1913/1583/343 1914/1582/1434 1915/1585/1436
f 1917/1586/1437 1918/1587/1438 1916/1588/1439
f 1918/1587/1438 1917/1586/1437 1919/1589/1440
f 1920/1590/1441 1921/1591/1442 1922/1592/1443
f 1920/1590/1441 1922/1592/1443 1923/1593/1444
f 1921/1591/1442 1924/1594/1445 1922/1592/1443
f 1925/1595/1446 1920/1590/1441 1923/1593/1444
f 1924/1594/1445 1921/1591/1442 1926/1596/1445
f 1920/1590/1441 1925/1595/1446 1927/1597/1447
f 1928/1598/1448 1924/1594/1445 1926/1596/1445
f 1929/1599/1449 1927/1597/1447 1925/1595/1446
f 1924/1594/1445 1928/1598/1448 1930/1600/1450
f 1927/1597/1447 1929/1599/1449 1931/1601/1449
f 1928/1598/1448 1932/1602/1451 1930/1600/1450
f 1933/1603/1452 1931/1601/1449 1929/1599/1449
f 1932/1602/1451 1928/1598/1448 1934/1604/1453
f 1933/1603/1452 1932/1602/1451 1934/1604/1453
f 1932/1602/1451 1933/1603/1452 1935/1605/1454
f 1929/1599/1449 1935/1605/1454 1933/1603/1452
f 1936/1606/346 1937/1607/135 1938/1608/135
f 1937/1607/135 1936/1606/346 1939/1609/1455
f 1941/1525/350 1940/1610/1456 1942/1611/348
f 1943/1612/1457 1944/1508/939 1945/1613/1458
f 1946/1614/1459 1947/1615/1460 1948/1616/1461
f 1946/1614/1459 1949/1617/1462 1950/1618/1463
f 1951/1619/1241 1952/1620/1464 1953/1621/1242
f 1951/1619/1241 1954/1622/1465 1955/1623/1466
f 1956/1624/1467 1957/1515/362 1958/1625/361
f 1961/1626/1468 1960/1578/1469 1959/1627/954
f 1962/1581/1470 1960/1578/1469 1961/1626/1468
f 1965/1628/1471 1963/1574/381 1964/1629/383
f 1966/1577/1472 1963/1574/381 1965/1628/1471
f 1967/1630/1473 1968/1631/1474 1969/1632/1474
f 1968/1631/1474 1967/1630/1473 1970/1633/1475
f 1971/1634/1476 1969/1632/1474 1968/1631/1474
f 1972/1635/1477 1970/1633/1475 1967/1630/1473
f 1969/1632/1474 1971/1634/1476 1973/1636/1478
f 1970/1633/1475 1972/1635/1477 1974/1637/1477
f 1975/1638/1479 1973/1636/1478 1971/1634/1476
f 1976/1639/1480 1974/1637/1477 1972/1635/1477
f 1971/1634/1476 1977/1640/1481 1975/1638/1479
f 1974/1637/1477 1976/1639/1480 1978/1641/1482
f 1977/1640/1481 1979/1642/1483 1975/1638/1479
f 1980/1643/1484 1978/1641/1482 1976/1639/1480
f 1979/1642/1483 1977/1640/1481 1981/1644/1485
f 1980/1643/1484 1979/1642/1483 1981/1644/1485
f 1978/1641/1482 1980/1643/1484 1982/1645/1484
f 1980/1643/1484 1981/1644/1485 1982/1645/1484
f 1985/1646/1486 1983/1647/1487 1984/1548/1488
f 1985/1646/1486 1984/1548/1488 1986/1550/1489
f 1988/1500/1253 1987/1648/1490 1989/1649/1251
f 1991/1650/1491 1993/1651/394 1990/1619/693
f 1994/1652/1492 1992/1653/1493 1990/1619/697
f 1997/1654/1494 1996/1655/404 1995/1552/1495
f 1995/1552/1495 1998/1554/1496 1997/1654/1494
f 2000/1656/1497 2002/1657/1498 1999/1614/705
f 2003/1658/1499 2001/1659/1500 1999/1614/1501
f 2006/1660/1502 2004/1661/1503 2005/1560/1504
f 2005/1560/1504 2007/1562/1505 2006/1660/1502
f 2008/1564/1506 2010/1662/1507 2009/1663/1508
f 2010/1662/1507 2008/1564/1506 2011/1566/1509
f 2012/1664/1510 1864/1533/1397 2013/1665/135
f 2013/1665/135 2014/1666/999 2012/1664/1510
f 2013/1665/135 2015/1667/1000 2014/1666/999
f 2015/1667/1000 2013/1665/135 2016/1668/1511
f 1864/1533/1397 2012/1664/1510 1866/1537/1002
f 1862/1535/1398 2013/1665/135 1864/1533/1397
f 2013/1665/135 1862/1535/1398 2017/1669/1512
f 2013/1665/135 2017/1669/1512 2018/1670/1513
f 2018/1670/1513 2016/1668/1511 2013/1665/135
f 2016/1668/1511 2019/1671/1007 2015/1667/1000
f 2019/1671/1007 2016/1668/1511 2020/1672/430
f 2021/1673/433 2020/1672/430 2016/1668/1511
f 2016/1668/1511 2018/1670/1513 2021/1673/433
f 2022/1674/1514 2024/1675/1515 2023/1518/1516
f 2025/1521/1517 2023/1518/1516 2024/1675/1515
f 2026/1588/454 2028/1676/1518 2027/1677/1015
f 2031/1678/1519 2029/1529/1298 2030/1679/1300
f 2032/1532/1520 2029/1529/1298 2031/1678/1519
f 2035/1680/1521 2033/1569/1522 2034/1681/1523
f 2038/1682/1524 2036/1584/1022 2037/1683/1525
f 2039/1557/1344 2041/1684/1526 2040/1685/1527
f 1902/1571/1425 1819/1686/1528 2042/1687/1529
f 2046/1688/1530 2044/1689/1531 2043/1690/1532
f 2049/1691/1533 2047/1692/1534 2045/1693/1035
f 2048/1694/1535 2049/1691/1533 2045/1693/1035
f 2049/1691/1533 1817/1489/1366 2047/1692/1534
f 2046/1688/1530 2047/1692/1534 1817/1489/1366
f 1810/1484/1363 1817/1489/1366 2049/1691/1533
f 1809/1479/1360 1810/1484/1363 2049/1691/1533
f 2049/1691/1533 2048/1694/1535 1809/1479/1360
f 1811/1485/765 1809/1479/1360 2048/1694/1535
f 2046/1688/1530 1817/1489/1366 2050/1695/1042
f 1817/1489/1366 1818/1490/1367 2050/1695/1042
f 2046/1688/1530 2051/1696/1536 2044/1689/1531
f 1813/1697/1537 2044/1689/1531 2051/1696/1536
f 2044/1689/1531 1813/1697/1537 2052/1698/1538
f 1813/1697/1537 2053/1699/1539 2052/1698/1538
f 2053/1699/1539 1813/1697/1537 1812/1700/1540
f 1811/1485/1541 2053/1699/1539 1812/1700/1540
f 2044/1689/1531 2052/1698/1538 2054/1701/1542
f 2053/1699/1539 2054/1701/1542 2052/1698/1538
f 2054/1701/1542 2042/1687/1529 2044/1689/1531
f 2042/1687/1529 2054/1701/1542 1902/1571/1425
f 2054/1701/1542 2053/1699/1539 1901/1572/329
f 1901/1572/329 1902/1571/1425 2054/1701/1542
f 2053/1699/1539 1811/1485/1541 1900/1702/900
f 2055/1703/481 2056/1704/1351 2057/1705/1351
f 2055/1703/481 2057/1705/1351 2058/1706/481
f 2063/1707/1044 2061/1708/1074 2059/1709/1074
f 2064/1710/1044 2062/1711/187 2060/1712/187
f 2061/1708/1074 2063/1707/1044 2064/1710/1044
f 2062/1711/187 2064/1710/1044 2063/1707/1044
f 2066/1713/485 2065/1714/485 2067/1715/1354
f 2067/1715/1354 2068/1716/1354 2066/1713/485
f 2069/1717/135 2071/1718/135 2070/1719/135
f 2071/1718/135 2069/1717/135 2072/1720/135
f 2075/1721/1543 2074/1722/1544 2073/1723/1545
f 2075/1721/1543 2073/1723/1545 2076/1724/1546
f 2077/1725/1547 2075/1721/1543 2076/1724/1546
f 2075/1721/1543 2077/1725/1547 2078/1726/1054
f 2081/1727/1548 2079/1728/1549 2080/1729/501
f 2082/1730/1550 2081/1727/1548 2080/1729/501
f 2079/1728/1549 2081/1727/1548 2083/1731/1551
f 2084/1732/1552 2083/1731/1551 2081/1727/1548
f 2085/1733/1060 2087/1734/1553 2086/1735/1554
f 2087/1734/1553 2085/1733/1060 2083/1731/1551
f 2083/1731/1551 2084/1732/1552 2087/1734/1553
f 2087/1734/1553 2088/1736/1365 2086/1735/1554
f 2088/1736/1365 2087/1734/1553 2089/1737/1555
f 2084/1732/1552 2089/1737/1555 2087/1734/1553
f 2091/1738/1556 2090/1739/1557 2089/1737/1555
f 2089/1737/1555 2084/1732/1552 2091/1738/1556
f 2090/1739/1557 2091/1738/1556 2092/1740/1558
f 2091/1738/1556 2093/1741/508 2092/1740/1558
f 2084/1732/1552 2094/1742/1559 2091/1738/1556
f 2093/1741/508 2091/1738/1556 2094/1742/1559
f 2094/1742/1559 2084/1732/1552 2095/1743/1560
f 2096/1744/1561 2095/1743/1560 2084/1732/1552
f 2084/1732/1552 2081/1727/1548 2096/1744/1561
f 2081/1727/1548 2082/1730/1550 2096/1744/1561
f 2099/1745/1562 2093/1741/508 2098/1746/520
f 2102/1747/1563 2103/1748/1563 2104/1749/1564
f 2104/1749/1564 2103/1748/1563 2105/1750/1565
f 2106/1751/1566 2104/1749/1564 2105/1750/1565
f 2104/1749/1564 2106/1751/1566 2107/1752/1566
f 2108/1753/1567 2109/1754/1568 2110/1755/1568
f 2111/1756/1569 2110/1755/1568 2109/1754/1568
f 2109/1754/1568 2108/1753/1567 2112/1757/209
f 2109/1754/1568 2113/1758/1570 2111/1756/1569
f 2115/1759/1571 2116/1760/1572 2114/1761/1376
f 2115/1759/1571 2117/1762/1573 2116/1760/1572
f 2118/1763/1574 2116/1760/1572 2117/1762/1573
f 2116/1760/1572 2118/1763/1574 2119/1764/1575
f 2120/1765/224 2119/1764/1575 2118/1763/1574
f 2119/1764/1575 2120/1765/224 2121/1766/531
f 2122/1767/1576 2123/1768/1577 2124/1769/1577
f 2122/1767/1576 2124/1769/1577 2125/1770/1578
f 2126/1748/1579 2122/1767/1576 2125/1770/1578
f 2122/1767/1576 2126/1748/1579 2127/1747/1579
f 2132/1771/1580 2128/1772/1581 2130/1773/1582
f 2132/1771/1580 2131/1774/245 2129/1775/1583
f 2128/1772/1581 2132/1771/1580 2133/1776/1584
f 2132/1771/1580 2129/1775/1583 2133/1776/1584
f 2136/1777/1585 2135/1778/1586 2134/1779/1390
f 2135/1778/1586 2136/1777/1585 2137/1780/1587
f 2136/1777/1585 2138/1781/1588 2137/1780/1587
f 2138/1781/1588 2136/1777/1585 2139/1782/1589
f 2139/1782/1589 2140/1783/1590 2138/1781/1588
f 2140/1783/1590 2139/1782/1589 2141/1784/1591
f 2142/1785/1592 2143/1786/1593 2144/1770/1594
f 2145/1787/1595 2144/1770/1594 2143/1786/1593
f 2144/1770/1594 2146/1769/1592 2142/1785/1592
f 2144/1770/1594 2145/1787/1595 2147/1748/1595
f 2148/1788/1596 2142/1785/1592 2146/1769/1592
f 2149/1750/1597 2147/1748/1595 2145/1787/1595
f 2142/1785/1592 2148/1788/1596 2150/1789/1598
f 2149/1750/1597 2145/1787/1595 2151/1790/1599
f 2152/1791/1600 2150/1789/1598 2148/1788/1596
f 2153/1792/1601 2149/1750/1597 2151/1790/1599
f 2148/1788/1596 2154/1793/1600 2152/1791/1600
f 2149/1750/1597 2153/1792/1601 2155/1751/1602
f 2156/1794/1603 2152/1791/1600 2154/1793/1600
f 2156/1794/1603 2155/1751/1602 2153/1792/1601
f 2152/1791/1600 2156/1794/1603 2157/1795/1604
f 2156/1794/1603 2153/1792/1601 2157/1795/1604
f 2159/1796/273 2158/1797/1605 2160/1798/1606
f 2160/1798/1606 2161/1799/1607 2159/1796/273
f 2161/1799/1607 2160/1798/1606 2162/1800/144
f 2162/1800/144 2163/1801/558 2161/1799/1607
f 2162/1800/144 2164/1802/1608 2163/1801/558
f 2164/1802/1608 2162/1800/144 2165/1803/1609
f 2166/1804/1610 2165/1803/1609 2162/1800/144
f 2165/1803/1609 2166/1804/1610 2167/1805/1126
f 2165/1803/1609 2168/1806/563 2164/1802/1608
f 2167/1805/1126 2169/1807/1611 2165/1803/1609
f 2168/1806/563 2165/1803/1609 2169/1807/1611
f 2173/1808/1612 2172/1809/1613 2170/1810/1401
f 2172/1809/1613 2173/1808/1612 2174/1800/693
f 2172/1809/1613 2175/1811/566 2171/1812/570
f 2175/1811/566 2172/1809/1613 2174/1800/693
f 2173/1808/1612 2176/1813/1614 2174/1800/693
f 2176/1813/1614 2175/1811/566 2174/1800/693
f 2176/1813/1614 2173/1808/1612 2177/1814/1403
f 2175/1811/566 2176/1813/1614 2178/1815/1615
f 2181/1816/1616 2180/1817/1617 2179/1818/1618
f 2180/1817/1617 2181/1816/1616 2182/1819/1619
f 2183/1820/1620 2182/1819/1619 2181/1816/1616
f 2182/1819/1619 2183/1820/1620 2184/1821/1621
f 2183/1820/1620 2185/1822/1622 2184/1821/1621
f 2186/1823/1623 2187/1824/1624 2188/1825/1625
f 2187/1824/1624 2186/1823/1623 2189/1826/1626
f 2190/1827/1627 2186/1823/1623 2188/1825/1625
f 2189/1826/1626 2191/1828/1628 2187/1824/1624
f 2190/1827/1627 2188/1825/1625 2192/1829/1629
f 2191/1828/1628 2189/1826/1626 2193/1830/1630
f 2194/1831/1631 2191/1828/1628 2193/1830/1630
f 2191/1828/1628 2194/1831/1631 2195/1832/1632
f 2198/1833/1633 2197/1834/1634 2196/1835/1635
f 2197/1834/1634 2198/1833/1633 2199/1836/1636
f 2200/1837/1637 2199/1836/1636 2198/1833/1633
f 2199/1836/1636 2200/1837/1637 2201/1838/1638
f 2200/1837/1637 2202/1839/1639 2201/1838/1638
f 2203/1840/1640 2204/1841/1426 2205/1842/1641
f 2205/1842/1641 2206/1843/1642 2203/1840/1640
f 2100/1844/1643 2203/1840/1640 2206/1843/1642
f 2206/1843/1642 2205/1842/1641 2207/1845/1644
f 2207/1845/1644 2097/1846/1645 2082/1730/1646
f 2206/1843/1642 2099/1745/1562 2100/1844/1643
f 2207/1845/1644 2208/1847/1647 2206/1843/1642
f 2099/1745/1562 2206/1843/1642 2208/1847/1647
f 2082/1730/1646 2209/1848/1648 2207/1845/1644
f 2207/1845/1644 2210/1849/619 2208/1847/1647
f 2210/1849/619 2099/1745/1562 2208/1847/1647
f 2210/1849/619 2207/1845/1644 2209/1848/1648
f 2099/1745/1562 2210/1849/619 2211/1850/1649
f 2093/1741/508 2099/1745/1562 2211/1850/1649
f 2212/1851/1650 2213/1852/1651 2214/1853/1652
f 2213/1852/1651 2212/1851/1650 2215/1854/1653
f 2216/1855/1654 2214/1853/1652 2213/1852/1651
f 2217/1856/1655 2215/1854/1653 2212/1851/1650
f 2216/1855/1654 2218/1857/1654 2214/1853/1652
f 2217/1856/1655 2219/1858/1656 2215/1854/1653
f 2216/1855/1654 2220/1859/1657 2218/1857/1654
f 2220/1859/1657 2216/1855/1654 2221/1860/1658
f 2223/1861/1659 2224/1862/1660 2222/1863/1661
f 2224/1862/1660 2223/1861/1659 2225/1864/1662
f 2225/1864/1662 2226/1865/1663 2224/1862/1660
f 2226/1865/1663 2225/1864/1662 2227/1866/1664
f 2226/1865/1663 2227/1866/1664 2228/1867/1665
f 2230/1868/1666 2231/1869/1667 2229/1870/1668
f 2231/1869/1667 2230/1868/1666 2232/1871/1669
f 2232/1871/1669 2233/1872/1670 2231/1869/1667
f 2233/1872/1670 2232/1871/1669 2234/1873/1671
f 2233/1872/1670 2234/1873/1671 2235/1874/1672
f 2236/1875/1673 2237/1752/1674 2238/1751/1675
f 2236/1875/1673 2238/1751/1675 2239/1794/1676
f 2240/1793/1677 2236/1875/1673 2239/1794/1676
f 2236/1875/1673 2240/1793/1677 2241/1876/1677
f 2242/1877/1678 2243/1878/1679 2244/1879/1680
f 2245/1880/1681 2242/1877/1678 2244/1879/1680
f 2245/1880/1681 2244/1879/1680 2246/1881/1681
f 2247/1882/1682 2245/1880/1681 2246/1881/1681
f 2245/1880/1681 2247/1882/1682 2248/1883/1683
f 2249/1884/1684 2248/1883/1683 2247/1882/1682
f 2248/1883/1683 2249/1884/1684 2250/1885/1685
f 2251/1886/1686 2250/1885/1685 2249/1884/1684
f 2250/1885/1685 2251/1886/1686 2252/1887/1687
f 2253/1888/1688 2252/1887/1687 2251/1886/1686
f 2252/1887/1687 2253/1888/1688 2254/1889/1689
f 2255/1890/1690 2257/1891/1691 2256/1892/1436
f 2258/1893/1678 2259/1894/1680 2260/1895/1692
f 2258/1893/1678 2261/1896/1693 2259/1894/1680
f 2262/1897/1693 2259/1894/1680 2261/1896/1693
f 2261/1896/1693 2263/1898/1694 2262/1897/1693
f 2263/1898/1694 2261/1896/1693 2264/1899/1695
f 2264/1899/1695 2265/1900/1696 2263/1898/1694
f 2265/1900/1696 2264/1899/1695 2266/1901/1697
f 2266/1901/1697 2267/1902/1698 2265/1900/1696
f 2267/1902/1698 2266/1901/1697 2268/1903/1699
f 2268/1903/1699 2269/1904/1700 2267/1902/1698
f 2269/1904/1700 2268/1903/1699 2270/1905/1701
f 2271/1906/1438 2272/1907/1702 2273/1908/1703
f 2274/1793/1704 2275/1788/1705 2276/1909/1706
f 2276/1909/1706 2277/1876/1704 2274/1793/1704
f 2278/1769/1707 2276/1909/1706 2275/1788/1705
f 2276/1909/1706 2278/1769/1707 2279/1768/1707
f 2281/1910/1708 2282/1911/144 2280/1912/1708
f 2282/1911/144 2281/1910/1708 2283/1913/144
f 2285/1914/1709 2282/1911/144 2283/1913/144
f 2285/1914/1709 2283/1913/144 2284/1915/1709
f 2286/1916/144 2287/1917/144 2288/1918/144
f 2286/1916/144 2289/1919/144 2287/1917/144
f 2286/1916/144 2290/1920/144 2289/1919/144
f 2289/1919/144 2290/1920/144 2291/1921/144
f 2290/1920/144 2286/1916/144 2292/1922/144
f 2292/1922/144 2286/1916/144 2293/1923/144
f 2294/1924/144 2295/1925/144 2296/1926/144
f 2297/1927/144 2294/1924/144 2296/1926/144
f 2297/1927/144 2298/1928/144 2294/1924/144
f 2298/1928/144 2297/1927/144 2299/1929/144
f 2295/1925/144 2294/1924/144 2300/1930/144
f 2301/1931/144 2295/1925/144 2300/1930/144
f 2295/1925/144 2301/1931/144 2302/1932/144
f 2303/1933/144 2302/1932/144 2301/1931/144
f 2303/1933/144 2304/1934/144 2302/1932/144
f 2302/1932/144 2304/1934/144 2305/1935/144
f 2303/1933/144 2306/1936/144 2304/1934/144
f 2304/1934/144 2306/1936/144 2307/1937/144
f 2306/1936/144 2303/1933/144 2308/1938/144
f 2309/1937/144 2310/1935/144 2311/1934/144
f 2312/1939/144 2313/1940/144 2314/1941/144
f 2312/1939/144 2314/1941/144 2315/1942/144
f 2312/1939/144 2316/1943/144 2313/1940/144
f 2313/1940/144 2316/1943/144 2317/1944/144
f 2316/1943/144 2312/1939/144 2318/1945/144
f 2318/1945/144 2312/1939/144 2319/1946/144
f 2320/1947/144 2321/1948/1709 2322/1949/144
f 2321/1948/1709 2320/1947/144 2323/1950/1709
f 2322/1949/144 2324/1951/1708 2320/1947/144
f 2324/1951/1708 2322/1949/144 2325/1952/1708
f 2327/1953/1710 2328/1771/144 2326/1773/1710
f 2327/1953/1710 2329/1954/144 2328/1771/144
f 2329/1954/144 2330/1774/1708 2328/1771/144
f 2329/1954/144 2331/1955/1708 2330/1774/1708
f 2332/1956/113 2333/1957/943 2335/1958/1711
f 2336/1959/1712 2334/1960/944 2332/1956/113
f 2337/1961/1713 2338/1895/1714 2339/1962/1715
f 2340/1963/1716 2337/1961/1713 2339/1962/1715
f 2337/1961/1713 2340/1963/1716 2341/1964/1716
f 2342/1965/1717 2341/1964/1716 2340/1963/1716
f 2340/1963/1716 2343/1966/1718 2342/1965/1717
f 2344/1967/1719 2342/1965/1717 2343/1966/1718
f 2343/1966/1718 2345/1968/1720 2344/1967/1719
f 2346/1969/1721 2344/1967/1719 2345/1968/1720
f 2345/1968/1720 2347/1970/1722 2346/1969/1721
f 2347/1970/1722 2348/1971/1467 2346/1969/1721
f 2349/1972/1723 2348/1971/1467 2347/1970/1722
f 2350/1779/362 2348/1971/1467 2349/1972/1723
f 2352/1973/1724 2353/1908/1725 2351/1974/672
f 2354/1975/1726 2355/1976/1727 2356/1878/1728
f 2354/1975/1726 2357/1977/1729 2355/1976/1727
f 2357/1977/1729 2354/1975/1726 2358/1978/1729
f 2359/1979/1730 2357/1977/1729 2358/1978/1729
f 2360/1980/1731 2357/1977/1729 2359/1979/1730
f 2361/1981/1732 2360/1980/1731 2359/1979/1730
f 2362/1982/1733 2360/1980/1731 2361/1981/1732
f 2363/1983/1734 2362/1982/1733 2361/1981/1732
f 2362/1982/1733 2363/1983/1734 2364/1984/1735
f 2364/1984/1735 2363/1983/1734 2365/1985/1736
f 2364/1984/1735 2365/1985/1736 2366/1986/1737
f 2365/1985/1736 2367/1761/1253 2366/1986/1737
f 2369/1987/1738 2368/1988/690 2370/1891/1739
f 2372/1989/1740 2373/1990/1741 2371/1991/1742
f 2372/1989/1740 2374/1992/1743 2373/1990/1741
f 2374/1992/1743 2375/1993/704 2373/1990/1741
f 2375/1993/704 2374/1992/1743 2376/1994/702
f 2377/1956/710 2378/1995/985 2379/1996/1744
f 2380/1997/1745 2381/1998/987 2377/1956/1746
f 2382/1999/1747 2384/1954/1748 2383/1953/1749
f 2382/1999/1747 2385/2000/1750 2384/1954/1748
f 2386/2001/1751 2384/1954/1748 2385/2000/1750
f 2384/1954/1748 2386/2001/1751 2387/1955/1752
f 2388/2002/1753 2389/2003/1754 2390/2004/1755
f 2389/2003/1754 2391/2005/1756 2390/2004/1755
f 2392/2006/1757 2388/2002/1753 2390/2004/1755
f 2393/2007/1758 2391/2005/1756 2389/2003/1754
f 2388/2002/1753 2392/2006/1757 2394/2008/1759
f 2391/2005/1756 2393/2007/1758 2395/2009/1760
f 2392/2006/1757 2396/2010/1761 2394/2008/1759
f 2392/2006/1757 2397/2011/1762 2396/2010/1761
f 2399/2012/1763 2400/2013/1764 2398/2014/1765
f 2401/2015/1766 2400/2013/1764 2399/2012/1763
f 2401/2015/1766 2402/2016/1767 2400/2013/1764
f 2402/2016/1767 2401/2015/1766 2403/2017/1768
f 2403/2017/1768 2404/1867/1769 2402/2016/1767
f 2162/1800/144 2405/2018/1512 2166/1804/1610
f 2162/1800/144 2406/2019/1770 2405/2018/1512
f 2160/1798/1606 2407/2020/433 2406/2019/1770
f 2407/2020/433 2160/1798/1606 2158/1797/1605
f 2406/2019/1770 2162/1800/144 2160/1798/1606
f 2408/2021/1771 2409/2022/1772 2410/2023/1773
f 2409/2022/1772 2408/2021/1771 2411/2024/1774
f 2410/2023/1773 2412/2025/1775 2408/2021/1771
f 2411/2024/1774 2413/2026/1776 2409/2022/1772
f 2412/2025/1775 2410/2023/1773 2414/2027/1777
f 2413/2026/1776 2411/2024/1774 2415/2028/1778
f 2414/2027/1777 2416/2029/1779 2412/2025/1775
f 2412/2025/1775 2416/2029/1779 2417/2030/1516
f 2419/2031/1780 2418/2032/1515 2420/2033/1781
f 2421/2034/1782 2419/2031/1780 2420/2033/1781
f 2422/2035/1783 2421/2034/1782 2420/2033/1781
f 2423/2036/1784 2421/2034/1782 2422/2035/1783
f 2423/2036/1784 2422/2035/1783 2424/1839/1785
f 2425/2037/1786 2427/2038/1787 2426/2039/1788
f 2428/2040/1789 2426/2039/1788 2427/2038/1787
f 2428/2040/1789 2427/2038/1787 2429/2041/1790
f 2430/2042/736 2428/2040/1789 2429/2041/1790
f 2433/2043/1791 2432/2044/1792 2431/2045/1793
f 2432/2044/1792 2433/2043/1791 2434/2046/1794
f 2434/2046/1794 2433/2043/1791 2435/2047/1795
f 2433/2043/1791 2436/2048/1796 2435/2047/1795
f 2437/2049/1797 2435/2047/1795 2436/2048/1796
f 2437/2049/1797 2436/2048/1796 2438/2050/1523
f 2443/1754/1798 2439/2051/1799 2441/1758/1800
f 2443/1754/1798 2442/1757/479 2440/2052/1801
f 2439/2051/1799 2443/1754/1798 2444/2053/1798
f 2443/1754/1798 2440/2052/1801 2444/2053/1798
f 2446/2054/1802 2447/2055/1803 2445/2056/1804
f 2447/2055/1803 2446/2054/1802 2448/2057/1805
f 2448/2057/1805 2449/2058/1806 2447/2055/1803
f 2447/2055/1803 2449/2058/1806 2450/2059/1807
f 2451/2060/1344 2450/2059/1807 2449/2058/1806
f 2450/2059/1807 2451/2060/1344 2452/2061/1808
f 2203/1840/1640 2100/1844/1643 2101/2062/1528
f 2453/2063/1809 2455/1721/1810 2454/1726/1811
f 2453/2063/1809 2456/2064/1810 2455/1721/1810
f 2457/2065/1812 2455/1721/1810 2456/2064/1810
f 2455/1721/1810 2457/2065/1812 2458/1722/1813
