# Blender 5.2.0 LTS
# www.blender.org
mtllib skull grenade handleeeeee.mtl
o handle_skull_grenade
v 0.869801 -0.147370 0.000000
v 0.866544 -0.008940 0.210302
v 0.869801 -0.045229 0.246591
v 0.869801 0.201362 0.348732
v 0.866544 -0.096050 0.000000
v 0.866544 0.201362 0.297412
v 0.866544 -0.008940 -0.210302
v 0.866544 0.411664 0.210302
v 0.869801 -0.045229 -0.246591
v 0.869801 0.447953 0.246591
v 0.869801 0.201362 -0.348732
v 0.869801 0.550094 -0.000000
v 0.866544 0.201362 -0.297412
v 0.866544 0.498774 -0.000000
v 0.866544 0.411664 -0.210302
v 0.869801 0.447953 -0.246591
v 0.824334 -0.175212 0.000000
v 0.869801 -0.045229 0.246591
v 0.824334 -0.064916 0.266278
v 0.824334 0.201362 0.376574
v 0.869801 -0.147370 0.000000
v 0.869801 0.201362 0.348732
v 0.869801 -0.045229 -0.246591
v 0.869801 0.447953 0.246591
v 0.824334 -0.064916 -0.266278
v 0.824334 0.467640 0.266278
v 0.824334 0.201362 -0.376574
v 0.824334 0.577936 -0.000000
v 0.869801 0.201362 -0.348732
v 0.869801 0.550094 -0.000000
v 0.869801 0.447953 -0.246591
v 0.824334 0.467640 -0.266278
v 0.866544 -0.096050 0.000000
v 0.824334 0.006665 0.194697
v 0.866544 -0.008940 0.210302
v 0.866544 0.201362 0.297412
v 0.824334 -0.073981 0.000000
v 0.824334 0.201362 0.275343
v 0.824334 0.006665 -0.194697
v 0.824334 0.396059 0.194697
v 0.866544 -0.008940 -0.210302
v 0.866544 0.411664 0.210302
v 0.866544 0.201362 -0.297412
v 0.866544 0.498774 -0.000000
v 0.824334 0.201362 -0.275343
v 0.824334 0.476705 -0.000000
v 0.824334 0.396059 -0.194697
v 0.866544 0.411664 -0.210302
v 0.364122 -0.494336 -0.024305
v 0.418661 -0.498593 -0.060186
v 0.383332 -0.494795 0.001629
v 0.443547 -0.494772 -0.019397
v 0.338367 -0.513616 -0.110448
v 0.305862 -0.510097 -0.053538
v 0.198590 -0.497072 -0.128703
v 0.202373 -0.500435 -0.066530
v 0.115036 -0.480053 -0.091241
v 0.145420 -0.489058 -0.040986
v 0.045426 -0.410112 -0.036053
v 0.074518 -0.430858 0.005692
v 0.099686 -0.313750 -0.001473
v 0.418661 -0.498593 0.060186
v 0.383332 -0.494795 -0.001629
v 0.443547 -0.494772 0.019397
v 0.364122 -0.494336 0.024305
v 0.338367 -0.513616 0.110448
v 0.305862 -0.510097 0.053538
v 0.198590 -0.497072 0.128703
v 0.202373 -0.500435 0.066530
v 0.115036 -0.480053 0.091241
v 0.145420 -0.489058 0.040986
v 0.045426 -0.410112 0.036053
v 0.074518 -0.430858 -0.005692
v 0.099686 -0.313750 0.001473
v 0.294639 0.415136 -0.079274
v 0.108748 0.433357 -0.044176
v 0.294639 0.414220 -0.026819
v 0.675609 0.409628 -0.026819
v 0.675609 0.410544 -0.079274
v 0.105052 0.433385 -0.103559
v -0.122265 0.446878 -0.046562
v -0.122270 0.446913 -0.123351
v -0.290604 0.411320 -0.051328
v -0.290612 0.411352 -0.122158
v -0.456329 0.351605 -0.099280
v -0.471328 0.351574 -0.033112
v -0.594848 0.276923 -0.070707
v -0.604617 0.277780 -0.011122
v 0.108748 0.433357 0.044176
v 0.294639 0.415136 0.079274
v 0.294639 0.414220 0.026819
v 0.675609 0.409628 0.026819
v 0.675609 0.410544 0.079274
v 0.105052 0.433385 0.103559
v -0.122265 0.446878 0.046562
v -0.122270 0.446913 0.123351
v -0.290604 0.411320 0.051328
v -0.290612 0.411352 0.122158
v -0.456329 0.351605 0.099280
v -0.471328 0.351574 0.033112
v -0.594848 0.276923 0.070707
v -0.604617 0.277780 0.011122
v -0.471495 0.132507 -0.029483
v -0.634030 -0.030546 0.029487
v -0.463686 0.120635 0.043612
v -0.639802 -0.022104 -0.023120
v -0.279392 0.237856 -0.029483
v -0.274363 0.224566 0.043612
v -0.104526 0.275779 -0.029483
v -0.101269 0.261948 0.043612
v 0.096478 0.302182 -0.025742
v 0.098209 0.290441 0.035308
v 0.294639 0.307471 -0.022775
v 0.294639 0.297460 0.028723
v 0.671368 0.295322 0.027926
v 0.671998 0.305313 -0.023573
v 0.654721 -0.031266 -0.008923
v 0.684495 -0.021160 -0.055104
v 0.683607 0.010836 -0.039030
v 0.682955 0.051079 -0.117891
v 0.682369 0.089605 -0.061558
v 0.656611 0.118865 -0.128680
v 0.647894 0.137345 -0.065217
v 0.639354 0.165176 -0.083021
v 0.634570 0.170809 -0.134606
v 0.610935 0.216868 -0.114307
v 0.614124 0.178519 -0.074022
v 0.612989 0.234523 -0.018603
v 0.654721 -0.031266 0.008923
v 0.683607 0.010836 0.039030
v 0.684495 -0.021160 0.055104
v 0.682955 0.051079 0.117891
v 0.682369 0.089605 0.061558
v 0.656611 0.118865 0.128680
v 0.647894 0.137345 0.065217
v 0.639354 0.165176 0.083021
v 0.634570 0.170809 0.134606
v 0.610935 0.216868 0.114307
v 0.614124 0.178519 0.074022
v 0.612989 0.234523 0.018603
v 0.472191 -0.444590 0.026923
v 0.418661 -0.498593 0.060186
v 0.443547 -0.494772 0.019397
v 0.448762 -0.443678 0.074646
v 0.358448 -0.459134 0.138994
v 0.338367 -0.513616 0.110448
v 0.212810 -0.444318 0.158776
v 0.198590 -0.497072 0.128703
v 0.123516 -0.434275 0.125917
v 0.115036 -0.480053 0.091241
v 0.045426 -0.410112 0.036053
v 0.067029 -0.383029 0.076383
v 0.099686 -0.313750 0.001473
v 0.418661 -0.498593 -0.060186
v 0.472191 -0.444590 -0.026923
v 0.443547 -0.494772 -0.019397
v 0.448762 -0.443678 -0.074646
v 0.358448 -0.459134 -0.138994
v 0.338367 -0.513616 -0.110448
v 0.212810 -0.444318 -0.158776
v 0.198590 -0.497072 -0.128703
v 0.123516 -0.434275 -0.125917
v 0.115036 -0.480053 -0.091241
v 0.045426 -0.410112 -0.036053
v 0.067029 -0.383029 -0.076383
v 0.099686 -0.313750 -0.001473
v 0.103361 0.379113 0.132523
v 0.294639 0.366791 0.105564
v 0.294639 0.415136 0.079274
v 0.675609 0.410544 0.079274
v 0.675609 0.362200 0.105564
v 0.105052 0.433385 0.103559
v -0.111398 0.377581 0.160804
v -0.122270 0.446913 0.123351
v -0.290612 0.411352 0.122158
v -0.276958 0.348074 0.156705
v -0.456329 0.351605 0.099280
v -0.434760 0.291344 0.128320
v -0.594848 0.276923 0.070707
v -0.577314 0.222987 0.096873
v 0.294639 0.366791 -0.105564
v 0.103361 0.379113 -0.132523
v 0.294639 0.415136 -0.079274
v 0.675609 0.410544 -0.079274
v 0.675609 0.362200 -0.105564
v 0.105052 0.433385 -0.103559
v -0.111398 0.377581 -0.160804
v -0.122270 0.446913 -0.123351
v -0.290612 0.411352 -0.122158
v -0.276958 0.348074 -0.156705
v -0.456329 0.351605 -0.099280
v -0.434760 0.291344 -0.128320
v -0.594848 0.276923 -0.070707
v -0.577314 0.222987 -0.096873
v 0.459172 -0.314265 -0.028800
v 0.500237 -0.318102 -0.055853
v 0.487349 -0.279245 -0.003003
v 0.515737 -0.279667 -0.012917
v 0.425398 -0.346632 -0.110448
v 0.392950 -0.342618 -0.053538
v 0.290035 -0.330365 -0.127384
v 0.287401 -0.328896 -0.063109
v 0.193798 -0.282847 -0.057700
v 0.168754 -0.270462 -0.107210
v 0.112755 -0.222735 -0.038921
v 0.143118 -0.249467 -0.000633
v 0.167949 -0.146536 0.000000
v 0.500237 -0.318102 0.055853
v 0.487349 -0.279245 0.003003
v 0.515737 -0.279667 0.012917
v 0.459172 -0.314265 0.028800
v 0.425398 -0.346632 0.110448
v 0.392950 -0.342618 0.053538
v 0.290035 -0.330365 0.127384
v 0.287401 -0.328896 0.063109
v 0.193798 -0.282847 0.057700
v 0.168754 -0.270462 0.107210
v 0.112755 -0.222735 0.038921
v 0.143118 -0.249467 0.000633
v 0.167949 -0.146536 0.000000
v 0.654721 -0.031266 0.008923
v 0.684495 -0.021160 0.055104
v 0.654367 -0.040314 0.060623
v 0.630937 0.022263 0.138511
v 0.682955 0.051079 0.117891
v 0.602561 0.089801 0.157644
v 0.656611 0.118865 0.128680
v 0.634570 0.170809 0.134606
v 0.582656 0.173029 0.155338
v 0.610935 0.216868 0.114307
v 0.566558 0.241366 0.125368
v 0.612989 0.234523 0.018603
v 0.654721 -0.031266 -0.008923
v 0.654367 -0.040314 -0.060623
v 0.684495 -0.021160 -0.055104
v 0.630937 0.022263 -0.138511
v 0.682955 0.051079 -0.117891
v 0.602561 0.089801 -0.157644
v 0.656611 0.118865 -0.128680
v 0.634570 0.170809 -0.134606
v 0.582656 0.173029 -0.155338
v 0.610935 0.216868 -0.114307
v 0.566558 0.241366 -0.125368
v 0.612989 0.234523 -0.018603
v 0.589916 -0.159871 0.000000
v 0.544637 -0.209262 0.030229
v 0.565335 -0.218398 0.000000
v 0.527057 -0.301233 0.037808
v 0.574802 -0.129237 0.042598
v 0.546887 -0.308832 0.000000
v 0.636581 -0.112125 0.000000
v 0.483451 -0.416943 0.022849
v 0.628591 -0.081965 0.025777
v 0.715892 -0.068998 0.026652
v 0.716758 -0.087390 0.000000
v 0.498219 -0.419538 0.000000
v 0.436905 -0.496655 0.029110
v 0.457569 -0.504445 0.000000
v 0.361190 -0.577936 0.000000
v 0.574802 -0.129237 -0.042598
v 0.589916 -0.159871 0.000000
v 0.544637 -0.209262 -0.030229
v 0.565335 -0.218398 0.000000
v 0.636581 -0.112125 0.000000
v 0.527057 -0.301233 -0.037808
v 0.628591 -0.081965 -0.025777
v 0.715892 -0.068998 -0.026652
v 0.716758 -0.087390 0.000000
v 0.546887 -0.308832 0.000000
v 0.483451 -0.416943 -0.022849
v 0.498219 -0.419538 0.000000
v 0.436905 -0.496655 -0.029110
v 0.457569 -0.504445 0.000000
v 0.361190 -0.577936 0.000000
v 0.523561 -0.277050 0.066755
v 0.515737 -0.279667 0.012917
v 0.529602 -0.256215 0.016465
v 0.500237 -0.318102 0.055853
v 0.425398 -0.346632 0.110448
v 0.446307 -0.292462 0.138994
v 0.307386 -0.278501 0.159341
v 0.290035 -0.330365 0.127384
v 0.168754 -0.270462 0.107210
v 0.180360 -0.223590 0.139262
v 0.133250 -0.190914 0.074079
v 0.112755 -0.222735 0.038921
v 0.167949 -0.146536 0.000000
v 0.500237 -0.318102 -0.055853
v 0.523561 -0.277050 -0.066755
v 0.515737 -0.279667 -0.012917
v 0.529602 -0.256215 -0.016465
v 0.425398 -0.346632 -0.110448
v 0.446307 -0.292462 -0.138994
v 0.307386 -0.278501 -0.159341
v 0.290035 -0.330365 -0.127384
v 0.168754 -0.270462 -0.107210
v 0.180360 -0.223590 -0.139262
v 0.133250 -0.190914 -0.074079
v 0.112755 -0.222735 -0.038921
v 0.167949 -0.146536 0.000000
v -0.639802 -0.022104 -0.023120
v -0.431761 0.072103 -0.080123
v -0.610433 -0.065059 -0.059566
v -0.471495 0.132507 -0.029483
v -0.253802 0.170236 -0.080123
v -0.279392 0.237856 -0.029483
v -0.104526 0.275779 -0.029483
v -0.087958 0.205403 -0.080123
v 0.096478 0.302182 -0.025742
v 0.105287 0.242441 -0.068038
v 0.294639 0.307471 -0.022775
v 0.294639 0.256532 -0.058454
v 0.668796 0.254475 -0.059251
v 0.671998 0.305313 -0.023573
v 0.608155 -0.035928 -0.008923
v 0.630138 -0.007276 -0.056965
v 0.606884 0.021196 -0.038503
v 0.578311 0.047783 -0.118597
v 0.554984 0.077754 -0.063657
v 0.498228 0.121440 -0.083579
v 0.507301 0.111704 -0.148529
v 0.459356 0.160730 -0.139430
v 0.472373 0.149939 -0.086395
v 0.412826 0.245301 -0.064100
v 0.419569 0.239710 -0.036624
v 0.608155 -0.035928 0.008923
v 0.606884 0.021196 0.038503
v 0.630138 -0.007276 0.056965
v 0.578311 0.047783 0.118597
v 0.554984 0.077754 0.063657
v 0.498228 0.121440 0.083579
v 0.507301 0.111704 0.148529
v 0.459356 0.160730 0.139430
v 0.472373 0.149939 0.086395
v 0.412826 0.245301 0.064100
v 0.419569 0.239710 0.036624
v 0.608155 -0.035928 0.008923
v 0.630138 -0.007276 0.056965
v 0.616180 -0.045829 0.063303
v 0.555294 -0.006847 0.139304
v 0.578311 0.047783 0.118597
v 0.469561 0.063199 0.175434
v 0.507301 0.111704 0.148529
v 0.459356 0.160730 0.139430
v 0.409179 0.158363 0.154596
v 0.412826 0.245301 0.064100
v 0.386830 0.244074 0.071957
v 0.608155 -0.035928 -0.008923
v 0.616180 -0.045829 -0.063303
v 0.630138 -0.007276 -0.056965
v 0.555294 -0.006847 -0.139304
v 0.578311 0.047783 -0.118597
v 0.469561 0.063199 -0.175434
v 0.507301 0.111704 -0.148529
v 0.459356 0.160730 -0.139430
v 0.409179 0.158363 -0.154596
v 0.412826 0.245301 -0.064100
v 0.386830 0.244074 -0.071957
v 0.294639 0.414220 -0.026819
v 0.110754 0.379113 -0.015259
v 0.294639 0.366791 -0.002038
v 0.675609 0.409628 -0.026819
v 0.675609 0.362200 -0.002038
v 0.108748 0.433357 -0.044176
v -0.111398 0.377581 -0.009170
v -0.122265 0.446878 -0.046562
v -0.290604 0.411320 -0.051328
v -0.276958 0.348074 -0.016836
v -0.471328 0.351574 -0.033112
v -0.464393 0.291344 0.002338
v -0.604617 0.277780 -0.011122
v -0.596526 0.224756 0.020807
v 0.294639 0.414220 0.026819
v 0.110754 0.379113 0.015259
v 0.108748 0.433357 0.044176
v 0.294639 0.366791 0.002038
v 0.675609 0.409628 0.026819
v 0.675609 0.362200 0.002038
v -0.111398 0.377581 0.009170
v -0.122265 0.446878 0.046562
v -0.290604 0.411320 0.051328
v -0.276958 0.348074 0.016836
v -0.471328 0.351574 0.033112
v -0.464393 0.291344 -0.002338
v -0.604617 0.277780 0.011122
v -0.596526 0.224756 -0.020807
v 0.340621 -0.434408 -0.010503
v 0.383332 -0.494795 0.001629
v 0.356033 -0.436072 0.012652
v 0.364122 -0.494336 -0.024305
v 0.295467 -0.453391 -0.026640
v 0.305862 -0.510097 -0.053538
v 0.224845 -0.446700 -0.033397
v 0.202373 -0.500435 -0.066530
v 0.186879 -0.448008 -0.025508
v 0.145420 -0.489058 -0.040986
v 0.128884 -0.418778 0.010366
v 0.074518 -0.430858 0.005692
v 0.099686 -0.313750 -0.001473
v 0.383332 -0.494795 -0.001629
v 0.340621 -0.434408 0.010503
v 0.356033 -0.436072 -0.012652
v 0.364122 -0.494336 0.024305
v 0.295467 -0.453391 0.026640
v 0.305862 -0.510097 0.053538
v 0.224845 -0.446700 0.033397
v 0.202373 -0.500435 0.066530
v 0.186879 -0.448008 0.025508
v 0.145420 -0.489058 0.040986
v 0.128884 -0.418778 -0.010366
v 0.074518 -0.430858 -0.005692
v 0.099686 -0.313750 0.001473
v 0.559947 -0.130621 0.066577
v 0.551184 -0.151456 0.012615
v 0.564862 -0.129555 0.015978
v 0.535810 -0.170796 0.055755
v 0.461885 -0.197908 0.109758
v 0.483358 -0.143968 0.138707
v 0.363361 -0.140150 0.158685
v 0.343701 -0.191255 0.126274
v 0.211328 -0.132734 0.134306
v 0.226647 -0.084580 0.162589
v 0.185607 -0.053272 0.035146
v 0.207767 -0.017824 0.066083
v 0.242677 0.007901 -0.000730
v 0.559947 -0.130621 -0.066577
v 0.551184 -0.151456 -0.012615
v 0.535810 -0.170796 -0.055755
v 0.564862 -0.129555 -0.015978
v 0.461885 -0.197908 -0.109758
v 0.483358 -0.143968 -0.138707
v 0.363361 -0.140150 -0.158685
v 0.343701 -0.191255 -0.126274
v 0.211328 -0.132734 -0.134306
v 0.226647 -0.084580 -0.162589
v 0.185607 -0.053272 -0.035146
v 0.207767 -0.017824 -0.066083
v 0.242677 0.007901 0.000730
v 0.570318 -0.064107 0.008093
v 0.582988 -0.026940 0.072353
v 0.586742 -0.072101 0.079358
v 0.511407 -0.061003 0.139056
v 0.509962 -0.001446 0.118444
v 0.400856 -0.023665 0.158150
v 0.418872 0.034122 0.131570
v 0.349916 0.076398 0.160912
v 0.304541 0.053658 0.176207
v 0.317717 0.125717 0.105908
v 0.276348 0.131067 0.107789
v 0.293451 0.170307 0.060936
v 0.316324 0.167349 0.059896
v 0.570318 -0.064107 -0.008093
v 0.586742 -0.072101 -0.079358
v 0.582988 -0.026940 -0.072353
v 0.511407 -0.061003 -0.139056
v 0.509962 -0.001446 -0.118444
v 0.400856 -0.023665 -0.158150
v 0.418872 0.034122 -0.131570
v 0.349916 0.076398 -0.160912
v 0.304541 0.053658 -0.176207
v 0.317717 0.125717 -0.105908
v 0.276348 0.131067 -0.107789
v 0.293451 0.170307 -0.060936
v 0.316324 0.167349 -0.059896
v -0.101269 0.261948 0.043612
v -0.248737 0.156852 0.066561
v -0.084679 0.191473 0.066561
v -0.274363 0.224566 0.043612
v 0.098209 0.290441 0.035308
v -0.463686 0.120635 0.043612
v 0.107030 0.230616 0.054476
v -0.423895 0.060147 0.066561
v -0.634030 -0.030546 0.029487
v -0.604620 -0.073561 0.046005
v 0.294639 0.297460 0.028723
v 0.294639 0.246449 0.044892
v 0.668162 0.244413 0.044094
v 0.671368 0.295322 0.027926
v 0.654721 -0.031266 -0.008923
v 0.683607 0.010836 -0.039030
v 0.651099 0.020679 -0.024526
v 0.682369 0.089605 -0.061558
v 0.628293 0.091324 -0.028058
v 0.647894 0.137345 -0.065217
v 0.596208 0.120823 -0.035407
v 0.592821 0.152265 -0.047043
v 0.639354 0.165176 -0.083021
v 0.614124 0.178519 -0.074022
v 0.563728 0.159554 -0.045771
v 0.612989 0.234523 -0.018603
v 0.654721 -0.031266 0.008923
v 0.651099 0.020679 0.024526
v 0.683607 0.010836 0.039030
v 0.682369 0.089605 0.061558
v 0.628293 0.091324 0.028058
v 0.647894 0.137345 0.065217
v 0.596208 0.120823 0.035407
v 0.592821 0.152265 0.047043
v 0.639354 0.165176 0.083021
v 0.614124 0.178519 0.074022
v 0.563728 0.159554 0.045771
v 0.612989 0.234523 0.018603
v 0.495150 -0.165996 -0.028901
v 0.535810 -0.170796 -0.055755
v 0.524296 -0.150401 -0.003219
v 0.551184 -0.151456 -0.012615
v 0.461885 -0.197908 -0.109758
v 0.429306 -0.192691 -0.052626
v 0.343701 -0.191255 -0.126274
v 0.334995 -0.186494 -0.061470
v 0.232740 -0.149910 -0.086533
v 0.211328 -0.132734 -0.134306
v 0.185607 -0.053272 -0.035146
v 0.215606 -0.085358 0.000000
v 0.242677 0.007901 0.000730
v 0.535810 -0.170796 0.055755
v 0.524296 -0.150401 0.003219
v 0.551184 -0.151456 0.012615
v 0.495150 -0.165996 0.028901
v 0.461885 -0.197908 0.109758
v 0.429306 -0.192691 0.052626
v 0.343701 -0.191255 0.126274
v 0.334995 -0.186494 0.061470
v 0.232740 -0.149910 0.086533
v 0.211328 -0.132734 0.134306
v 0.185607 -0.053272 0.035146
v 0.215606 -0.085358 0.000000
v 0.242677 0.007901 -0.000730
v 0.570318 -0.064107 0.008093
v 0.586742 -0.072101 0.079358
v 0.553260 -0.101768 0.069028
v 0.511407 -0.061003 0.139056
v 0.479715 -0.108669 0.108209
v 0.400856 -0.023665 0.158150
v 0.372772 -0.068218 0.123754
v 0.276583 0.012300 0.147229
v 0.304541 0.053658 0.176207
v 0.251749 0.110701 0.083552
v 0.276348 0.131067 0.107789
v 0.293451 0.170307 0.060936
v 0.279850 0.159046 0.047535
v 0.570318 -0.064107 -0.008093
v 0.553260 -0.101768 -0.069028
v 0.586742 -0.072101 -0.079358
v 0.511407 -0.061003 -0.139056
v 0.479715 -0.108669 -0.108209
v 0.400856 -0.023665 -0.158150
v 0.372772 -0.068218 -0.123754
v 0.276583 0.012300 -0.147229
v 0.304541 0.053658 -0.176207
v 0.251749 0.110701 -0.083552
v 0.276348 0.131067 -0.107789
v 0.293451 0.170307 -0.060936
v 0.279850 0.159046 -0.047535
v 0.570318 -0.064107 -0.008093
v 0.582988 -0.026940 -0.072353
v 0.546503 -0.009061 -0.051948
v 0.509962 -0.001446 -0.118444
v 0.476233 0.016205 -0.063098
v 0.418872 0.034122 -0.131570
v 0.407298 0.040366 -0.065271
v 0.369537 0.068871 -0.108767
v 0.349916 0.076398 -0.160912
v 0.317717 0.125717 -0.105908
v 0.336568 0.093708 -0.081770
v 0.326747 0.149651 -0.046550
v 0.316324 0.167349 -0.059896
v 0.570318 -0.064107 0.008093
v 0.546503 -0.009061 0.051948
v 0.582988 -0.026940 0.072353
v 0.509962 -0.001446 0.118444
v 0.476233 0.016205 0.063098
v 0.418872 0.034122 0.131570
v 0.407298 0.040366 0.065271
v 0.369537 0.068871 0.108767
v 0.349916 0.076398 0.160912
v 0.317717 0.125717 0.105908
v 0.336568 0.093708 0.081770
v 0.326747 0.149651 0.046550
v 0.316324 0.167349 0.059896
v 0.442144 -0.268818 -0.018394
v 0.487349 -0.279245 -0.003003
v 0.474902 -0.251364 0.002194
v 0.459172 -0.314265 -0.028800
v 0.383421 -0.285760 -0.026640
v 0.392950 -0.342618 -0.053538
v 0.287401 -0.328896 -0.063109
v 0.302560 -0.273472 -0.032041
v 0.235351 -0.240398 -0.034911
v 0.193798 -0.282847 -0.057700
v 0.200574 -0.242378 0.001500
v 0.143118 -0.249467 -0.000633
v 0.167949 -0.146536 0.000000
v 0.442144 -0.268818 0.018394
v 0.487349 -0.279245 0.003003
v 0.459172 -0.314265 0.028800
v 0.474902 -0.251364 -0.002194
v 0.383421 -0.285760 0.026640
v 0.392950 -0.342618 0.053538
v 0.287401 -0.328896 0.063109
v 0.302560 -0.273472 0.032041
v 0.235351 -0.240398 0.034911
v 0.193798 -0.282847 0.057700
v 0.200574 -0.242378 -0.001500
v 0.143118 -0.249467 0.000633
v 0.167949 -0.146536 0.000000
v 0.556063 -0.105386 0.013305
v 0.559947 -0.130621 0.066577
v 0.564862 -0.129555 0.015978
v 0.541999 -0.086666 0.059238
v 0.483358 -0.143968 0.138707
v 0.468422 -0.086190 0.117778
v 0.363361 -0.140150 0.158685
v 0.373923 -0.080924 0.129343
v 0.264401 -0.050625 0.146820
v 0.226647 -0.084580 0.162589
v 0.207767 -0.017824 0.066083
v 0.260852 -0.007896 0.063012
v 0.242677 0.007901 -0.000730
v 0.559947 -0.130621 -0.066577
v 0.556063 -0.105386 -0.013305
v 0.564862 -0.129555 -0.015978
v 0.541999 -0.086666 -0.059238
v 0.483358 -0.143968 -0.138707
v 0.468422 -0.086190 -0.117778
v 0.363361 -0.140150 -0.158685
v 0.373923 -0.080924 -0.129343
v 0.264401 -0.050625 -0.146820
v 0.226647 -0.084580 -0.162589
v 0.207767 -0.017824 -0.066083
v 0.260852 -0.007896 -0.063012
v 0.242677 0.007901 0.000730
v 0.608155 -0.035928 -0.008923
v 0.606884 0.021196 -0.038503
v 0.570418 0.007340 -0.021846
v 0.554984 0.077754 -0.063657
v 0.513952 0.045059 -0.027818
v 0.498228 0.121440 -0.083579
v 0.460703 0.086103 -0.050791
v 0.472373 0.149939 -0.086395
v 0.421895 0.113626 -0.047113
v 0.393418 0.220897 -0.016273
v 0.419569 0.239710 -0.036624
v 0.608155 -0.035928 0.008923
v 0.570418 0.007340 0.021846
v 0.606884 0.021196 0.038503
v 0.554984 0.077754 0.063657
v 0.513952 0.045059 0.027818
v 0.498228 0.121440 0.083579
v 0.460703 0.086103 0.050791
v 0.472373 0.149939 0.086395
v 0.421895 0.113626 0.047113
v 0.393418 0.220897 0.016273
v 0.419569 0.239710 0.036624
v 0.496049 -0.192179 0.030179
v 0.574802 -0.129237 0.042598
v 0.548810 -0.065324 0.041089
v 0.628591 -0.081965 0.025777
v 0.544637 -0.209262 0.030229
v 0.610215 -0.015014 0.025510
v 0.715892 -0.068998 0.026652
v 0.727617 0.010817 0.026251
v 0.488328 -0.280390 0.039257
v 0.527057 -0.301233 0.037808
v 0.439067 -0.387343 0.024269
v 0.483451 -0.416943 0.022849
v 0.436905 -0.496655 0.029110
v 0.394061 -0.483522 0.029396
v 0.361190 -0.577936 0.000000
v 0.574802 -0.129237 -0.042598
v 0.544637 -0.209262 -0.030229
v 0.496049 -0.192179 -0.030179
v 0.488327 -0.280390 -0.039257
v 0.548810 -0.065324 -0.041089
v 0.527057 -0.301233 -0.037808
v 0.628591 -0.081965 -0.025777
v 0.439067 -0.387343 -0.024269
v 0.610215 -0.015014 -0.025510
v 0.715892 -0.068998 -0.026652
v 0.727617 0.010817 -0.026251
v 0.483451 -0.416943 -0.022849
v 0.436905 -0.496655 -0.029110
v 0.394061 -0.483522 -0.029396
v 0.361190 -0.577936 0.000000
v 0.608155 -0.035928 0.008923
v 0.616180 -0.045829 0.063303
v 0.577450 -0.057587 0.053957
v 0.555294 -0.006847 0.139304
v 0.507411 -0.037881 0.108136
v 0.469561 0.063199 0.175434
v 0.426701 0.033847 0.140587
v 0.366551 0.132264 0.125558
v 0.409179 0.158363 0.154596
v 0.364745 0.230553 0.056914
v 0.386830 0.244074 0.071957
v 0.608155 -0.035928 -0.008923
v 0.577450 -0.057587 -0.053957
v 0.616180 -0.045829 -0.063303
v 0.555294 -0.006847 -0.139304
v 0.507411 -0.037881 -0.108136
v 0.469561 0.063199 -0.175434
v 0.426701 0.033847 -0.140587
v 0.366551 0.132264 -0.125558
v 0.409179 0.158363 -0.154596
v 0.364745 0.230553 -0.056914
v 0.386830 0.244074 -0.071957
v 0.524296 -0.150401 -0.003219
v 0.513145 -0.123697 0.001707
v 0.495150 -0.165996 -0.028901
v 0.479351 -0.120485 -0.018571
v 0.418910 -0.135039 -0.026896
v 0.429306 -0.192691 -0.052626
v 0.334995 -0.186494 -0.061470
v 0.345163 -0.130457 -0.033002
v 0.272261 -0.111717 -0.056813
v 0.232740 -0.149910 -0.086533
v 0.215606 -0.085358 0.000000
v 0.273906 -0.082518 0.000000
v 0.495150 -0.165996 0.028901
v 0.479351 -0.120485 0.018571
v 0.513145 -0.123697 -0.001707
v 0.524296 -0.150401 0.003219
v 0.418910 -0.135039 0.026896
v 0.429306 -0.192691 0.052626
v 0.334995 -0.186494 0.061470
v 0.345163 -0.130457 0.033002
v 0.272261 -0.111717 0.056813
v 0.232740 -0.149910 0.086533
v 0.215606 -0.085358 0.000000
v 0.273906 -0.082518 0.000000
v 0.215606 -0.085358 0.000000
v 0.273906 -0.082518 0.000000
v 0.242677 0.007901 0.000730
v 0.215606 -0.085358 0.000000
v 0.242677 0.007901 -0.000730
v 0.273906 -0.082518 0.000000
v 0.570318 -0.064107 -0.008093
v 0.517614 -0.085754 -0.043396
v 0.553260 -0.101768 -0.069028
v 0.479715 -0.108669 -0.108209
v 0.452917 -0.093271 -0.049156
v 0.372772 -0.068218 -0.123754
v 0.366328 -0.060575 -0.059925
v 0.293082 -0.010444 -0.099974
v 0.276583 0.012300 -0.147229
v 0.265955 0.079994 -0.056787
v 0.251749 0.110701 -0.083552
v 0.287704 0.142068 -0.032737
v 0.279850 0.159046 -0.047535
v 0.570318 -0.064107 0.008093
v 0.553260 -0.101768 0.069028
v 0.517614 -0.085754 0.043396
v 0.479715 -0.108669 0.108209
v 0.452917 -0.093271 0.049156
v 0.372772 -0.068218 0.123754
v 0.366328 -0.060575 0.059925
v 0.293082 -0.010444 0.099974
v 0.276583 0.012300 0.147229
v 0.265955 0.079994 0.056787
v 0.251749 0.110701 0.083552
v 0.287704 0.142068 0.032737
v 0.279850 0.159046 0.047535
v 0.570318 -0.064107 -0.008093
v 0.546503 -0.009061 -0.051948
v 0.516262 -0.039792 -0.033537
v 0.476233 0.016205 -0.063098
v 0.451531 -0.030775 -0.027828
v 0.407298 0.040366 -0.065271
v 0.385869 -0.008753 -0.032699
v 0.338724 0.015636 -0.069818
v 0.369537 0.068871 -0.108767
v 0.309778 0.068436 -0.056536
v 0.336568 0.093708 -0.081770
v 0.311935 0.135677 -0.032598
v 0.326747 0.149651 -0.046550
v 0.570318 -0.064107 0.008093
v 0.516262 -0.039792 0.033537
v 0.546503 -0.009061 0.051948
v 0.476233 0.016205 0.063098
v 0.451531 -0.030775 0.027828
v 0.407298 0.040366 0.065271
v 0.385869 -0.008753 0.032699
v 0.338724 0.015636 0.069818
v 0.369537 0.068871 0.108767
v 0.309778 0.068436 0.056536
v 0.336568 0.093708 0.081770
v 0.311935 0.135677 0.032598
v 0.326747 0.149651 0.046550
v 0.519700 -0.230948 0.013644
v 0.504408 -0.233223 0.059361
v 0.529602 -0.256215 0.016465
v 0.523561 -0.277050 0.066755
v 0.446307 -0.292462 0.138994
v 0.431174 -0.235118 0.117988
v 0.307386 -0.278501 0.159341
v 0.322159 -0.221693 0.130533
v 0.217453 -0.184524 0.124397
v 0.180360 -0.223590 0.139262
v 0.183846 -0.175836 0.069434
v 0.133250 -0.190914 0.074079
v 0.167949 -0.146536 0.000000
v 0.504408 -0.233223 -0.059361
v 0.529602 -0.256215 -0.016465
v 0.523561 -0.277050 -0.066755
v 0.519700 -0.230948 -0.013644
v 0.446307 -0.292462 -0.138994
v 0.431174 -0.235118 -0.117988
v 0.307386 -0.278501 -0.159341
v 0.322159 -0.221693 -0.130533
v 0.217453 -0.184524 -0.124397
v 0.180360 -0.223590 -0.139262
v 0.183846 -0.175836 -0.069434
v 0.133250 -0.190914 -0.074079
v 0.167949 -0.146536 0.000000
v 0.529852 -0.100196 -0.004197
v 0.541999 -0.086666 -0.059238
v 0.499915 -0.080266 -0.037861
v 0.556063 -0.105386 -0.013305
v 0.468422 -0.086190 -0.117778
v 0.434031 -0.078708 -0.057951
v 0.373923 -0.080924 -0.129343
v 0.362385 -0.078552 -0.062519
v 0.287042 -0.053503 -0.096755
v 0.264401 -0.050625 -0.146820
v 0.260852 -0.007896 -0.063012
v 0.297009 -0.040795 -0.032393
v 0.242677 0.007901 0.000730
v 0.541999 -0.086666 0.059238
v 0.529852 -0.100196 0.004197
v 0.499915 -0.080266 0.037861
v 0.556063 -0.105386 0.013305
v 0.468422 -0.086190 0.117778
v 0.434031 -0.078708 0.057951
v 0.373923 -0.080924 0.129343
v 0.362385 -0.078552 0.062519
v 0.287042 -0.053503 0.096755
v 0.264401 -0.050625 0.146820
v 0.260852 -0.007896 0.063012
v 0.297009 -0.040795 0.032393
v 0.242677 0.007901 -0.000730
v -0.610433 -0.065059 -0.059566
v -0.397221 0.019595 -0.053313
v -0.584902 -0.102399 -0.040271
v -0.431761 0.072103 -0.080123
v -0.231557 0.111454 -0.053313
v -0.253802 0.170236 -0.080123
v -0.087958 0.205403 -0.080123
v -0.073556 0.144225 -0.053313
v 0.112944 0.190508 -0.045646
v 0.105287 0.242441 -0.068038
v 0.294639 0.212251 -0.039565
v 0.294639 0.256532 -0.058454
v 0.666012 0.210282 -0.040363
v 0.668796 0.254475 -0.059251
v 0.570318 -0.064107 -0.008093
v 0.516262 -0.039792 -0.033537
v 0.517614 -0.085754 -0.043396
v 0.452917 -0.093271 -0.049156
v 0.451531 -0.030775 -0.027828
v 0.366328 -0.060575 -0.059925
v 0.385869 -0.008753 -0.032699
v 0.338724 0.015636 -0.069818
v 0.293082 -0.010444 -0.099974
v 0.309778 0.068436 -0.056536
v 0.265955 0.079994 -0.056787
v 0.311935 0.135677 -0.032598
v 0.287704 0.142068 -0.032737
v 0.570318 -0.064107 0.008093
v 0.517614 -0.085754 0.043396
v 0.516262 -0.039792 0.033537
v 0.452917 -0.093271 0.049156
v 0.451531 -0.030775 0.027828
v 0.366328 -0.060575 0.059925
v 0.385869 -0.008753 0.032699
v 0.338724 0.015636 0.069818
v 0.293082 -0.010444 0.099974
v 0.309778 0.068436 0.056536
v 0.265955 0.079994 0.056787
v 0.311935 0.135677 0.032598
v 0.287704 0.142068 0.032737
v 0.654721 -0.031266 0.008923
v 0.654367 -0.040314 0.060623
v 0.621414 -0.027820 0.052485
v 0.630937 0.022263 0.138511
v 0.574238 0.027920 0.108079
v 0.602561 0.089801 0.157644
v 0.548078 0.077891 0.123762
v 0.536331 0.152002 0.126942
v 0.582656 0.173029 0.155338
v 0.528183 0.238164 0.091310
v 0.566558 0.241366 0.125368
v 0.612989 0.234523 0.018603
v 0.654721 -0.031266 -0.008923
v 0.621414 -0.027820 -0.052485
v 0.654367 -0.040314 -0.060623
v 0.630937 0.022263 -0.138511
v 0.574238 0.027920 -0.108079
v 0.602561 0.089801 -0.157644
v 0.548078 0.077891 -0.123762
v 0.536331 0.152002 -0.126942
v 0.582656 0.173029 -0.155338
v 0.528183 0.238164 -0.091310
v 0.566558 0.241366 -0.125368
v 0.612989 0.234523 -0.018603
v 0.499915 -0.080266 -0.037861
v 0.513145 -0.123697 0.001707
v 0.529852 -0.100196 -0.004197
v 0.479351 -0.120485 -0.018571
v 0.434031 -0.078708 -0.057951
v 0.418910 -0.135039 -0.026896
v 0.362385 -0.078552 -0.062519
v 0.345163 -0.130457 -0.033002
v 0.272261 -0.111717 -0.056813
v 0.287042 -0.053503 -0.096755
v 0.297009 -0.040795 -0.032393
v 0.273906 -0.082518 0.000000
v 0.242677 0.007901 0.000730
v 0.513145 -0.123697 -0.001707
v 0.499915 -0.080266 0.037861
v 0.529852 -0.100196 0.004197
v 0.479351 -0.120485 0.018571
v 0.434031 -0.078708 0.057951
v 0.418910 -0.135039 0.026896
v 0.362385 -0.078552 0.062519
v 0.345163 -0.130457 0.033002
v 0.272261 -0.111717 0.056813
v 0.287042 -0.053503 0.096755
v 0.297009 -0.040795 0.032393
v 0.273906 -0.082518 0.000000
v 0.242677 0.007901 -0.000730
v 0.105052 0.324841 0.103559
v 0.294639 0.318447 0.079274
v 0.294639 0.366791 0.105564
v 0.675609 0.362200 0.105564
v 0.675609 0.313856 0.079274
v 0.103361 0.379113 0.132523
v -0.100526 0.308249 0.123351
v -0.111398 0.377581 0.160804
v -0.263303 0.284797 0.122158
v -0.276958 0.348074 0.156705
v -0.434760 0.291344 0.128320
v -0.427829 0.231083 0.092816
v -0.577314 0.222987 0.096873
v -0.569530 0.169860 0.064965
v 0.294639 0.318447 -0.079274
v 0.105052 0.324841 -0.103559
v 0.294639 0.366791 -0.105564
v 0.675609 0.362200 -0.105564
v 0.675609 0.313856 -0.079274
v 0.103361 0.379113 -0.132523
v -0.100526 0.308249 -0.123351
v -0.111398 0.377581 -0.160804
v -0.263303 0.284797 -0.122158
v -0.276958 0.348074 -0.156705
v -0.434760 0.291344 -0.128320
v -0.427829 0.231083 -0.092816
v -0.577314 0.222987 -0.096873
v -0.569530 0.169860 -0.064965
v 0.608155 -0.035928 -0.008923
v 0.570418 0.007340 -0.021846
v 0.554182 -0.030965 -0.030766
v 0.490098 -0.012958 -0.048768
v 0.513952 0.045059 -0.027818
v 0.423018 0.045737 -0.076280
v 0.460703 0.086103 -0.050791
v 0.421895 0.113626 -0.047113
v 0.372027 0.104946 -0.078716
v 0.367582 0.216400 -0.032645
v 0.393418 0.220897 -0.016273
v 0.608155 -0.035928 0.008923
v 0.554182 -0.030965 0.030766
v 0.570418 0.007340 0.021846
v 0.490098 -0.012958 0.048768
v 0.513952 0.045059 0.027818
v 0.423018 0.045737 0.076280
v 0.460703 0.086103 0.050791
v 0.421895 0.113626 0.047113
v 0.372027 0.104946 0.078716
v 0.367582 0.216400 0.032645
v 0.393418 0.220897 0.016273
v 0.608155 -0.035928 -0.008923
v 0.554182 -0.030965 -0.030766
v 0.577450 -0.057587 -0.053957
v 0.507411 -0.037881 -0.108136
v 0.490098 -0.012958 -0.048768
v 0.423018 0.045737 -0.076280
v 0.426701 0.033847 -0.140587
v 0.372027 0.104946 -0.078716
v 0.366551 0.132264 -0.125558
v 0.367582 0.216400 -0.032645
v 0.364745 0.230553 -0.056914
v 0.608155 -0.035928 0.008923
v 0.577450 -0.057587 0.053957
v 0.554182 -0.030965 0.030766
v 0.507411 -0.037881 0.108136
v 0.490098 -0.012958 0.048768
v 0.423018 0.045737 0.076280
v 0.426701 0.033847 0.140587
v 0.372027 0.104946 0.078716
v 0.366551 0.132264 0.125558
v 0.367582 0.216400 0.032645
v 0.364745 0.230553 0.056914
v -0.248737 0.156852 0.066561
v -0.423895 0.060147 0.066561
v -0.227434 0.100561 0.020233
v -0.084679 0.191473 0.066561
v -0.390818 0.009864 0.020233
v -0.604620 -0.073561 0.046005
v -0.580171 -0.109320 0.012661
v -0.070887 0.132887 0.020233
v 0.114363 0.180884 0.015781
v 0.107030 0.230616 0.054476
v 0.294639 0.204045 0.012251
v 0.294639 0.246449 0.044892
v 0.665496 0.202092 0.011454
v 0.668162 0.244413 0.044094
v 0.450375 -0.391328 0.020940
v 0.422474 -0.385942 0.064840
v 0.472191 -0.444590 0.026923
v 0.448762 -0.443678 0.074646
v 0.358448 -0.459134 0.138994
v 0.342442 -0.402027 0.117988
v 0.212810 -0.444318 0.158776
v 0.227340 -0.389726 0.130855
v 0.161935 -0.390756 0.110981
v 0.123516 -0.434275 0.125917
v 0.117545 -0.366594 0.073725
v 0.067029 -0.383029 0.076383
v 0.099686 -0.313750 0.001473
v 0.422474 -0.385942 -0.064840
v 0.472191 -0.444590 -0.026923
v 0.448762 -0.443678 -0.074646
v 0.450375 -0.391328 -0.020940
v 0.358448 -0.459134 -0.138994
v 0.342442 -0.402027 -0.117988
v 0.212810 -0.444318 -0.158776
v 0.227340 -0.389726 -0.130855
v 0.161935 -0.390756 -0.110981
v 0.123516 -0.434275 -0.125917
v 0.117545 -0.366594 -0.073725
v 0.067029 -0.383029 -0.076383
v 0.099686 -0.313750 -0.001473
v 0.654721 -0.031266 -0.008923
v 0.651099 0.020679 -0.024526
v 0.619534 0.002908 -0.032293
v 0.575437 0.060581 -0.048131
v 0.628293 0.091324 -0.028058
v 0.596208 0.120823 -0.035407
v 0.547936 0.093702 -0.060011
v 0.535428 0.136072 -0.074870
v 0.592821 0.152265 -0.047043
v 0.563728 0.159554 -0.045771
v 0.522844 0.197887 -0.054178
v 0.612989 0.234523 -0.018603
v 0.654721 -0.031266 0.008923
v 0.619534 0.002908 0.032293
v 0.651099 0.020679 0.024526
v 0.575437 0.060581 0.048131
v 0.628293 0.091324 0.028058
v 0.596208 0.120823 0.035407
v 0.547936 0.093702 0.060011
v 0.535428 0.136072 0.074870
v 0.592821 0.152265 0.047043
v 0.563728 0.159554 0.045771
v 0.522844 0.197887 0.054178
v 0.612989 0.234523 0.018603
v 0.461868 -0.227810 -0.037826
v 0.474902 -0.251364 0.002194
v 0.491920 -0.226147 -0.004035
v 0.442144 -0.268818 -0.018394
v 0.398352 -0.228317 -0.056821
v 0.383421 -0.285760 -0.026640
v 0.319264 -0.219383 -0.063023
v 0.302560 -0.273472 -0.032041
v 0.235351 -0.240398 -0.034911
v 0.244273 -0.187865 -0.073636
v 0.219895 -0.199772 -0.033091
v 0.200574 -0.242378 0.001500
v 0.167949 -0.146536 0.000000
v 0.461868 -0.227810 0.037826
v 0.474902 -0.251364 -0.002194
v 0.442144 -0.268818 0.018394
v 0.491920 -0.226147 0.004035
v 0.398352 -0.228317 0.056821
v 0.383421 -0.285760 0.026640
v 0.319264 -0.219383 0.063023
v 0.302560 -0.273472 0.032041
v 0.235351 -0.240398 0.034911
v 0.244273 -0.187865 0.073636
v 0.219895 -0.199772 0.033091
v 0.200574 -0.242378 -0.001500
v 0.167949 -0.146536 0.000000
v 0.475856 -0.182894 0.000000
v 0.548810 -0.065324 0.041089
v 0.527657 -0.056615 0.000000
v 0.601735 0.011584 -0.000000
v 0.496049 -0.192179 0.030179
v 0.610215 -0.015014 0.025510
v 0.730366 0.034556 -0.000000
v 0.727617 0.010817 0.026251
v 0.470326 -0.260406 0.000000
v 0.488328 -0.280390 0.039257
v 0.417570 -0.372446 0.000000
v 0.439067 -0.387343 0.024269
v 0.376801 -0.485390 0.000000
v 0.394061 -0.483522 0.029396
v 0.361190 -0.577936 0.000000
v 0.548810 -0.065324 -0.041089
v 0.496049 -0.192179 -0.030179
v 0.475856 -0.182894 0.000000
v 0.470326 -0.260406 0.000000
v 0.527657 -0.056615 0.000000
v 0.488327 -0.280390 -0.039257
v 0.601735 0.011584 -0.000000
v 0.417570 -0.372446 0.000000
v 0.610215 -0.015014 -0.025510
v 0.730366 0.034556 -0.000000
v 0.727617 0.010817 -0.026251
v 0.439067 -0.387343 -0.024269
v 0.376801 -0.485390 0.000000
v 0.394061 -0.483522 -0.029396
v 0.361190 -0.577936 0.000000
v 0.491920 -0.226147 -0.004035
v 0.504408 -0.233223 -0.059361
v 0.461868 -0.227810 -0.037826
v 0.519700 -0.230948 -0.013644
v 0.431174 -0.235118 -0.117988
v 0.398352 -0.228317 -0.056821
v 0.322159 -0.221693 -0.130533
v 0.319264 -0.219383 -0.063023
v 0.244273 -0.187865 -0.073636
v 0.217453 -0.184524 -0.124397
v 0.183846 -0.175836 -0.069434
v 0.219895 -0.199772 -0.033091
v 0.167949 -0.146536 0.000000
v 0.504408 -0.233223 0.059361
v 0.491920 -0.226147 0.004035
v 0.461868 -0.227810 0.037826
v 0.519700 -0.230948 0.013644
v 0.431174 -0.235118 0.117988
v 0.398352 -0.228317 0.056821
v 0.322159 -0.221693 0.130533
v 0.319264 -0.219383 0.063023
v 0.244273 -0.187865 0.073636
v 0.217453 -0.184524 0.124397
v 0.183846 -0.175836 0.069434
v 0.219895 -0.199772 0.033091
v 0.167949 -0.146536 0.000000
v 0.294639 0.366791 -0.002038
v 0.108748 0.324869 -0.044176
v 0.294639 0.319364 -0.026819
v 0.675609 0.362200 -0.002038
v 0.675609 0.314772 -0.026819
v 0.110754 0.379113 -0.015259
v -0.100532 0.308284 -0.046562
v -0.111398 0.377581 -0.009170
v -0.263309 0.284829 -0.051328
v -0.276958 0.348074 -0.016836
v -0.464393 0.291344 0.002338
v -0.442842 0.231114 -0.026652
v -0.596526 0.224756 0.020807
v -0.579313 0.170772 -0.005383
v 0.294639 0.366791 0.002038
v 0.108748 0.324869 0.044176
v 0.110754 0.379113 0.015259
v -0.100532 0.308284 0.046562
v 0.294639 0.319364 0.026819
v 0.675609 0.362200 0.002038
v 0.675609 0.314772 0.026819
v -0.111398 0.377581 0.009170
v -0.263309 0.284829 0.051328
v -0.276958 0.348074 0.016836
v -0.464393 0.291344 -0.002338
v -0.442842 0.231114 0.026652
v -0.596526 0.224756 -0.020807
v -0.579313 0.170772 0.005383
v -0.070887 0.132887 0.020233
v -0.227434 0.100561 0.020233
v -0.073556 0.144225 -0.053313
v -0.231557 0.111454 -0.053313
v 0.112944 0.190508 -0.045646
v -0.390818 0.009864 0.020233
v 0.114363 0.180884 0.015781
v -0.397221 0.019595 -0.053313
v -0.580171 -0.109320 0.012661
v -0.584902 -0.102399 -0.040271
v 0.294639 0.212251 -0.039565
v 0.294639 0.204045 0.012251
v 0.665496 0.202092 0.011454
v 0.666012 0.210282 -0.040363
v 0.654721 -0.031266 -0.008923
v 0.619534 0.002908 -0.032293
v 0.621414 -0.027820 -0.052485
v 0.574238 0.027920 -0.108079
v 0.575437 0.060581 -0.048131
v 0.548078 0.077891 -0.123762
v 0.547936 0.093702 -0.060011
v 0.535428 0.136072 -0.074870
v 0.536331 0.152002 -0.126942
v 0.522844 0.197887 -0.054178
v 0.528183 0.238164 -0.091310
v 0.612989 0.234523 -0.018603
v 0.654721 -0.031266 0.008923
v 0.621414 -0.027820 0.052485
v 0.619534 0.002908 0.032293
v 0.574238 0.027920 0.108079
v 0.575437 0.060581 0.048131
v 0.548078 0.077891 0.123762
v 0.547936 0.093702 0.060011
v 0.535428 0.136072 0.074870
v 0.536331 0.152002 0.126942
v 0.522844 0.197887 0.054178
v 0.528183 0.238164 0.091310
v 0.612989 0.234523 0.018603
v 0.340621 -0.434408 -0.010503
v 0.391308 -0.382045 -0.000559
v 0.365949 -0.379624 -0.036276
v 0.356033 -0.436072 0.012652
v 0.309520 -0.395727 -0.056821
v 0.295467 -0.453391 -0.026640
v 0.234371 -0.387514 -0.065751
v 0.224845 -0.446700 -0.033397
v 0.193739 -0.398773 -0.058808
v 0.186879 -0.448008 -0.025508
v 0.128884 -0.418778 0.010366
v 0.149078 -0.381725 -0.028991
v 0.099686 -0.313750 -0.001473
v 0.391308 -0.382045 0.000559
v 0.356033 -0.436072 -0.012652
v 0.340621 -0.434408 0.010503
v 0.365949 -0.379624 0.036276
v 0.309520 -0.395727 0.056821
v 0.295467 -0.453391 0.026640
v 0.234371 -0.387514 0.065751
v 0.224845 -0.446700 0.033397
v 0.193739 -0.398773 0.058808
v 0.186879 -0.448008 0.025508
v 0.128884 -0.418778 -0.010366
v 0.149078 -0.381725 0.028991
v 0.099686 -0.313750 0.001473
v 0.294639 0.319364 -0.026819
v 0.108748 0.324869 -0.044176
v 0.294639 0.318447 -0.079274
v 0.675609 0.313856 -0.079274
v 0.675609 0.314772 -0.026819
v 0.105052 0.324841 -0.103559
v -0.100532 0.308284 -0.046562
v -0.100526 0.308249 -0.123351
v -0.263309 0.284829 -0.051328
v -0.263303 0.284797 -0.122158
v -0.427829 0.231083 -0.092816
v -0.442842 0.231114 -0.026652
v -0.569530 0.169860 -0.064965
v -0.579313 0.170772 -0.005383
v 0.108748 0.324869 0.044176
v 0.294639 0.319364 0.026819
v 0.294639 0.318447 0.079274
v 0.675609 0.313856 0.079274
v 0.675609 0.314772 0.026819
v 0.105052 0.324841 0.103559
v -0.100532 0.308284 0.046562
v -0.100526 0.308249 0.123351
v -0.263309 0.284829 0.051328
v -0.263303 0.284797 0.122158
v -0.427829 0.231083 0.092816
v -0.442842 0.231114 0.026652
v -0.569530 0.169860 0.064965
v -0.579313 0.170772 0.005383
v 0.391308 -0.382045 -0.000559
v 0.422474 -0.385942 -0.064840
v 0.365949 -0.379624 -0.036276
v 0.450375 -0.391328 -0.020940
v 0.342442 -0.402027 -0.117988
v 0.309520 -0.395727 -0.056821
v 0.227340 -0.389726 -0.130855
v 0.234371 -0.387514 -0.065751
v 0.193739 -0.398773 -0.058808
v 0.161935 -0.390756 -0.110981
v 0.117545 -0.366594 -0.073725
v 0.149078 -0.381725 -0.028991
v 0.099686 -0.313750 -0.001473
v 0.422474 -0.385942 0.064840
v 0.391308 -0.382045 0.000559
v 0.365949 -0.379624 0.036276
v 0.450375 -0.391328 0.020940
v 0.342442 -0.402027 0.117988
v 0.309520 -0.395727 0.056821
v 0.227340 -0.389726 0.130855
v 0.234371 -0.387514 0.065751
v 0.193739 -0.398773 0.058808
v 0.161935 -0.390756 0.110981
v 0.117545 -0.366594 0.073725
v 0.149078 -0.381725 0.028991
v 0.099686 -0.313750 0.001473
v 0.778867 -0.147370 0.000000
v 0.778867 -0.045229 0.246591
v 0.782124 -0.008940 0.210302
v 0.778867 0.201362 0.348732
v 0.782124 -0.096050 0.000000
v 0.782124 0.201362 0.297412
v 0.782124 -0.008940 -0.210302
v 0.782124 0.411664 0.210302
v 0.778867 -0.045229 -0.246591
v 0.778867 0.447953 0.246591
v 0.778867 0.201362 -0.348732
v 0.778867 0.550094 -0.000000
v 0.782124 0.201362 -0.297412
v 0.782124 0.498774 -0.000000
v 0.782124 0.411664 -0.210302
v 0.778867 0.447953 -0.246591
v 0.778867 -0.045229 0.246591
v 0.778867 -0.147370 0.000000
v 0.824334 -0.175212 0.000000
v 0.778867 -0.045229 -0.246591
v 0.824334 -0.064916 0.266278
v 0.824334 -0.064916 -0.266278
v 0.824334 0.201362 0.376574
v 0.824334 0.201362 -0.376574
v 0.778867 0.201362 0.348732
v 0.778867 0.201362 -0.348732
v 0.778867 0.447953 0.246591
v 0.778867 0.447953 -0.246591
v 0.824334 0.467640 0.266278
v 0.824334 0.467640 -0.266278
v 0.824334 0.577936 -0.000000
v 0.778867 0.550094 -0.000000
v 0.824334 0.006665 0.194697
v 0.824334 -0.073981 0.000000
v 0.782124 -0.096050 0.000000
v 0.824334 0.006665 -0.194697
v 0.782124 -0.008940 0.210302
v 0.782124 -0.008940 -0.210302
v 0.782124 0.201362 0.297412
v 0.782124 0.201362 -0.297412
v 0.824334 0.201362 0.275343
v 0.824334 0.201362 -0.275343
v 0.824334 0.396059 0.194697
v 0.824334 0.396059 -0.194697
v 0.782124 0.411664 0.210302
v 0.782124 0.411664 -0.210302
v 0.782124 0.498774 -0.000000
v 0.824334 0.476705 -0.000000
vn 0.9980 0.0633 -0.0000
vn 0.9980 0.0448 -0.0448
vn 0.9980 -0.0000 -0.0633
vn 0.9980 0.0448 0.0448
vn 0.9980 -0.0448 -0.0448
vn 0.9980 -0.0000 0.0633
vn 0.9980 -0.0633 -0.0000
vn 0.9980 -0.0448 0.0448
vn 0.5222 -0.8528 -0.0000
vn 0.5222 -0.6030 0.6030
vn 0.5222 -0.0000 0.8528
vn 0.5222 -0.6030 -0.6030
vn 0.5222 0.6030 0.6030
vn 0.5222 -0.0000 -0.8528
vn 0.5222 0.8528 -0.0000
vn 0.5222 0.6030 -0.6030
vn 0.4633 0.8862 -0.0000
vn 0.4633 0.6266 -0.6266
vn 0.4633 -0.0000 -0.8862
vn 0.4633 0.6266 0.6266
vn 0.4633 -0.6266 -0.6266
vn 0.4633 -0.0000 0.8862
vn 0.4633 -0.8862 -0.0000
vn 0.4633 -0.6266 0.6266
vn 0.0601 -0.9895 0.1312
vn 0.0427 -0.9928 0.1123
vn -0.0090 -0.9984 0.0562
vn 0.0171 -0.9953 0.0952
vn -0.0103 -0.9976 0.0686
vn -0.1570 -0.9871 -0.0323
vn -0.1626 -0.9861 -0.0332
vn -0.4343 -0.8990 0.0558
vn -0.4121 -0.9100 0.0455
vn -0.8181 -0.3417 0.4625
vn -0.7964 -0.4487 0.4055
vn -0.7543 0.2004 0.6252
vn 0.0427 -0.9928 -0.1123
vn -0.0090 -0.9984 -0.0562
vn 0.0601 -0.9895 -0.1312
vn 0.0171 -0.9953 -0.0952
vn -0.0103 -0.9976 -0.0686
vn -0.1570 -0.9871 0.0323
vn -0.1626 -0.9861 0.0332
vn -0.4343 -0.8990 -0.0558
vn -0.4121 -0.9100 -0.0455
vn -0.8181 -0.3417 -0.4625
vn -0.7964 -0.4487 -0.4055
vn -0.7543 0.2004 -0.6252
vn 0.0570 0.9983 0.0111
vn 0.0801 0.9968 0.0022
vn 0.0540 0.9985 0.0115
vn 0.0121 0.9998 0.0175
vn 0.0766 0.9971 0.0017
vn -0.0728 0.9973 -0.0002
vn -0.0780 0.9970 -0.0001
vn -0.2700 0.9627 -0.0180
vn -0.2660 0.9638 -0.0168
vn -0.3937 0.9172 -0.0617
vn -0.4289 0.9001 -0.0762
vn -0.4915 0.8648 -0.1025
vn 0.0801 0.9968 -0.0022
vn 0.0570 0.9983 -0.0111
vn 0.0540 0.9985 -0.0115
vn 0.0121 0.9998 -0.0175
vn 0.0766 0.9971 -0.0017
vn -0.0728 0.9973 0.0002
vn -0.0780 0.9970 0.0001
vn -0.2700 0.9627 0.0180
vn -0.2660 0.9638 0.0168
vn -0.3937 0.9172 0.0617
vn -0.4289 0.9001 0.0762
vn -0.4915 0.8648 0.1025
vn -0.5691 0.8000 0.1902
vn -0.6605 0.7267 0.1890
vn -0.5687 0.8001 0.1906
vn -0.6604 0.7267 0.1891
vn -0.3435 0.9194 0.1916
vn -0.3434 0.9194 0.1918
vn -0.1700 0.9669 0.1903
vn -0.1698 0.9669 0.1903
vn -0.0811 0.9783 0.1908
vn -0.0809 0.9783 0.1905
vn -0.0114 0.9816 0.1907
vn -0.0116 0.9816 0.1908
vn 0.0060 0.9817 0.1905
vn 0.8407 -0.2243 0.4929
vn 0.9546 -0.1153 0.2747
vn 0.9837 -0.0627 0.1684
vn 0.9746 0.2144 -0.0647
vn 0.9529 0.2897 -0.0903
vn 0.9089 0.4083 -0.0844
vn 0.9121 0.4028 -0.0761
vn 0.8882 0.4517 0.0838
vn 0.8799 0.4652 0.0973
vn 0.9285 0.3563 0.1043
vn 0.9392 0.3305 0.0927
vn 0.9982 0.0507 -0.0308
vn 0.8407 -0.2243 -0.4929
vn 0.9837 -0.0627 -0.1684
vn 0.9546 -0.1153 -0.2747
vn 0.9746 0.2144 0.0647
vn 0.9529 0.2897 0.0903
vn 0.9089 0.4083 0.0844
vn 0.9121 0.4028 0.0761
vn 0.8882 0.4517 -0.0838
vn 0.8799 0.4652 -0.0973
vn 0.9285 0.3563 -0.1043
vn 0.9392 0.3305 -0.0927
vn 0.9982 0.0507 0.0308
vn 0.7622 -0.5096 0.3993
vn 0.6435 -0.5180 0.5635
vn 0.6762 -0.5179 0.5240
vn 0.3336 -0.5207 0.7859
vn 0.2867 -0.5190 0.8052
vn -0.1426 -0.4827 0.8641
vn -0.1944 -0.4765 0.8574
vn -0.5810 -0.3775 0.7211
vn -0.6019 -0.3688 0.7083
vn -0.9090 0.1139 0.4009
vn -0.9019 0.0688 0.4265
vn -0.8492 0.5169 0.1078
vn 0.6435 -0.5180 -0.5635
vn 0.7622 -0.5096 -0.3992
vn 0.7622 -0.5096 -0.3993
vn 0.6762 -0.5179 -0.5240
vn 0.3335 -0.5207 -0.7859
vn 0.2867 -0.5190 -0.8052
vn -0.1426 -0.4827 -0.8641
vn -0.1944 -0.4765 -0.8574
vn -0.5810 -0.3775 -0.7211
vn -0.6019 -0.3688 -0.7083
vn -0.9090 0.1139 -0.4009
vn -0.9019 0.0688 -0.4265
vn -0.8492 0.5169 -0.1078
vn 0.1303 0.4719 0.8720
vn 0.0804 0.4734 0.8772
vn 0.0812 0.4734 0.8771
vn 0.0058 0.4777 0.8785
vn 0.1314 0.4717 0.8719
vn 0.0041 0.4711 0.8821
vn -0.0016 0.4706 0.8823
vn -0.1891 0.4207 0.8873
vn -0.1903 0.4202 0.8873
vn -0.3114 0.3435 0.8860
vn -0.3109 0.3440 0.8860
vn -0.3466 0.3094 0.8855
vn 0.0804 0.4734 -0.8772
vn 0.1303 0.4719 -0.8720
vn 0.0812 0.4734 -0.8771
vn 0.0058 0.4777 -0.8785
vn 0.1314 0.4717 -0.8719
vn 0.0041 0.4711 -0.8821
vn -0.0016 0.4706 -0.8823
vn -0.1891 0.4207 -0.8873
vn -0.1903 0.4202 -0.8873
vn -0.3114 0.3435 -0.8860
vn -0.3109 0.3440 -0.8860
vn -0.3466 0.3094 -0.8855
vn 0.2489 -0.8716 0.4224
vn 0.2559 -0.8501 0.4602
vn 0.2804 -0.7394 0.6120
vn 0.0671 -0.9845 0.1623
vn 0.0202 -0.9919 0.1254
vn -0.2808 -0.9597 0.0052
vn -0.2899 -0.9570 0.0049
vn -0.5155 -0.8569 0.0080
vn -0.5234 -0.8521 0.0088
vn -0.8061 -0.4237 0.4131
vn -0.7958 -0.4764 0.3739
vn -0.7121 0.1676 0.6817
vn 0.2559 -0.8501 -0.4602
vn 0.2804 -0.7394 -0.6120
vn 0.2489 -0.8716 -0.4224
vn 0.0671 -0.9845 -0.1623
vn 0.0202 -0.9919 -0.1254
vn -0.2808 -0.9597 -0.0052
vn -0.2899 -0.9570 -0.0049
vn -0.5155 -0.8569 -0.0080
vn -0.5234 -0.8521 -0.0088
vn -0.8061 -0.4237 -0.4131
vn -0.7958 -0.4764 -0.3739
vn -0.7121 0.1676 -0.6817
vn 0.5119 -0.8468 -0.1447
vn 0.5717 -0.7330 0.3686
vn 0.5731 -0.7614 0.3032
vn 0.5038 -0.2943 0.8122
vn 0.5030 -0.2901 0.8142
vn 0.4199 0.0336 0.9070
vn 0.4182 0.0400 0.9075
vn 0.4058 0.2523 0.8785
vn 0.4045 0.3182 0.8574
vn 0.4731 0.6812 0.5588
vn 0.4815 0.7063 0.5189
vn 0.5081 0.8450 0.1668
vn 0.5119 -0.8468 0.1447
vn 0.5731 -0.7614 -0.3032
vn 0.5717 -0.7330 -0.3686
vn 0.5038 -0.2943 -0.8121
vn 0.5030 -0.2901 -0.8142
vn 0.4199 0.0336 -0.9070
vn 0.4182 0.0400 -0.9075
vn 0.4058 0.2523 -0.8785
vn 0.4045 0.3182 -0.8574
vn 0.4731 0.6811 -0.5588
vn 0.4815 0.7063 -0.5189
vn 0.5081 0.8450 -0.1668
vn 0.6879 -0.4125 0.5972
vn 0.7956 -0.2535 0.5503
vn 0.8002 -0.2421 0.5487
vn 0.8159 -0.2454 0.5235
vn 0.6532 -0.4435 0.6137
vn 0.8145 -0.2517 0.5228
vn 0.4067 -0.6102 0.6799
vn 0.7581 -0.3609 0.5432
vn 0.3713 -0.6281 0.6838
vn 0.1566 -0.7113 0.6852
vn 0.7624 -0.3598 0.5379
vn 0.6262 -0.5360 0.5662
vn 0.6476 -0.5066 0.5692
vn 0.5100 -0.6688 0.5410
vn 0.6532 -0.4435 -0.6137
vn 0.6879 -0.4125 -0.5972
vn 0.7956 -0.2535 -0.5503
vn 0.8002 -0.2421 -0.5487
vn 0.4067 -0.6102 -0.6799
vn 0.8159 -0.2454 -0.5235
vn 0.3713 -0.6281 -0.6838
vn 0.1566 -0.7113 -0.6852
vn 0.8145 -0.2517 -0.5228
vn 0.7581 -0.3609 -0.5432
vn 0.7624 -0.3598 -0.5379
vn 0.6262 -0.5360 -0.5662
vn 0.6476 -0.5066 -0.5692
vn 0.5100 -0.6688 -0.5410
vn 0.8235 -0.5345 0.1904
vn 0.8715 -0.4793 -0.1034
vn 0.7536 -0.5442 0.3687
vn 0.3222 -0.5464 0.7730
vn 0.3859 -0.5488 0.7416
vn -0.1347 -0.4869 0.8630
vn -0.1467 -0.4848 0.8623
vn -0.6126 -0.3037 0.7297
vn -0.5971 -0.3133 0.7385
vn -0.9219 0.1756 0.3454
vn -0.9253 0.2411 0.2926
vn -0.8190 0.5724 -0.0407
vn 0.7536 -0.5442 -0.3687
vn 0.8235 -0.5345 -0.1904
vn 0.8715 -0.4793 0.1034
vn 0.3222 -0.5464 -0.7730
vn 0.3859 -0.5488 -0.7416
vn -0.1347 -0.4869 -0.8630
vn -0.1467 -0.4848 -0.8623
vn -0.6126 -0.3037 -0.7297
vn -0.5971 -0.3133 -0.7385
vn -0.9219 0.1756 -0.3454
vn -0.9253 0.2411 -0.2926
vn -0.8190 0.5724 0.0407
vn -0.4096 0.4120 -0.8140
vn -0.3436 0.4607 -0.8183
vn -0.3437 0.4606 -0.8184
vn -0.1997 0.5360 -0.8202
vn -0.2001 0.5358 -0.8203
vn -0.0910 0.5681 -0.8179
vn -0.0898 0.5680 -0.8181
vn -0.0317 0.5742 -0.8181
vn -0.0312 0.5744 -0.8180
vn -0.0004 0.5749 -0.8182
vn -0.0005 0.5749 -0.8182
vn 0.0015 0.5743 -0.8186
vn 0.0016 0.5744 -0.8186
vn 0.7894 0.2960 0.5378
vn 0.8216 0.4947 0.2833
vn 0.8065 0.5718 0.1503
vn 0.7094 0.7024 -0.0588
vn 0.6971 0.7143 -0.0617
vn 0.6924 0.7202 -0.0437
vn 0.6891 0.7232 -0.0464
vn 0.7786 0.6252 -0.0536
vn 0.7794 0.6242 -0.0541
vn 0.8344 0.5431 -0.0943
vn 0.7894 0.2960 -0.5378
vn 0.8065 0.5718 -0.1503
vn 0.8216 0.4947 -0.2833
vn 0.7094 0.7024 0.0588
vn 0.6971 0.7143 0.0617
vn 0.6924 0.7202 0.0437
vn 0.6891 0.7232 0.0464
vn 0.7786 0.6252 0.0536
vn 0.7794 0.6242 0.0541
vn 0.8344 0.5431 0.0943
vn 0.9102 -0.3625 -0.2003
vn 0.8977 -0.2216 0.3808
vn 0.9200 -0.2473 0.3041
vn 0.6182 0.0124 0.7859
vn 0.6053 0.0232 0.7957
vn 0.3683 0.2318 0.9003
vn 0.3506 0.2487 0.9029
vn 0.2102 0.5048 0.8372
vn 0.2007 0.5690 0.7975
vn 0.1739 0.7066 0.6859
vn 0.9102 -0.3625 0.2003
vn 0.9200 -0.2473 -0.3041
vn 0.8977 -0.2216 -0.3808
vn 0.6182 0.0124 -0.7859
vn 0.6053 0.0232 -0.7957
vn 0.3683 0.2318 -0.9003
vn 0.3506 0.2487 -0.9029
vn 0.2102 0.5048 -0.8372
vn 0.2007 0.5690 -0.7975
vn 0.1739 0.7066 -0.6859
vn -0.0148 0.4647 0.8853
vn -0.0079 0.4702 0.8825
vn -0.0133 0.4646 0.8854
vn 0.0056 0.4631 0.8863
vn -0.0045 0.4710 0.8821
vn -0.0484 0.4666 0.8831
vn -0.0550 0.4657 0.8832
vn -0.0942 0.4694 0.8780
vn -0.0925 0.4702 0.8777
vn -0.0903 0.4881 0.8681
vn -0.1031 0.4901 0.8656
vn -0.1303 0.4941 0.8596
vn -0.0148 0.4647 -0.8853
vn -0.0080 0.4702 -0.8825
vn -0.0045 0.4710 -0.8821
vn -0.0133 0.4646 -0.8854
vn 0.0056 0.4631 -0.8863
vn -0.0484 0.4667 -0.8831
vn -0.0550 0.4657 -0.8832
vn -0.0942 0.4694 -0.8780
vn -0.0925 0.4702 -0.8777
vn -0.0903 0.4881 -0.8681
vn -0.1031 0.4901 -0.8656
vn -0.1303 0.4941 -0.8596
vn -0.5304 -0.4265 0.7326
vn -0.7477 -0.4266 0.5089
vn -0.5345 -0.4269 0.7295
vn -0.2034 -0.4224 0.8833
vn -0.2002 -0.4245 0.8830
vn 0.0075 -0.5105 0.8599
vn 0.0593 -0.5247 0.8492
vn 0.1907 -0.5610 0.8056
vn 0.1757 -0.5615 0.8086
vn 0.0455 -0.3242 0.9449
vn 0.0130 -0.2387 0.9710
vn -0.1036 0.0829 0.9912
vn -0.7477 -0.4266 -0.5089
vn -0.5304 -0.4265 -0.7326
vn -0.5345 -0.4269 -0.7295
vn -0.2034 -0.4224 -0.8833
vn -0.2002 -0.4245 -0.8830
vn 0.0075 -0.5105 -0.8599
vn 0.0593 -0.5247 -0.8492
vn 0.1907 -0.5610 -0.8056
vn 0.1757 -0.5615 -0.8086
vn 0.0455 -0.3242 -0.9449
vn 0.0130 -0.2387 -0.9710
vn -0.1036 0.0829 -0.9912
vn 0.7692 -0.5564 0.3143
vn 0.8451 -0.5303 0.0675
vn 0.7325 -0.5568 0.3917
vn 0.3393 -0.5595 0.7562
vn 0.4041 -0.5609 0.7225
vn -0.0219 -0.5086 0.8607
vn -0.0343 -0.5059 0.8619
vn -0.6276 -0.2063 0.7507
vn -0.6742 -0.1674 0.7194
vn -0.9126 0.3853 0.1365
vn -0.9075 0.4036 0.1167
vn -0.7671 0.6208 -0.1618
vn 0.7692 -0.5564 -0.3143
vn 0.8451 -0.5303 -0.0675
vn 0.7325 -0.5568 -0.3917
vn 0.3393 -0.5595 -0.7562
vn 0.4041 -0.5609 -0.7225
vn -0.0219 -0.5086 -0.8607
vn -0.0343 -0.5059 -0.8619
vn -0.6276 -0.2063 -0.7507
vn -0.6742 -0.1674 -0.7194
vn -0.9126 0.3853 -0.1365
vn -0.9075 0.4036 -0.1167
vn -0.7671 0.6208 0.1618
vn 0.9745 0.0470 -0.2193
vn 0.8806 0.1852 0.4363
vn 0.9160 0.1721 0.3625
vn 0.4527 0.2813 0.8461
vn 0.4178 0.2911 0.8606
vn 0.3201 0.2567 0.9120
vn 0.3266 0.2481 0.9120
vn 0.2304 0.4254 0.8752
vn 0.1897 0.4822 0.8553
vn 0.0544 0.7166 0.6954
vn 0.0664 0.7204 0.6903
vn 0.1256 0.7375 0.6635
vn 0.9745 0.0470 0.2193
vn 0.9160 0.1721 -0.3625
vn 0.8806 0.1852 -0.4363
vn 0.4527 0.2813 -0.8461
vn 0.4178 0.2911 -0.8606
vn 0.3201 0.2567 -0.9120
vn 0.3266 0.2481 -0.9120
vn 0.2304 0.4254 -0.8752
vn 0.1897 0.4822 -0.8553
vn 0.0544 0.7166 -0.6954
vn 0.0664 0.7204 -0.6903
vn 0.1256 0.7375 -0.6635
vn -0.0344 0.3022 0.9526
vn -0.1050 0.2820 0.9537
vn -0.0329 0.3020 0.9527
vn -0.1052 0.2819 0.9537
vn 0.0089 0.3063 0.9519
vn -0.1985 0.2311 0.9525
vn 0.0092 0.3061 0.9520
vn -0.1984 0.2307 0.9526
vn -0.2510 0.1937 0.9484
vn 0.0127 0.3037 0.9527
vn 0.0131 0.3038 0.9526
vn 0.0037 0.3024 0.9532
vn 0.0037 0.3025 0.9532
vn 0.4612 0.2846 0.8404
vn 0.4804 0.2521 0.8400
vn 0.4821 0.2493 0.8399
vn 0.4618 0.3283 0.8240
vn 0.4437 0.3762 0.8134
vn 0.3978 0.4671 0.7897
vn 0.3650 0.4994 0.7857
vn 0.3731 0.4901 0.7878
vn 0.5098 0.1198 0.8519
vn 0.5622 -0.1368 0.8156
vn 0.5534 -0.5802 0.5976
vn 0.4612 0.2846 -0.8404
vn 0.4821 0.2493 -0.8399
vn 0.4804 0.2521 -0.8400
vn 0.4618 0.3283 -0.8240
vn 0.4437 0.3762 -0.8134
vn 0.3978 0.4671 -0.7897
vn 0.3650 0.4994 -0.7857
vn 0.3731 0.4901 -0.7878
vn 0.5098 0.1198 -0.8519
vn 0.5622 -0.1368 -0.8156
vn 0.5534 -0.5802 -0.5976
vn 0.1720 -0.9299 0.3251
vn 0.1632 -0.9274 0.3365
vn 0.1262 -0.9151 0.3829
vn 0.0810 -0.9791 0.1868
vn 0.0457 -0.9866 0.1567
vn -0.2157 -0.9765 0.0008
vn -0.2188 -0.9758 -0.0004
vn -0.6219 -0.7800 0.0700
vn -0.6535 -0.7518 0.0883
vn -0.8379 -0.2139 0.5022
vn -0.8416 -0.2331 0.4871
vn -0.6576 0.1852 0.7303
vn 0.1632 -0.9274 -0.3365
vn 0.1262 -0.9151 -0.3829
vn 0.1720 -0.9299 -0.3251
vn 0.0810 -0.9791 -0.1868
vn 0.0457 -0.9866 -0.1567
vn -0.2157 -0.9765 -0.0008
vn -0.2188 -0.9758 0.0004
vn -0.6219 -0.7800 -0.0700
vn -0.6535 -0.7518 -0.0883
vn -0.8379 -0.2139 -0.5022
vn -0.8416 -0.2331 -0.4871
vn -0.6576 0.1852 -0.7303
vn 0.6842 -0.6903 -0.2351
vn 0.6104 -0.7634 0.2110
vn 0.5578 -0.7527 0.3498
vn 0.1851 -0.6337 0.7511
vn 0.1411 -0.6219 0.7703
vn -0.1412 -0.5180 0.8437
vn -0.1364 -0.5200 0.8432
vn -0.5290 -0.2170 0.8204
vn -0.5957 -0.1414 0.7906
vn -0.8065 0.3959 0.4392
vn -0.8053 0.4079 0.4302
vn -0.7493 0.6162 0.2426
vn 0.6842 -0.6903 0.2351
vn 0.5580 -0.7525 -0.3499
vn 0.6106 -0.7633 -0.2110
vn 0.1851 -0.6337 -0.7511
vn 0.1411 -0.6219 -0.7703
vn -0.1412 -0.5180 -0.8436
vn -0.1364 -0.5200 -0.8432
vn -0.5290 -0.2170 -0.8204
vn -0.5957 -0.1414 -0.7906
vn -0.8065 0.3959 -0.4392
vn -0.8053 0.4079 -0.4302
vn -0.7493 0.6162 -0.2426
vn 0.5888 0.6439 0.4885
vn 0.5199 0.8195 0.2412
vn 0.4663 0.8780 0.1077
vn 0.3610 0.9293 -0.0776
vn 0.3579 0.9314 -0.0667
vn 0.4663 0.8837 -0.0407
vn 0.4462 0.8939 -0.0427
vn 0.6391 0.7687 -0.0271
vn 0.6695 0.7424 -0.0259
vn 0.8530 0.4952 -0.1647
vn 0.8219 0.5569 -0.1198
vn 0.9048 0.3290 -0.2703
vn 0.5888 0.6439 -0.4885
vn 0.4663 0.8780 -0.1077
vn 0.5199 0.8195 -0.2412
vn 0.3610 0.9293 0.0776
vn 0.3579 0.9314 0.0667
vn 0.4663 0.8837 0.0407
vn 0.4462 0.8939 0.0427
vn 0.6391 0.7687 0.0271
vn 0.6695 0.7424 0.0259
vn 0.8530 0.4952 0.1647
vn 0.8219 0.5569 0.1198
vn 0.9048 0.3290 0.2703
vn -0.2503 -0.3522 0.9018
vn -0.3719 -0.3338 0.8662
vn -0.2105 -0.3569 0.9101
vn -0.1229 -0.4092 0.9041
vn -0.1231 -0.4100 0.9037
vn -0.1562 -0.4216 0.8932
vn -0.1565 -0.4212 0.8934
vn 0.0108 -0.6063 0.7952
vn 0.0647 -0.6569 0.7512
vn 0.1793 -0.5765 0.7972
vn 0.1197 -0.4216 0.8988
vn -0.0375 0.0029 0.9993
vn -0.2503 -0.3522 -0.9018
vn -0.3719 -0.3338 -0.8662
vn -0.2105 -0.3569 -0.9101
vn -0.1229 -0.4092 -0.9041
vn -0.1231 -0.4100 -0.9037
vn -0.1562 -0.4216 -0.8932
vn -0.1565 -0.4212 -0.8934
vn 0.0108 -0.6063 -0.7952
vn 0.0647 -0.6569 -0.7512
vn 0.1793 -0.5765 -0.7972
vn 0.1197 -0.4216 -0.8988
vn -0.0375 0.0029 -0.9993
vn 0.9193 0.3774 0.1117
vn 0.7962 0.4071 0.4475
vn 0.7706 0.4071 0.4904
vn 0.3821 0.4027 0.8317
vn 0.3638 0.4030 0.8398
vn 0.1748 0.3683 0.9131
vn 0.1735 0.3697 0.9128
vn -0.0422 0.6198 0.7836
vn -0.0359 0.6136 0.7888
vn -0.2361 0.8698 0.4333
vn -0.2245 0.8842 0.4097
vn -0.1608 0.9463 0.2804
vn 0.7962 0.4071 -0.4475
vn 0.9193 0.3774 -0.1117
vn 0.7705 0.4071 -0.4905
vn 0.3821 0.4027 -0.8317
vn 0.3638 0.4030 -0.8398
vn 0.1748 0.3683 -0.9131
vn 0.1735 0.3697 -0.9128
vn -0.0422 0.6198 -0.7836
vn -0.0359 0.6136 -0.7888
vn -0.2361 0.8698 -0.4333
vn -0.2245 0.8842 -0.4097
vn -0.1608 0.9463 -0.2804
vn 0.2227 0.4522 0.8637
vn 0.2273 0.4979 0.8369
vn 0.2278 0.5023 0.8341
vn 0.1946 0.5702 0.7981
vn 0.1931 0.5717 0.7974
vn 0.2653 0.5064 0.8205
vn 0.2679 0.5038 0.8212
vn 0.5072 0.1990 0.8385
vn 0.5268 0.1669 0.8335
vn 0.6365 -0.0523 0.7695
vn 0.2227 0.4522 -0.8637
vn 0.2278 0.5023 -0.8341
vn 0.2273 0.4979 -0.8369
vn 0.1946 0.5702 -0.7981
vn 0.1931 0.5717 -0.7974
vn 0.2653 0.5064 -0.8205
vn 0.2679 0.5038 -0.8212
vn 0.5072 0.1990 -0.8385
vn 0.5268 0.1669 -0.8335
vn 0.6365 -0.0523 -0.7695
vn -0.0285 0.0010 0.9996
vn 0.0051 -0.0193 0.9998
vn 0.1160 0.0372 0.9926
vn 0.1078 0.0470 0.9931
vn -0.0204 0.0093 0.9997
vn 0.0841 0.0383 0.9957
vn -0.0087 0.0042 1.0000
vn 0.0138 -0.0031 0.9999
vn 0.0011 -0.0317 0.9995
vn -0.0021 -0.0453 0.9990
vn 0.0055 -0.0296 0.9995
vn -0.0048 -0.0796 0.9968
vn -0.0218 -0.1251 0.9919
vn -0.0769 -0.2719 0.9593
vn 0.0051 -0.0193 -0.9998
vn -0.0204 0.0093 -0.9997
vn -0.0285 0.0010 -0.9996
vn 0.0138 -0.0031 -0.9999
vn 0.1160 0.0372 -0.9926
vn 0.0011 -0.0317 -0.9995
vn 0.1078 0.0470 -0.9931
vn -0.0021 -0.0453 -0.9990
vn 0.0841 0.0383 -0.9957
vn -0.0087 0.0042 -1.0000
vn 0.0055 -0.0296 -0.9995
vn -0.0048 -0.0796 -0.9968
vn -0.0218 -0.1251 -0.9919
vn -0.0769 -0.2719 -0.9593
vn 0.3310 -0.9186 -0.2161
vn 0.2651 -0.9477 0.1778
vn 0.2363 -0.9263 0.2935
vn -0.0094 -0.7325 0.6807
vn -0.0252 -0.7213 0.6922
vn -0.3555 -0.4026 0.8435
vn -0.3658 -0.3897 0.8452
vn -0.6284 0.1304 0.7669
vn -0.6213 0.1047 0.7765
vn -0.6720 0.4157 0.6129
vn 0.3310 -0.9186 0.2161
vn 0.2363 -0.9263 -0.2935
vn 0.2651 -0.9477 -0.1778
vn -0.0094 -0.7325 -0.6807
vn -0.0252 -0.7213 -0.6922
vn -0.3555 -0.4026 -0.8435
vn -0.3658 -0.3897 -0.8452
vn -0.6284 0.1304 -0.7669
vn -0.6213 0.1047 -0.7765
vn -0.6720 0.4157 -0.6129
vn -0.5048 -0.3547 0.7870
vn -0.2949 -0.3622 0.8842
vn -0.2983 -0.3622 0.8831
vn -0.1134 -0.3924 0.9128
vn -0.1132 -0.3933 0.9124
vn -0.2362 -0.3909 0.8896
vn -0.2236 -0.3949 0.8911
vn -0.0854 -0.6413 0.7625
vn -0.1237 -0.6070 0.7850
vn 0.1743 -0.8154 0.5521
vn -0.2949 -0.3622 -0.8842
vn -0.2983 -0.3622 -0.8831
vn -0.5048 -0.3547 -0.7870
vn -0.5049 -0.3547 -0.7870
vn -0.1134 -0.3924 -0.9128
vn -0.1132 -0.3933 -0.9124
vn -0.2362 -0.3909 -0.8896
vn -0.2236 -0.3949 -0.8911
vn -0.0854 -0.6413 -0.7625
vn -0.1237 -0.6070 -0.7850
vn 0.1743 -0.8154 -0.5521
vn 0.0004 -0.0079 1.0000
vn 0.0004 -0.0079 -1.0000
vn -0.0034 -0.8502 0.5264
vn -0.0091 -0.9114 0.4115
vn -0.0081 -0.9016 0.4324
vn -0.1745 -0.9584 0.2261
vn -0.2281 -0.9558 0.1854
vn -0.4858 -0.8740 0.0103
vn -0.4740 -0.8804 0.0168
vn -0.7549 -0.6555 0.0201
vn -0.8455 -0.5288 0.0740
vn -0.9337 -0.1844 0.3068
vn -0.9174 -0.1036 0.3841
vn -0.8371 0.0839 0.5405
vn -0.0034 -0.8502 -0.5264
vn -0.0081 -0.9016 -0.4324
vn -0.0091 -0.9114 -0.4115
vn -0.1745 -0.9584 -0.2261
vn -0.2281 -0.9558 -0.1854
vn -0.4858 -0.8740 -0.0103
vn -0.4740 -0.8804 -0.0168
vn -0.7549 -0.6555 -0.0201
vn -0.8455 -0.5288 -0.0740
vn -0.9337 -0.1844 -0.3068
vn -0.9175 -0.1036 -0.3841
vn -0.8371 0.0839 -0.5405
vn -0.1116 0.5892 0.8002
vn 0.0024 0.5540 0.8325
vn 0.0148 0.5496 0.8353
vn 0.1162 0.5223 0.8448
vn 0.1200 0.5231 0.8438
vn -0.1000 0.6067 0.7886
vn -0.0486 0.5925 0.8041
vn 0.1139 0.5105 0.8523
vn 0.2735 0.4262 0.8623
vn 0.7189 -0.0224 0.6948
vn 0.7230 -0.0341 0.6900
vn 0.7744 -0.2341 0.5877
vn -0.1116 0.5892 -0.8002
vn 0.0148 0.5496 -0.8353
vn 0.0024 0.5540 -0.8325
vn 0.1162 0.5223 -0.8448
vn 0.1200 0.5231 -0.8438
vn -0.1001 0.6067 -0.7886
vn -0.0486 0.5925 -0.8041
vn 0.1139 0.5105 -0.8523
vn 0.2735 0.4262 -0.8623
vn 0.7189 -0.0224 -0.6948
vn 0.7230 -0.0341 -0.6900
vn 0.7744 -0.2341 -0.5877
vn 0.8660 0.4071 0.2904
vn 0.7402 0.4153 0.5288
vn 0.7225 0.4143 0.5535
vn 0.3876 0.4061 0.8276
vn 0.3630 0.4060 0.8387
vn 0.1076 0.3936 0.9130
vn 0.1087 0.3936 0.9128
vn -0.1414 0.5983 0.7887
vn -0.1831 0.6372 0.7487
vn -0.3039 0.8259 0.4749
vn -0.3036 0.8261 0.4748
vn -0.2231 0.8788 0.4219
vn 0.7402 0.4153 -0.5288
vn 0.8660 0.4071 -0.2904
vn 0.7225 0.4143 -0.5535
vn 0.3876 0.4061 -0.8276
vn 0.3630 0.4060 -0.8387
vn 0.1076 0.3936 -0.9130
vn 0.1087 0.3936 -0.9128
vn -0.1414 0.5983 -0.7887
vn -0.1831 0.6372 -0.7487
vn -0.3039 0.8259 -0.4749
vn -0.3036 0.8261 -0.4748
vn -0.2231 0.8788 -0.4219
vn 0.2834 0.9149 0.2875
vn 0.1955 0.9734 0.1193
vn 0.1497 0.9881 0.0356
vn 0.2836 0.9148 0.2875
vn 0.0570 0.9948 -0.0846
vn 0.0520 0.9955 -0.0789
vn 0.1643 0.9854 -0.0444
vn 0.1614 0.9859 -0.0449
vn 0.5588 0.8137 -0.1602
vn 0.4985 0.8574 -0.1279
vn 0.7171 0.6813 -0.1470
vn 0.7139 0.6873 -0.1341
vn 0.6698 0.7425 0.0069
vn 0.1955 0.9734 -0.1193
vn 0.2833 0.9150 -0.2874
vn 0.1497 0.9881 -0.0356
vn 0.2836 0.9148 -0.2875
vn 0.0570 0.9948 0.0846
vn 0.0520 0.9955 0.0789
vn 0.1643 0.9854 0.0444
vn 0.1614 0.9859 0.0449
vn 0.5588 0.8137 0.1602
vn 0.4985 0.8574 0.1279
vn 0.7171 0.6813 0.1470
vn 0.7139 0.6873 0.1341
vn 0.6698 0.7425 -0.0069
vn 0.1691 -0.3582 -0.9182
vn 0.1802 -0.3515 -0.9187
vn 0.1691 -0.3581 -0.9182
vn 0.1801 -0.3517 -0.9186
vn 0.1360 -0.3663 -0.9205
vn 0.1364 -0.3662 -0.9205
vn 0.1048 -0.3802 -0.9190
vn 0.1057 -0.3801 -0.9189
vn 0.1034 -0.3810 -0.9188
vn 0.1037 -0.3813 -0.9186
vn 0.0373 -0.3906 -0.9198
vn 0.0355 -0.3906 -0.9199
vn -0.0041 -0.3928 -0.9196
vn -0.0041 -0.3925 -0.9198
vn -0.4886 -0.1967 0.8500
vn -0.2127 -0.2510 0.9443
vn -0.2082 -0.2517 0.9451
vn -0.1043 -0.3133 0.9439
vn -0.1285 -0.3217 0.9381
vn -0.4140 -0.2334 0.8799
vn -0.3974 -0.2446 0.8844
vn -0.4448 -0.2519 0.8595
vn -0.4010 -0.2923 0.8682
vn -0.1775 -0.3966 0.9007
vn -0.1494 -0.3753 0.9148
vn -0.0928 -0.3313 0.9390
vn -0.4886 -0.1967 -0.8500
vn -0.2082 -0.2517 -0.9451
vn -0.2127 -0.2510 -0.9443
vn -0.1043 -0.3133 -0.9439
vn -0.1285 -0.3217 -0.9381
vn -0.4140 -0.2334 -0.8799
vn -0.3974 -0.2446 -0.8844
vn -0.4448 -0.2519 -0.8595
vn -0.4010 -0.2923 -0.8682
vn -0.1775 -0.3966 -0.9007
vn -0.1494 -0.3753 -0.9148
vn -0.0928 -0.3313 -0.9390
vn -0.3136 -0.9350 -0.1658
vn -0.3653 -0.9133 0.1802
vn -0.3721 -0.8852 0.2792
vn -0.4114 -0.6380 0.6509
vn -0.4186 -0.5942 0.6869
vn -0.4716 -0.2766 0.8373
vn -0.4722 -0.2735 0.8380
vn -0.5616 0.0432 0.8263
vn -0.5704 0.0665 0.8187
vn -0.3968 0.8173 0.4178
vn -0.4918 0.6747 0.5504
vn -0.0191 0.9972 -0.0722
vn -0.3136 -0.9350 0.1658
vn -0.3721 -0.8852 -0.2792
vn -0.3653 -0.9133 -0.1802
vn -0.4114 -0.6380 -0.6509
vn -0.4186 -0.5942 -0.6869
vn -0.4716 -0.2766 -0.8373
vn -0.4722 -0.2735 -0.8380
vn -0.5616 0.0432 -0.8263
vn -0.5704 0.0665 -0.8187
vn -0.3968 0.8173 -0.4178
vn -0.4918 0.6747 -0.5504
vn -0.0191 0.9972 0.0722
vn -0.3297 0.5291 0.7819
vn -0.4233 0.5363 0.7302
vn -0.3155 0.5275 0.7888
vn -0.1517 0.5109 0.8461
vn -0.1271 0.5083 0.8517
vn -0.1000 0.5293 0.8425
vn -0.1028 0.5309 0.8412
vn 0.6566 0.2001 0.7272
vn 0.6398 0.2132 0.7384
vn 0.9175 -0.1071 0.3830
vn 0.9245 -0.1237 0.3605
vn 0.6419 0.2158 0.7358
vn -0.4233 0.5363 -0.7302
vn -0.3293 0.5291 -0.7821
vn -0.3155 0.5275 -0.7888
vn -0.1517 0.5109 -0.8461
vn -0.1271 0.5083 -0.8517
vn -0.1000 0.5293 -0.8425
vn -0.1028 0.5309 -0.8412
vn 0.6566 0.2001 -0.7272
vn 0.6398 0.2132 -0.7384
vn 0.9175 -0.1071 -0.3830
vn 0.9245 -0.1237 -0.3605
vn 0.6419 0.2158 -0.7358
vn 0.1072 -0.4658 0.8784
vn 0.0430 -0.4750 0.8790
vn 0.0467 -0.4747 0.8789
vn -0.0058 -0.4777 0.8785
vn 0.1086 -0.4651 0.8786
vn 0.0919 -0.4640 0.8811
vn 0.0892 -0.4643 0.8812
vn 0.0361 -0.4801 0.8765
vn 0.0383 -0.4790 0.8770
vn 0.0274 -0.4972 0.8672
vn 0.0352 -0.5000 0.8653
vn 0.0508 -0.5055 0.8613
vn 0.0430 -0.4750 -0.8790
vn 0.1072 -0.4658 -0.8784
vn 0.0467 -0.4747 -0.8789
vn -0.0058 -0.4777 -0.8785
vn 0.1086 -0.4651 -0.8786
vn 0.0919 -0.4640 -0.8811
vn 0.0892 -0.4643 -0.8812
vn 0.0361 -0.4801 -0.8765
vn 0.0383 -0.4790 -0.8770
vn 0.0274 -0.4972 -0.8672
vn 0.0352 -0.5000 -0.8653
vn 0.0508 -0.5055 -0.8613
vn -0.3789 -0.0545 0.9238
vn -0.3162 -0.1295 0.9398
vn -0.3164 -0.1293 0.9398
vn -0.3713 -0.1516 0.9161
vn -0.3809 -0.1486 0.9126
vn -0.4115 -0.2532 0.8755
vn -0.4184 -0.2382 0.8765
vn -0.3962 -0.3670 0.8416
vn -0.4069 -0.3651 0.8373
vn -0.4554 -0.3555 0.8162
vn -0.3789 -0.0545 -0.9238
vn -0.3164 -0.1293 -0.9398
vn -0.3162 -0.1295 -0.9398
vn -0.3713 -0.1516 -0.9161
vn -0.3809 -0.1486 -0.9126
vn -0.4115 -0.2532 -0.8755
vn -0.4184 -0.2382 -0.8765
vn -0.3962 -0.3670 -0.8416
vn -0.4069 -0.3651 -0.8373
vn -0.4554 -0.3555 -0.8162
vn -0.3018 -0.7624 0.5724
vn -0.3774 -0.8257 0.4193
vn -0.3649 -0.8165 0.4473
vn -0.5616 -0.7993 0.2136
vn -0.5686 -0.7960 0.2076
vn -0.7563 -0.6540 0.0170
vn -0.7513 -0.6596 0.0231
vn -0.9248 -0.3804 -0.0086
vn -0.9522 -0.3053 0.0127
vn -0.9947 -0.0707 0.0751
vn -0.3018 -0.7624 -0.5724
vn -0.3649 -0.8165 -0.4473
vn -0.3774 -0.8257 -0.4193
vn -0.5616 -0.7993 -0.2136
vn -0.5686 -0.7960 -0.2076
vn -0.7563 -0.6540 -0.0170
vn -0.7513 -0.6596 -0.0231
vn -0.9248 -0.3804 0.0086
vn -0.9522 -0.3053 -0.0127
vn -0.9947 -0.0707 -0.0751
vn 0.2121 -0.5699 0.7939
vn 0.2996 -0.5332 0.7912
vn 0.2115 -0.5701 0.7939
vn 0.1473 -0.5938 0.7910
vn 0.2995 -0.5334 0.7911
vn 0.3024 -0.5306 0.7919
vn 0.3025 -0.5308 0.7916
vn 0.1480 -0.5936 0.7911
vn 0.1321 -0.5967 0.7915
vn 0.1325 -0.5968 0.7914
vn 0.0466 -0.6082 0.7924
vn 0.0450 -0.6084 0.7924
vn -0.0016 -0.6106 0.7919
vn 0.8074 0.4102 0.4241
vn 0.6450 0.4101 0.6449
vn 0.6712 0.4120 0.6162
vn 0.3302 0.3978 0.8560
vn 0.3102 0.3985 0.8631
vn -0.0630 0.4621 0.8846
vn -0.0317 0.4543 0.8903
vn -0.2468 0.5334 0.8091
vn -0.2445 0.5450 0.8020
vn -0.2295 0.6635 0.7121
vn -0.2288 0.6699 0.7063
vn -0.2158 0.7620 0.6106
vn 0.6450 0.4101 -0.6449
vn 0.8074 0.4102 -0.4241
vn 0.6712 0.4120 -0.6162
vn 0.3302 0.3978 -0.8560
vn 0.3102 0.3985 -0.8631
vn -0.0630 0.4621 -0.8846
vn -0.0317 0.4543 -0.8903
vn -0.2468 0.5334 -0.8091
vn -0.2445 0.5450 -0.8020
vn -0.2295 0.6635 -0.7121
vn -0.2288 0.6699 -0.7063
vn -0.2158 0.7620 -0.6106
vn -0.3596 0.2453 0.9003
vn -0.3305 0.0924 0.9393
vn -0.3305 0.0927 0.9392
vn -0.3424 -0.0452 0.9385
vn -0.3363 -0.0402 0.9409
vn -0.4371 0.0589 0.8975
vn -0.4446 0.0743 0.8926
vn -0.4784 -0.1485 0.8655
vn -0.4935 -0.0142 0.8696
vn -0.3750 -0.3663 0.8516
vn -0.3563 -0.2819 0.8908
vn -0.3170 -0.1321 0.9392
vn -0.3596 0.2453 -0.9003
vn -0.3305 0.0927 -0.9392
vn -0.3305 0.0924 -0.9393
vn -0.3424 -0.0452 -0.9385
vn -0.3363 -0.0402 -0.9409
vn -0.4371 0.0589 -0.8975
vn -0.4446 0.0743 -0.8926
vn -0.4784 -0.1485 -0.8655
vn -0.4935 -0.0142 -0.8696
vn -0.3750 -0.3663 -0.8516
vn -0.3563 -0.2819 -0.8908
vn -0.3170 -0.1321 -0.9392
vn -0.4769 0.5505 0.6852
vn -0.6334 0.5589 0.5352
vn -0.3932 0.5372 0.7462
vn -0.1364 0.4981 0.8563
vn -0.1076 0.4952 0.8621
vn 0.0777 0.4994 0.8629
vn 0.0757 0.4989 0.8633
vn 0.5029 0.3980 0.7672
vn 0.3845 0.4470 0.8077
vn 0.7225 0.2514 0.6440
vn 0.7139 0.2497 0.6542
vn 0.6867 0.2445 0.6846
vn -0.4769 0.5505 -0.6852
vn -0.6334 0.5589 -0.5352
vn -0.3931 0.5373 -0.7462
vn -0.1364 0.4981 -0.8563
vn -0.1076 0.4952 -0.8621
vn 0.0777 0.4994 -0.8629
vn 0.0757 0.4989 -0.8633
vn 0.5029 0.3980 -0.7672
vn 0.3845 0.4470 -0.8077
vn 0.7225 0.2514 -0.6440
vn 0.7139 0.2497 -0.6542
vn 0.6867 0.2445 -0.6846
vn -0.8241 0.2091 0.5265
vn -0.6573 0.4966 0.5669
vn -0.6736 0.4767 0.5648
vn -0.3138 0.6912 0.6510
vn -0.8290 0.1935 0.5247
vn -0.3457 0.6866 0.6396
vn -0.1413 0.7018 0.6982
vn -0.8101 0.1795 0.5582
vn -0.7844 0.2205 0.5798
vn -0.7302 0.3053 0.6113
vn -0.7304 0.3067 0.6103
vn -0.8076 0.2212 0.5467
vn -0.7847 0.2518 0.5665
vn -0.8573 0.1446 0.4942
vn -0.6573 0.4966 -0.5669
vn -0.8290 0.1935 -0.5247
vn -0.8241 0.2091 -0.5265
vn -0.8101 0.1795 -0.5582
vn -0.6736 0.4767 -0.5648
vn -0.7844 0.2205 -0.5798
vn -0.3138 0.6912 -0.6510
vn -0.7302 0.3053 -0.6113
vn -0.3457 0.6866 -0.6396
vn -0.1413 0.7018 -0.6982
vn -0.7304 0.3067 -0.6103
vn -0.8076 0.2212 -0.5467
vn -0.7847 0.2518 -0.5665
vn -0.8573 0.1446 -0.4942
vn 0.0974 0.9897 -0.1046
vn 0.0733 0.9917 -0.1058
vn 0.0627 0.9924 -0.1063
vn 0.0795 0.9940 -0.0747
vn 0.0898 0.9938 -0.0654
vn 0.2398 0.9695 -0.0506
vn 0.2373 0.9701 -0.0503
vn 0.2841 0.9578 0.0448
vn 0.2866 0.9572 0.0412
vn 0.4134 0.9103 0.0217
vn 0.4380 0.8990 0.0046
vn 0.6540 0.7389 -0.1621
vn 0.0733 0.9917 0.1058
vn 0.0974 0.9897 0.1046
vn 0.0627 0.9924 0.1063
vn 0.0795 0.9940 0.0747
vn 0.0898 0.9938 0.0654
vn 0.2398 0.9695 0.0506
vn 0.2373 0.9701 0.0503
vn 0.2841 0.9578 -0.0448
vn 0.2866 0.9572 -0.0413
vn 0.4134 0.9103 -0.0217
vn 0.4380 0.8990 -0.0046
vn 0.6540 0.7389 0.1621
vn -0.0510 -0.4635 0.8846
vn -0.0309 -0.4685 0.8829
vn -0.0505 -0.4637 0.8846
vn -0.0056 -0.4631 0.8863
vn -0.0346 -0.4683 0.8829
vn 0.0347 -0.4706 0.8817
vn 0.0353 -0.4708 0.8815
vn 0.1333 -0.4347 0.8906
vn 0.1340 -0.4344 0.8907
vn 0.2584 -0.3643 0.8947
vn 0.2572 -0.3654 0.8946
vn 0.2907 -0.3345 0.8965
vn 0.2907 -0.3345 0.8964
vn -0.0510 -0.4636 -0.8846
vn -0.0309 -0.4686 -0.8828
vn -0.0346 -0.4682 -0.8829
vn 0.0347 -0.4706 -0.8817
vn -0.0505 -0.4637 -0.8846
vn -0.0056 -0.4631 -0.8863
vn 0.0353 -0.4708 -0.8815
vn 0.1333 -0.4347 -0.8906
vn 0.1340 -0.4344 -0.8907
vn 0.2584 -0.3643 -0.8947
vn 0.2572 -0.3654 -0.8946
vn 0.2907 -0.3345 -0.8965
vn 0.2907 -0.3345 -0.8964
vn 0.2218 -0.9625 -0.1563
vn 0.3436 -0.9259 -0.1570
vn 0.2217 -0.9625 -0.1562
vn 0.3437 -0.9259 -0.1570
vn 0.1849 -0.9702 -0.1564
vn 0.5047 -0.8491 -0.1561
vn 0.1848 -0.9703 -0.1562
vn 0.5047 -0.8491 -0.1563
vn 0.5306 -0.8331 -0.1564
vn 0.0590 -0.9860 -0.1563
vn 0.0594 -0.9859 -0.1566
vn -0.0057 -0.9877 -0.1565
vn -0.0056 -0.9877 -0.1565
vn -0.7436 -0.3984 0.5370
vn -0.7997 -0.4311 0.4178
vn -0.7914 -0.4262 0.4382
vn -0.8417 -0.4676 0.2701
vn -0.8425 -0.4688 0.2655
vn -0.9282 -0.3582 0.1010
vn -0.9279 -0.3588 0.1014
vn -0.9858 -0.1570 -0.0589
vn -0.9870 -0.1433 -0.0729
vn -0.9436 0.2505 0.2164
vn -0.8971 0.3283 0.2958
vn -0.4929 0.6242 0.6062
vn -0.7436 -0.3984 -0.5370
vn -0.7914 -0.4262 -0.4382
vn -0.7997 -0.4311 -0.4178
vn -0.8417 -0.4676 -0.2701
vn -0.8425 -0.4688 -0.2655
vn -0.9282 -0.3582 -0.1010
vn -0.9279 -0.3588 -0.1014
vn -0.9858 -0.1570 0.0589
vn -0.9870 -0.1433 0.0729
vn -0.9436 0.2505 -0.2164
vn -0.8971 0.3283 -0.2958
vn -0.4929 0.6242 -0.6062
vn -0.5513 0.5405 0.6356
vn -0.6676 0.5511 0.5006
vn -0.5765 0.5440 0.6097
vn -0.2701 0.5123 0.8152
vn -0.2175 0.5068 0.8342
vn 0.0072 0.4915 0.8708
vn 0.0229 0.4951 0.8685
vn 0.3165 0.4763 0.8203
vn 0.3903 0.4600 0.7975
vn 0.6656 0.3385 0.6651
vn 0.6673 0.3368 0.6643
vn 0.7269 0.2731 0.6301
vn -0.6676 0.5511 -0.5006
vn -0.5513 0.5405 -0.6356
vn -0.5765 0.5440 -0.6097
vn -0.2701 0.5123 -0.8152
vn -0.2175 0.5068 -0.8342
vn 0.0072 0.4915 -0.8708
vn 0.0229 0.4951 -0.8685
vn 0.3165 0.4763 -0.8203
vn 0.3903 0.4600 -0.7975
vn 0.6657 0.3383 -0.6651
vn 0.6673 0.3368 -0.6643
vn 0.7269 0.2731 -0.6301
vn -0.0221 -0.9997 0.0136
vn 0.0196 -0.9998 0.0043
vn -0.0228 -0.9997 0.0133
vn -0.0121 -0.9998 0.0175
vn 0.0299 -0.9995 0.0033
vn 0.1109 -0.9938 -0.0004
vn 0.1122 -0.9937 -0.0006
vn 0.2259 -0.9740 0.0176
vn 0.2187 -0.9757 0.0161
vn 0.3447 -0.9371 0.0543
vn 0.3700 -0.9266 0.0669
vn 0.4119 -0.9070 0.0880
vn 0.0196 -0.9998 -0.0043
vn -0.0221 -0.9997 -0.0136
vn -0.0228 -0.9997 -0.0133
vn -0.0121 -0.9998 -0.0175
vn 0.0299 -0.9995 -0.0033
vn 0.1109 -0.9938 0.0004
vn 0.1122 -0.9937 0.0006
vn 0.2259 -0.9740 -0.0176
vn 0.2187 -0.9757 -0.0161
vn 0.3447 -0.9371 -0.0543
vn 0.3700 -0.9266 -0.0669
vn 0.4119 -0.9070 -0.0880
vn 0.1362 0.9907 0.0060
vn 0.0440 0.9950 -0.0902
vn -0.0093 0.9894 -0.1447
vn -0.0056 0.9884 -0.1518
vn 0.0215 0.9916 -0.1273
vn 0.0078 0.9998 0.0190
vn 0.0140 0.9998 0.0153
vn 0.1316 0.9909 0.0272
vn 0.1699 0.9853 0.0178
vn 0.5521 0.8196 -0.1531
vn 0.5517 0.8199 -0.1527
vn 0.7151 0.6365 -0.2888
vn 0.0440 0.9950 0.0902
vn 0.1362 0.9907 -0.0060
vn -0.0093 0.9894 0.1447
vn -0.0056 0.9884 0.1518
vn 0.0215 0.9916 0.1273
vn 0.0078 0.9998 -0.0190
vn 0.0140 0.9998 -0.0153
vn 0.1316 0.9909 -0.0272
vn 0.1699 0.9853 -0.0178
vn 0.5521 0.8196 0.1531
vn 0.5517 0.8199 0.1527
vn 0.7151 0.6365 0.2888
vn -0.9980 0.0633 -0.0000
vn -0.9980 0.0448 -0.0448
vn -0.9980 -0.0000 -0.0633
vn -0.9980 0.0448 0.0448
vn -0.9980 -0.0448 -0.0448
vn -0.9980 -0.0000 0.0633
vn -0.9980 -0.0633 -0.0000
vn -0.9980 -0.0448 0.0448
vn -0.5222 -0.6030 0.6030
vn -0.5222 -0.8528 -0.0000
vn -0.5222 -0.6030 -0.6030
vn -0.5222 -0.0000 0.8528
vn -0.5222 -0.0000 -0.8528
vn -0.5222 0.6030 0.6030
vn -0.5222 0.6030 -0.6030
vn -0.5222 0.8528 -0.0000
vn -0.4633 0.6266 -0.6266
vn -0.4633 0.8862 -0.0000
vn -0.4633 0.6266 0.6266
vn -0.4633 -0.0000 -0.8862
vn -0.4633 -0.0000 0.8862
vn -0.4633 -0.6266 -0.6266
vn -0.4633 -0.6266 0.6266
vn -0.4633 -0.8862 -0.0000
vt 0.000000 0.000000
s 1
f 1/1/1 2/1/2 3/1/2
f 2/1/2 4/1/3 3/1/2
f 2/1/2 1/1/1 5/1/1
f 4/1/3 2/1/2 6/1/3
f 7/1/4 5/1/1 1/1/1
f 8/1/5 4/1/3 6/1/3
f 7/1/4 1/1/1 9/1/4
f 4/1/3 8/1/5 10/1/5
f 11/1/6 7/1/4 9/1/4
f 12/1/7 10/1/5 8/1/5
f 7/1/4 11/1/6 13/1/6
f 12/1/7 8/1/5 14/1/7
f 11/1/6 15/1/8 13/1/6
f 15/1/8 12/1/7 14/1/7
f 11/1/6 16/1/8 15/1/8
f 12/1/7 15/1/8 16/1/8
f 17/1/9 18/1/10 19/1/10
f 20/1/11 19/1/10 18/1/10
f 18/1/10 17/1/9 21/1/9
f 18/1/10 22/1/11 20/1/11
f 23/1/12 21/1/9 17/1/9
f 24/1/13 20/1/11 22/1/11
f 17/1/9 25/1/12 23/1/12
f 20/1/11 24/1/13 26/1/13
f 27/1/14 23/1/12 25/1/12
f 28/1/15 26/1/13 24/1/13
f 23/1/12 27/1/14 29/1/14
f 28/1/15 24/1/13 30/1/15
f 31/1/16 29/1/14 27/1/14
f 31/1/16 28/1/15 30/1/15
f 27/1/14 32/1/16 31/1/16
f 28/1/15 31/1/16 32/1/16
f 33/1/17 34/1/18 35/1/18
f 36/1/19 35/1/18 34/1/18
f 34/1/18 33/1/17 37/1/17
f 36/1/19 34/1/18 38/1/19
f 39/1/20 37/1/17 33/1/17
f 40/1/21 36/1/19 38/1/19
f 33/1/17 41/1/20 39/1/20
f 36/1/19 40/1/21 42/1/21
f 43/1/22 39/1/20 41/1/20
f 44/1/23 42/1/21 40/1/21
f 39/1/20 43/1/22 45/1/22
f 44/1/23 40/1/21 46/1/23
f 43/1/22 47/1/24 45/1/22
f 47/1/24 44/1/23 46/1/23
f 43/1/22 48/1/24 47/1/24
f 44/1/23 47/1/24 48/1/24
f 49/1/25 50/1/26 51/1/27
f 51/1/27 50/1/26 52/1/27
f 49/1/25 53/1/28 50/1/26
f 53/1/28 49/1/25 54/1/29
f 54/1/29 55/1/30 53/1/28
f 55/1/30 54/1/29 56/1/31
f 56/1/31 57/1/32 55/1/30
f 57/1/32 56/1/31 58/1/33
f 58/1/33 59/1/34 57/1/32
f 59/1/34 58/1/33 60/1/35
f 59/1/34 60/1/35 61/1/36
f 62/1/37 63/1/38 64/1/38
f 63/1/38 62/1/37 65/1/39
f 66/1/40 65/1/39 62/1/37
f 65/1/39 66/1/40 67/1/41
f 68/1/42 67/1/41 66/1/40
f 67/1/41 68/1/42 69/1/43
f 70/1/44 69/1/43 68/1/42
f 69/1/43 70/1/44 71/1/45
f 72/1/46 71/1/45 70/1/44
f 71/1/45 72/1/46 73/1/47
f 72/1/46 74/1/48 73/1/47
f 75/1/49 76/1/50 77/1/51
f 77/1/51 78/1/52 75/1/49
f 79/1/52 75/1/49 78/1/52
f 76/1/50 75/1/49 80/1/53
f 80/1/53 81/1/54 76/1/50
f 81/1/54 80/1/53 82/1/55
f 82/1/55 83/1/56 81/1/54
f 83/1/56 82/1/55 84/1/57
f 85/1/58 83/1/56 84/1/57
f 83/1/56 85/1/58 86/1/59
f 87/1/60 86/1/59 85/1/58
f 86/1/59 87/1/60 88/1/60
f 89/1/61 90/1/62 91/1/63
f 92/1/64 91/1/63 90/1/62
f 92/1/64 90/1/62 93/1/64
f 90/1/62 89/1/61 94/1/65
f 95/1/66 94/1/65 89/1/61
f 94/1/65 95/1/66 96/1/67
f 97/1/68 96/1/67 95/1/66
f 96/1/67 97/1/68 98/1/69
f 97/1/68 99/1/70 98/1/69
f 97/1/68 100/1/71 99/1/70
f 100/1/71 101/1/72 99/1/70
f 100/1/71 102/1/72 101/1/72
f 103/1/73 104/1/74 105/1/75
f 104/1/74 103/1/73 106/1/76
f 105/1/75 107/1/77 103/1/73
f 107/1/77 105/1/75 108/1/78
f 108/1/78 109/1/79 107/1/77
f 109/1/79 108/1/78 110/1/80
f 110/1/80 111/1/81 109/1/79
f 111/1/81 110/1/80 112/1/82
f 112/1/82 113/1/83 111/1/81
f 113/1/83 112/1/82 114/1/84
f 114/1/84 115/1/85 113/1/83
f 116/1/85 113/1/83 115/1/85
f 117/1/86 118/1/87 119/1/88
f 118/1/87 120/1/89 119/1/88
f 119/1/88 120/1/89 121/1/90
f 120/1/89 122/1/91 121/1/90
f 121/1/90 122/1/91 123/1/92
f 122/1/91 124/1/93 123/1/92
f 124/1/93 122/1/91 125/1/94
f 126/1/95 124/1/93 125/1/94
f 126/1/95 127/1/96 124/1/93
f 127/1/96 126/1/95 128/1/97
f 129/1/98 130/1/99 131/1/100
f 132/1/101 131/1/100 130/1/99
f 132/1/101 130/1/99 133/1/102
f 133/1/102 134/1/103 132/1/101
f 135/1/104 134/1/103 133/1/102
f 136/1/105 134/1/103 135/1/104
f 134/1/103 136/1/105 137/1/106
f 137/1/106 136/1/105 138/1/107
f 136/1/105 139/1/108 138/1/107
f 139/1/108 140/1/109 138/1/107
f 141/1/110 142/1/111 143/1/110
f 142/1/111 141/1/110 144/1/112
f 145/1/113 142/1/111 144/1/112
f 142/1/111 145/1/113 146/1/114
f 147/1/115 146/1/114 145/1/113
f 146/1/114 147/1/115 148/1/116
f 149/1/117 148/1/116 147/1/115
f 148/1/116 149/1/117 150/1/118
f 149/1/117 151/1/119 150/1/118
f 149/1/117 152/1/120 151/1/119
f 152/1/120 153/1/121 151/1/119
f 154/1/122 155/1/123 156/1/124
f 155/1/123 154/1/122 157/1/125
f 154/1/122 158/1/126 157/1/125
f 158/1/126 154/1/122 159/1/127
f 159/1/127 160/1/128 158/1/126
f 160/1/128 159/1/127 161/1/129
f 161/1/129 162/1/130 160/1/128
f 162/1/130 161/1/129 163/1/131
f 164/1/132 162/1/130 163/1/131
f 162/1/130 164/1/132 165/1/133
f 165/1/133 164/1/132 166/1/134
f 167/1/135 168/1/136 169/1/137
f 168/1/136 170/1/138 169/1/137
f 168/1/136 171/1/138 170/1/138
f 167/1/135 169/1/137 172/1/139
f 173/1/140 167/1/135 172/1/139
f 173/1/140 172/1/139 174/1/141
f 175/1/142 173/1/140 174/1/141
f 173/1/140 175/1/142 176/1/143
f 177/1/144 176/1/143 175/1/142
f 176/1/143 177/1/144 178/1/145
f 179/1/146 178/1/145 177/1/144
f 178/1/145 179/1/146 180/1/146
f 181/1/147 182/1/148 183/1/149
f 184/1/150 181/1/147 183/1/149
f 181/1/147 184/1/150 185/1/150
f 186/1/151 183/1/149 182/1/148
f 182/1/148 187/1/152 186/1/151
f 188/1/153 186/1/151 187/1/152
f 187/1/152 189/1/154 188/1/153
f 189/1/154 187/1/152 190/1/155
f 190/1/155 191/1/156 189/1/154
f 191/1/156 190/1/155 192/1/157
f 192/1/157 193/1/158 191/1/156
f 193/1/158 192/1/157 194/1/158
f 195/1/159 196/1/160 197/1/161
f 197/1/161 196/1/160 198/1/161
f 195/1/159 199/1/162 196/1/160
f 199/1/162 195/1/159 200/1/163
f 200/1/163 201/1/164 199/1/162
f 201/1/164 200/1/163 202/1/165
f 201/1/164 202/1/165 203/1/166
f 204/1/167 201/1/164 203/1/166
f 203/1/166 205/1/168 204/1/167
f 205/1/168 203/1/166 206/1/169
f 205/1/168 206/1/169 207/1/170
f 208/1/171 209/1/172 210/1/172
f 209/1/172 208/1/171 211/1/173
f 212/1/174 211/1/173 208/1/171
f 211/1/173 212/1/174 213/1/175
f 214/1/176 213/1/175 212/1/174
f 213/1/175 214/1/176 215/1/177
f 216/1/178 215/1/177 214/1/176
f 214/1/176 217/1/179 216/1/178
f 218/1/180 216/1/178 217/1/179
f 216/1/178 218/1/180 219/1/181
f 218/1/180 220/1/182 219/1/181
f 221/1/183 222/1/184 223/1/185
f 222/1/184 224/1/186 223/1/185
f 222/1/184 225/1/187 224/1/186
f 225/1/187 226/1/188 224/1/186
f 227/1/189 226/1/188 225/1/187
f 228/1/190 226/1/188 227/1/189
f 226/1/188 228/1/190 229/1/191
f 230/1/192 229/1/191 228/1/190
f 229/1/191 230/1/192 231/1/193
f 230/1/192 232/1/194 231/1/193
f 233/1/195 234/1/196 235/1/197
f 236/1/198 235/1/197 234/1/196
f 236/1/198 237/1/199 235/1/197
f 238/1/200 237/1/199 236/1/198
f 237/1/199 238/1/200 239/1/201
f 238/1/200 240/1/202 239/1/201
f 240/1/202 238/1/200 241/1/203
f 241/1/203 242/1/204 240/1/202
f 242/1/204 241/1/203 243/1/205
f 242/1/204 243/1/205 244/1/206
f 245/1/207 246/1/208 247/1/209
f 248/1/210 247/1/209 246/1/208
f 246/1/208 245/1/207 249/1/211
f 247/1/209 248/1/210 250/1/212
f 249/1/211 245/1/207 251/1/213
f 252/1/214 250/1/212 248/1/210
f 253/1/215 249/1/211 251/1/213
f 251/1/213 254/1/216 253/1/215
f 254/1/216 251/1/213 255/1/216
f 250/1/212 252/1/214 256/1/217
f 257/1/218 256/1/217 252/1/214
f 256/1/217 257/1/218 258/1/219
f 258/1/219 257/1/218 259/1/220
f 260/1/221 261/1/222 262/1/223
f 262/1/223 261/1/222 263/1/224
f 260/1/221 264/1/225 261/1/222
f 263/1/224 265/1/226 262/1/223
f 264/1/225 260/1/221 266/1/227
f 267/1/228 264/1/225 266/1/227
f 264/1/225 267/1/228 268/1/228
f 265/1/226 263/1/224 269/1/229
f 270/1/230 265/1/226 269/1/229
f 270/1/230 269/1/229 271/1/231
f 271/1/231 272/1/232 270/1/230
f 272/1/232 271/1/231 273/1/233
f 272/1/232 273/1/233 274/1/234
f 275/1/235 276/1/236 277/1/236
f 276/1/236 275/1/235 278/1/237
f 275/1/235 279/1/238 278/1/237
f 275/1/235 280/1/239 279/1/238
f 281/1/240 279/1/238 280/1/239
f 279/1/238 281/1/240 282/1/241
f 281/1/240 283/1/242 282/1/241
f 283/1/242 281/1/240 284/1/243
f 285/1/244 283/1/242 284/1/243
f 283/1/242 285/1/244 286/1/245
f 285/1/244 287/1/246 286/1/245
f 288/1/247 289/1/248 290/1/249
f 290/1/249 289/1/248 291/1/249
f 292/1/250 289/1/248 288/1/247
f 289/1/248 292/1/250 293/1/251
f 292/1/250 294/1/252 293/1/251
f 294/1/252 292/1/250 295/1/253
f 295/1/253 296/1/254 294/1/252
f 294/1/252 296/1/254 297/1/255
f 296/1/254 298/1/256 297/1/255
f 298/1/256 296/1/254 299/1/257
f 298/1/256 299/1/257 300/1/258
f 301/1/259 302/1/260 303/1/259
f 302/1/260 301/1/259 304/1/261
f 304/1/261 305/1/262 302/1/260
f 305/1/262 304/1/261 306/1/263
f 306/1/263 307/1/264 305/1/262
f 307/1/264 308/1/265 305/1/262
f 307/1/264 309/1/266 308/1/265
f 310/1/267 308/1/265 309/1/266
f 309/1/266 311/1/268 310/1/267
f 312/1/269 310/1/267 311/1/268
f 311/1/268 313/1/270 312/1/269
f 313/1/270 311/1/268 314/1/271
f 315/1/272 316/1/273 317/1/274
f 316/1/273 318/1/275 317/1/274
f 317/1/274 318/1/275 319/1/276
f 318/1/275 320/1/277 319/1/276
f 320/1/277 318/1/275 321/1/278
f 322/1/279 320/1/277 321/1/278
f 320/1/277 322/1/279 323/1/280
f 323/1/280 322/1/279 324/1/281
f 325/1/281 323/1/280 324/1/281
f 326/1/282 327/1/283 328/1/284
f 329/1/285 328/1/284 327/1/283
f 329/1/285 327/1/283 330/1/286
f 331/1/287 329/1/285 330/1/286
f 329/1/285 331/1/287 332/1/288
f 331/1/287 333/1/289 332/1/288
f 333/1/289 331/1/287 334/1/290
f 335/1/291 333/1/289 334/1/290
f 334/1/290 336/1/291 335/1/291
f 337/1/292 338/1/293 339/1/294
f 340/1/295 339/1/294 338/1/293
f 338/1/293 341/1/296 340/1/295
f 341/1/296 342/1/297 340/1/295
f 342/1/297 341/1/296 343/1/298
f 344/1/299 342/1/297 343/1/298
f 342/1/297 344/1/299 345/1/300
f 346/1/301 345/1/300 344/1/299
f 345/1/300 346/1/301 347/1/301
f 348/1/302 349/1/303 350/1/304
f 350/1/304 349/1/303 351/1/305
f 352/1/306 350/1/304 351/1/305
f 351/1/305 353/1/307 352/1/306
f 352/1/306 353/1/307 354/1/308
f 353/1/307 355/1/309 354/1/308
f 355/1/309 353/1/307 356/1/310
f 356/1/310 357/1/311 355/1/309
f 357/1/311 356/1/310 358/1/311
f 359/1/312 360/1/313 361/1/314
f 361/1/314 362/1/315 359/1/312
f 362/1/315 361/1/314 363/1/315
f 360/1/313 359/1/312 364/1/316
f 364/1/316 365/1/317 360/1/313
f 365/1/317 364/1/316 366/1/318
f 366/1/318 367/1/319 365/1/317
f 365/1/317 367/1/319 368/1/320
f 367/1/319 369/1/321 368/1/320
f 370/1/322 368/1/320 369/1/321
f 369/1/321 371/1/323 370/1/322
f 372/1/323 370/1/322 371/1/323
f 373/1/324 374/1/325 375/1/326
f 374/1/325 373/1/324 376/1/327
f 377/1/328 376/1/327 373/1/324
f 376/1/327 377/1/328 378/1/328
f 379/1/329 375/1/326 374/1/325
f 375/1/326 379/1/329 380/1/330
f 381/1/331 380/1/330 379/1/329
f 381/1/331 379/1/329 382/1/332
f 382/1/332 383/1/333 381/1/331
f 383/1/333 382/1/332 384/1/334
f 385/1/335 383/1/333 384/1/334
f 385/1/335 384/1/334 386/1/335
f 387/1/336 388/1/337 389/1/337
f 388/1/337 387/1/336 390/1/338
f 390/1/338 387/1/336 391/1/339
f 390/1/338 391/1/339 392/1/340
f 392/1/340 391/1/339 393/1/341
f 394/1/342 392/1/340 393/1/341
f 394/1/342 393/1/341 395/1/343
f 395/1/343 396/1/344 394/1/342
f 397/1/345 396/1/344 395/1/343
f 396/1/344 397/1/345 398/1/346
f 398/1/346 397/1/345 399/1/347
f 400/1/348 401/1/349 402/1/348
f 401/1/349 400/1/348 403/1/350
f 403/1/350 404/1/351 401/1/349
f 404/1/351 403/1/350 405/1/352
f 406/1/353 404/1/351 405/1/352
f 405/1/352 407/1/354 406/1/353
f 406/1/353 407/1/354 408/1/355
f 407/1/354 409/1/356 408/1/355
f 408/1/355 409/1/356 410/1/357
f 409/1/356 411/1/358 410/1/357
f 411/1/358 412/1/359 410/1/357
f 413/1/360 414/1/361 415/1/361
f 414/1/361 413/1/360 416/1/362
f 413/1/360 417/1/363 416/1/362
f 413/1/360 418/1/364 417/1/363
f 419/1/365 417/1/363 418/1/364
f 417/1/363 419/1/365 420/1/366
f 419/1/365 421/1/367 420/1/366
f 421/1/367 419/1/365 422/1/368
f 422/1/368 423/1/369 421/1/367
f 422/1/368 424/1/370 423/1/369
f 424/1/370 425/1/371 423/1/369
f 426/1/372 427/1/373 428/1/374
f 427/1/373 426/1/372 429/1/373
f 430/1/375 426/1/372 428/1/374
f 426/1/372 430/1/375 431/1/376
f 430/1/375 432/1/377 431/1/376
f 432/1/377 430/1/375 433/1/378
f 433/1/378 434/1/379 432/1/377
f 432/1/377 434/1/379 435/1/380
f 436/1/381 435/1/380 434/1/379
f 435/1/380 436/1/381 437/1/382
f 437/1/382 436/1/381 438/1/383
f 439/1/384 440/1/385 441/1/386
f 442/1/387 441/1/386 440/1/385
f 442/1/387 440/1/385 443/1/388
f 444/1/389 442/1/387 443/1/388
f 444/1/389 443/1/388 445/1/390
f 446/1/391 444/1/389 445/1/390
f 444/1/389 446/1/391 447/1/392
f 448/1/393 447/1/392 446/1/391
f 447/1/392 448/1/393 449/1/394
f 448/1/393 450/1/395 449/1/394
f 450/1/395 448/1/393 451/1/395
f 452/1/396 453/1/397 454/1/398
f 453/1/397 455/1/399 454/1/398
f 456/1/400 454/1/398 455/1/399
f 455/1/399 457/1/401 456/1/400
f 456/1/400 457/1/401 458/1/402
f 457/1/401 459/1/403 458/1/402
f 459/1/403 457/1/401 460/1/404
f 460/1/404 461/1/405 459/1/403
f 461/1/405 460/1/404 462/1/406
f 462/1/406 463/1/407 461/1/405
f 461/1/405 463/1/407 464/1/407
f 465/1/408 466/1/409 467/1/410
f 466/1/409 465/1/408 468/1/411
f 467/1/410 469/1/412 465/1/408
f 468/1/411 470/1/413 466/1/409
f 469/1/412 467/1/410 471/1/414
f 466/1/409 470/1/413 472/1/415
f 473/1/416 472/1/415 470/1/413
f 472/1/415 473/1/416 474/1/416
f 471/1/414 475/1/417 469/1/412
f 475/1/417 471/1/414 476/1/418
f 477/1/419 475/1/417 476/1/418
f 475/1/417 477/1/419 478/1/420
f 479/1/421 480/1/422 481/1/423
f 480/1/422 482/1/424 481/1/423
f 481/1/423 482/1/424 483/1/425
f 482/1/424 484/1/426 483/1/425
f 483/1/425 484/1/426 485/1/426
f 484/1/426 486/1/427 485/1/426
f 486/1/427 484/1/426 487/1/428
f 488/1/429 486/1/427 487/1/428
f 488/1/429 489/1/430 486/1/427
f 489/1/430 488/1/429 490/1/431
f 491/1/432 492/1/433 493/1/434
f 492/1/433 494/1/435 493/1/434
f 494/1/435 492/1/433 495/1/436
f 495/1/436 496/1/437 494/1/435
f 497/1/437 496/1/437 495/1/436
f 498/1/438 496/1/437 497/1/437
f 496/1/437 498/1/438 499/1/439
f 499/1/439 498/1/438 500/1/440
f 501/1/441 500/1/440 498/1/438
f 501/1/441 502/1/442 500/1/440
f 503/1/443 504/1/444 505/1/445
f 505/1/445 504/1/444 506/1/445
f 503/1/443 507/1/446 504/1/444
f 507/1/446 503/1/443 508/1/447
f 508/1/447 509/1/448 507/1/446
f 509/1/448 508/1/447 510/1/449
f 510/1/449 511/1/450 509/1/448
f 512/1/451 509/1/448 511/1/450
f 511/1/450 513/1/452 512/1/451
f 513/1/452 511/1/450 514/1/453
f 513/1/452 514/1/453 515/1/454
f 516/1/455 517/1/456 518/1/456
f 517/1/456 516/1/455 519/1/457
f 520/1/458 519/1/457 516/1/455
f 519/1/457 520/1/458 521/1/459
f 522/1/460 521/1/459 520/1/458
f 521/1/459 522/1/460 523/1/461
f 524/1/462 523/1/461 522/1/460
f 522/1/460 525/1/463 524/1/462
f 526/1/464 524/1/462 525/1/463
f 524/1/462 526/1/464 527/1/465
f 526/1/464 528/1/466 527/1/465
f 529/1/467 530/1/468 531/1/469
f 532/1/470 531/1/469 530/1/468
f 531/1/469 532/1/470 533/1/471
f 534/1/472 533/1/471 532/1/470
f 533/1/471 534/1/472 535/1/473
f 534/1/472 536/1/474 535/1/473
f 536/1/474 534/1/472 537/1/475
f 538/1/476 536/1/474 537/1/475
f 537/1/475 539/1/477 538/1/476
f 540/1/478 538/1/476 539/1/477
f 538/1/476 540/1/478 541/1/478
f 542/1/479 543/1/480 544/1/481
f 543/1/480 545/1/482 544/1/481
f 545/1/482 543/1/480 546/1/483
f 546/1/483 547/1/484 545/1/482
f 547/1/484 546/1/483 548/1/485
f 549/1/486 547/1/484 548/1/485
f 547/1/484 549/1/486 550/1/487
f 551/1/488 550/1/487 549/1/486
f 552/1/489 550/1/487 551/1/488
f 551/1/488 553/1/490 552/1/489
f 553/1/490 551/1/488 554/1/490
f 555/1/491 556/1/492 557/1/493
f 556/1/492 558/1/494 557/1/493
f 557/1/493 558/1/494 559/1/495
f 558/1/494 560/1/496 559/1/495
f 559/1/495 560/1/496 561/1/497
f 560/1/496 562/1/498 561/1/497
f 562/1/498 560/1/496 563/1/499
f 562/1/498 563/1/499 564/1/500
f 565/1/501 562/1/498 564/1/500
f 564/1/500 566/1/502 565/1/501
f 566/1/502 564/1/500 567/1/502
f 568/1/503 569/1/504 570/1/505
f 571/1/506 570/1/505 569/1/504
f 571/1/506 569/1/504 572/1/507
f 572/1/507 573/1/508 571/1/506
f 574/1/509 573/1/508 572/1/507
f 574/1/509 575/1/510 573/1/508
f 576/1/511 573/1/508 575/1/510
f 577/1/512 576/1/511 575/1/510
f 577/1/512 575/1/510 578/1/513
f 579/1/514 577/1/512 578/1/513
f 577/1/512 579/1/514 580/1/514
f 581/1/515 582/1/516 583/1/516
f 582/1/516 581/1/515 584/1/517
f 581/1/515 585/1/518 584/1/517
f 584/1/517 585/1/518 586/1/519
f 585/1/518 587/1/520 586/1/519
f 587/1/520 585/1/518 588/1/521
f 589/1/522 587/1/520 588/1/521
f 590/1/523 587/1/520 589/1/522
f 591/1/524 590/1/523 589/1/522
f 590/1/523 591/1/524 592/1/525
f 592/1/525 591/1/524 593/1/526
f 594/1/527 595/1/528 596/1/529
f 595/1/528 594/1/527 597/1/528
f 596/1/529 598/1/530 594/1/527
f 598/1/530 596/1/529 599/1/531
f 600/1/532 598/1/530 599/1/531
f 598/1/530 600/1/532 601/1/533
f 601/1/533 600/1/532 602/1/534
f 600/1/532 603/1/535 602/1/534
f 603/1/535 604/1/536 602/1/534
f 605/1/537 604/1/536 603/1/535
f 605/1/537 606/1/538 604/1/536
f 607/1/539 608/1/540 609/1/539
f 608/1/540 607/1/539 610/1/541
f 611/1/542 608/1/540 610/1/541
f 610/1/541 612/1/543 611/1/542
f 613/1/544 611/1/542 612/1/543
f 613/1/544 612/1/543 614/1/545
f 615/1/546 613/1/544 614/1/545
f 613/1/544 615/1/546 616/1/547
f 617/1/548 616/1/547 615/1/546
f 617/1/548 615/1/546 618/1/549
f 618/1/549 619/1/550 617/1/548
f 620/1/551 621/1/552 622/1/552
f 621/1/552 620/1/551 623/1/553
f 623/1/553 620/1/551 624/1/554
f 625/1/555 623/1/553 624/1/554
f 624/1/554 626/1/556 625/1/555
f 627/1/557 625/1/555 626/1/556
f 626/1/556 628/1/558 627/1/557
f 628/1/558 626/1/556 629/1/559
f 629/1/559 630/1/560 628/1/558
f 628/1/558 630/1/560 631/1/561
f 631/1/561 630/1/560 632/1/562
f 633/1/563 634/1/564 635/1/565
f 636/1/566 635/1/565 634/1/564
f 636/1/566 637/1/567 635/1/565
f 638/1/568 637/1/567 636/1/566
f 637/1/567 638/1/568 639/1/569
f 640/1/570 639/1/569 638/1/568
f 640/1/570 641/1/571 639/1/569
f 640/1/570 642/1/572 641/1/571
f 642/1/572 640/1/570 643/1/572
f 644/1/573 645/1/574 646/1/575
f 645/1/574 647/1/576 646/1/575
f 645/1/574 648/1/577 647/1/576
f 648/1/577 649/1/578 647/1/576
f 648/1/577 650/1/579 649/1/578
f 650/1/579 651/1/580 649/1/578
f 652/1/581 651/1/580 650/1/579
f 653/1/582 651/1/580 652/1/581
f 651/1/580 653/1/582 654/1/582
f 655/1/583 656/1/584 657/1/585
f 657/1/585 656/1/584 658/1/586
f 656/1/584 655/1/583 659/1/587
f 658/1/586 660/1/588 657/1/585
f 661/1/589 660/1/588 658/1/586
f 660/1/588 661/1/589 662/1/589
f 663/1/590 659/1/587 655/1/583
f 659/1/587 663/1/590 664/1/591
f 665/1/592 664/1/591 663/1/590
f 664/1/591 665/1/592 666/1/593
f 665/1/592 667/1/594 666/1/593
f 665/1/592 668/1/595 667/1/594
f 667/1/594 668/1/595 669/1/596
f 670/1/597 671/1/598 672/1/599
f 671/1/598 673/1/600 672/1/599
f 672/1/599 674/1/601 670/1/597
f 671/1/598 675/1/602 673/1/600
f 674/1/601 676/1/603 670/1/597
f 675/1/602 677/1/604 673/1/600
f 676/1/603 674/1/601 678/1/605
f 678/1/605 679/1/606 676/1/603
f 679/1/606 678/1/605 680/1/606
f 675/1/602 681/1/607 677/1/604
f 682/1/608 677/1/604 681/1/607
f 677/1/604 682/1/608 683/1/609
f 683/1/609 682/1/608 684/1/610
f 685/1/611 686/1/612 687/1/613
f 688/1/614 687/1/613 686/1/612
f 687/1/613 688/1/614 689/1/615
f 690/1/616 689/1/615 688/1/614
f 689/1/615 690/1/616 691/1/617
f 690/1/616 692/1/618 691/1/617
f 692/1/618 690/1/616 693/1/619
f 694/1/620 692/1/618 693/1/619
f 693/1/619 695/1/620 694/1/620
f 696/1/621 697/1/622 698/1/623
f 697/1/622 699/1/624 698/1/623
f 699/1/624 697/1/622 700/1/625
f 700/1/625 701/1/626 699/1/624
f 701/1/626 700/1/625 702/1/627
f 703/1/628 701/1/626 702/1/627
f 701/1/626 703/1/628 704/1/629
f 705/1/630 704/1/629 703/1/628
f 706/1/630 704/1/629 705/1/630
f 707/1/631 708/1/631 709/1/632
f 708/1/631 710/1/633 709/1/632
f 710/1/633 711/1/634 709/1/632
f 709/1/632 711/1/634 712/1/635
f 711/1/634 713/1/636 712/1/635
f 713/1/636 711/1/634 714/1/637
f 713/1/636 714/1/637 715/1/638
f 716/1/639 713/1/636 715/1/638
f 715/1/638 717/1/640 716/1/639
f 717/1/640 715/1/638 718/1/640
f 719/1/641 720/1/642 721/1/643
f 719/1/641 721/1/643 722/1/644
f 719/1/641 723/1/645 720/1/642
f 723/1/645 719/1/641 724/1/646
f 725/1/647 723/1/645 724/1/646
f 723/1/645 725/1/647 726/1/648
f 727/1/649 726/1/648 725/1/647
f 725/1/647 728/1/650 727/1/649
f 729/1/651 727/1/649 728/1/650
f 727/1/649 729/1/651 730/1/651
f 731/1/652 732/1/652 733/1/652
f 734/1/653 735/1/653 736/1/653
f 737/1/654 738/1/655 739/1/656
f 738/1/655 740/1/657 739/1/656
f 740/1/657 738/1/655 741/1/658
f 741/1/658 742/1/659 740/1/657
f 742/1/659 741/1/658 743/1/660
f 743/1/660 744/1/661 742/1/659
f 745/1/662 742/1/659 744/1/661
f 746/1/663 745/1/662 744/1/661
f 747/1/664 745/1/662 746/1/663
f 747/1/664 746/1/663 748/1/665
f 749/1/665 747/1/664 748/1/665
f 750/1/666 751/1/667 752/1/668
f 753/1/669 752/1/668 751/1/667
f 752/1/668 753/1/669 754/1/670
f 755/1/671 754/1/670 753/1/669
f 754/1/670 755/1/671 756/1/672
f 757/1/673 756/1/672 755/1/671
f 755/1/671 758/1/674 757/1/673
f 759/1/675 757/1/673 758/1/674
f 758/1/674 760/1/676 759/1/675
f 761/1/677 759/1/675 760/1/676
f 760/1/676 762/1/677 761/1/677
f 763/1/678 764/1/679 765/1/680
f 765/1/680 764/1/679 766/1/681
f 767/1/682 765/1/680 766/1/681
f 767/1/682 766/1/681 768/1/683
f 769/1/684 767/1/682 768/1/683
f 768/1/683 770/1/685 769/1/684
f 770/1/685 768/1/683 771/1/686
f 771/1/686 772/1/687 770/1/685
f 772/1/687 771/1/686 773/1/688
f 773/1/688 774/1/689 772/1/687
f 774/1/689 773/1/688 775/1/689
f 776/1/690 777/1/691 778/1/692
f 779/1/693 778/1/692 777/1/691
f 777/1/691 780/1/694 779/1/693
f 781/1/695 779/1/693 780/1/694
f 780/1/694 782/1/696 781/1/695
f 783/1/697 781/1/695 782/1/696
f 781/1/695 783/1/697 784/1/698
f 785/1/699 784/1/698 783/1/697
f 784/1/698 785/1/699 786/1/700
f 787/1/701 786/1/700 785/1/699
f 786/1/700 787/1/701 788/1/701
f 789/1/702 790/1/703 791/1/702
f 791/1/702 790/1/703 792/1/704
f 793/1/705 792/1/704 790/1/703
f 790/1/703 794/1/706 793/1/705
f 795/1/707 793/1/705 794/1/706
f 795/1/707 794/1/706 796/1/708
f 797/1/709 795/1/707 796/1/708
f 795/1/707 797/1/709 798/1/710
f 799/1/711 798/1/710 797/1/709
f 798/1/710 799/1/711 800/1/712
f 799/1/711 801/1/713 800/1/712
f 802/1/714 803/1/715 804/1/716
f 803/1/715 802/1/714 805/1/715
f 802/1/714 804/1/716 806/1/717
f 807/1/718 802/1/714 806/1/717
f 806/1/717 808/1/719 807/1/718
f 807/1/718 808/1/719 809/1/720
f 808/1/719 810/1/721 809/1/720
f 810/1/721 808/1/719 811/1/722
f 811/1/722 812/1/723 810/1/721
f 812/1/723 811/1/722 813/1/724
f 812/1/723 813/1/724 814/1/725
f 815/1/726 816/1/727 817/1/728
f 816/1/727 815/1/726 818/1/729
f 816/1/727 819/1/730 817/1/728
f 817/1/728 819/1/730 820/1/731
f 819/1/730 821/1/732 820/1/731
f 820/1/731 821/1/732 822/1/733
f 821/1/732 823/1/734 822/1/733
f 823/1/734 821/1/732 824/1/735
f 824/1/735 825/1/736 823/1/734
f 826/1/737 823/1/734 825/1/736
f 826/1/737 825/1/736 827/1/738
f 828/1/739 829/1/740 830/1/741
f 829/1/740 828/1/739 831/1/742
f 832/1/743 828/1/739 830/1/741
f 832/1/743 830/1/741 833/1/744
f 833/1/744 834/1/745 832/1/743
f 835/1/746 834/1/745 833/1/744
f 836/1/747 834/1/745 835/1/746
f 834/1/745 836/1/747 837/1/748
f 838/1/749 837/1/748 836/1/747
f 836/1/747 839/1/750 838/1/749
f 839/1/750 840/1/751 838/1/749
f 841/1/752 842/1/753 843/1/754
f 842/1/753 841/1/752 844/1/755
f 844/1/755 845/1/756 842/1/753
f 845/1/756 844/1/755 846/1/757
f 846/1/757 847/1/758 845/1/756
f 847/1/758 848/1/759 845/1/756
f 847/1/758 849/1/760 848/1/759
f 849/1/760 847/1/758 850/1/761
f 850/1/761 851/1/762 849/1/760
f 851/1/762 850/1/761 852/1/763
f 852/1/763 853/1/764 851/1/762
f 853/1/764 852/1/763 854/1/765
f 855/1/766 856/1/767 857/1/768
f 856/1/767 858/1/769 857/1/768
f 858/1/769 856/1/767 859/1/770
f 859/1/770 860/1/771 858/1/769
f 860/1/771 859/1/770 861/1/772
f 862/1/773 860/1/771 861/1/772
f 860/1/771 862/1/773 863/1/774
f 864/1/775 863/1/774 862/1/773
f 863/1/774 864/1/775 865/1/776
f 864/1/775 866/1/777 865/1/776
f 865/1/776 866/1/777 867/1/777
f 868/1/778 869/1/779 870/1/780
f 871/1/781 870/1/780 869/1/779
f 870/1/780 871/1/781 872/1/782
f 873/1/783 872/1/782 871/1/781
f 872/1/782 873/1/783 874/1/784
f 874/1/784 873/1/783 875/1/785
f 873/1/783 876/1/786 875/1/785
f 876/1/786 877/1/787 875/1/785
f 877/1/787 876/1/786 878/1/788
f 878/1/788 879/1/789 877/1/787
f 879/1/789 878/1/788 880/1/789
f 881/1/790 882/1/791 883/1/792
f 884/1/793 883/1/792 882/1/791
f 883/1/792 884/1/793 885/1/794
f 886/1/795 885/1/794 884/1/793
f 885/1/794 886/1/795 887/1/796
f 886/1/795 888/1/797 887/1/796
f 886/1/795 889/1/798 888/1/797
f 888/1/797 889/1/798 890/1/799
f 889/1/798 891/1/800 890/1/799
f 891/1/800 892/1/801 890/1/799
f 893/1/802 894/1/803 895/1/804
f 894/1/803 896/1/805 895/1/804
f 896/1/805 894/1/803 897/1/806
f 897/1/806 898/1/807 896/1/805
f 898/1/807 897/1/806 899/1/808
f 900/1/809 898/1/807 899/1/808
f 898/1/807 900/1/809 901/1/810
f 902/1/811 901/1/810 900/1/809
f 901/1/810 902/1/811 903/1/812
f 903/1/812 902/1/811 904/1/813
f 905/1/814 906/1/815 907/1/815
f 906/1/815 905/1/814 908/1/816
f 908/1/816 905/1/814 909/1/817
f 910/1/818 908/1/816 909/1/817
f 910/1/818 909/1/817 911/1/819
f 912/1/820 910/1/818 911/1/819
f 911/1/819 913/1/821 912/1/820
f 913/1/821 911/1/819 914/1/822
f 913/1/821 914/1/822 915/1/823
f 916/1/824 913/1/821 915/1/823
f 916/1/824 915/1/823 917/1/825
f 918/1/826 919/1/827 920/1/826
f 919/1/827 918/1/826 921/1/828
f 922/1/829 919/1/827 921/1/828
f 921/1/828 923/1/830 922/1/829
f 924/1/831 922/1/829 923/1/830
f 923/1/830 925/1/832 924/1/831
f 926/1/833 924/1/831 925/1/832
f 924/1/831 926/1/833 927/1/834
f 928/1/835 927/1/834 926/1/833
f 928/1/835 926/1/833 929/1/836
f 929/1/836 930/1/837 928/1/835
f 931/1/838 932/1/839 933/1/840
f 932/1/839 934/1/841 933/1/840
f 932/1/839 935/1/841 934/1/841
f 931/1/838 933/1/840 936/1/842
f 937/1/843 931/1/838 936/1/842
f 937/1/843 936/1/842 938/1/844
f 939/1/845 937/1/843 938/1/844
f 938/1/844 940/1/846 939/1/845
f 941/1/847 939/1/845 940/1/846
f 939/1/845 941/1/847 942/1/848
f 943/1/849 942/1/848 941/1/847
f 942/1/848 943/1/849 944/1/849
f 945/1/850 946/1/851 947/1/852
f 948/1/853 945/1/850 947/1/852
f 945/1/850 948/1/853 949/1/853
f 950/1/854 947/1/852 946/1/851
f 946/1/851 951/1/855 950/1/854
f 952/1/856 950/1/854 951/1/855
f 952/1/856 951/1/855 953/1/857
f 954/1/858 952/1/856 953/1/857
f 953/1/857 955/1/859 954/1/858
f 955/1/859 953/1/857 956/1/860
f 956/1/860 957/1/861 955/1/859
f 957/1/861 956/1/860 958/1/861
f 959/1/862 960/1/863 961/1/864
f 960/1/863 962/1/865 961/1/864
f 962/1/865 960/1/863 963/1/866
f 963/1/866 964/1/867 962/1/865
f 964/1/867 963/1/866 965/1/868
f 966/1/869 964/1/867 965/1/868
f 964/1/867 966/1/869 967/1/870
f 966/1/869 968/1/871 967/1/870
f 968/1/871 966/1/869 969/1/871
f 970/1/872 971/1/873 972/1/874
f 973/1/875 972/1/874 971/1/873
f 972/1/874 973/1/875 974/1/876
f 975/1/877 974/1/876 973/1/875
f 974/1/876 975/1/877 976/1/878
f 976/1/878 975/1/877 977/1/879
f 978/1/880 977/1/879 975/1/877
f 979/1/881 977/1/879 978/1/880
f 977/1/879 979/1/881 980/1/881
f 981/1/882 982/1/883 983/1/884
f 982/1/883 984/1/885 983/1/884
f 984/1/885 982/1/883 985/1/886
f 985/1/886 986/1/887 984/1/885
f 987/1/888 984/1/885 986/1/887
f 987/1/888 986/1/887 988/1/889
f 989/1/890 987/1/888 988/1/889
f 989/1/890 988/1/889 990/1/891
f 991/1/891 989/1/890 990/1/891
f 992/1/892 993/1/893 994/1/894
f 995/1/895 994/1/894 993/1/893
f 994/1/894 995/1/895 996/1/896
f 995/1/895 997/1/897 996/1/896
f 997/1/897 995/1/895 998/1/898
f 998/1/898 999/1/899 997/1/897
f 998/1/898 1000/1/900 999/1/899
f 1001/1/901 999/1/899 1000/1/900
f 1000/1/900 1002/1/901 1001/1/901
f 1003/1/902 1004/1/903 1005/1/904
f 1005/1/904 1006/1/905 1003/1/902
f 1005/1/904 1004/1/903 1007/1/906
f 1008/1/907 1007/1/906 1004/1/903
f 1007/1/906 1008/1/907 1009/1/908
f 1006/1/905 1005/1/904 1010/1/909
f 1011/1/910 1006/1/905 1010/1/909
f 1012/1/911 1006/1/905 1011/1/910
f 1011/1/910 1013/1/912 1012/1/911
f 1014/1/913 1012/1/911 1013/1/912
f 1015/1/914 1014/1/913 1013/1/912
f 1014/1/913 1015/1/914 1016/1/914
f 1017/1/915 1018/1/916 1019/1/915
f 1019/1/915 1018/1/916 1020/1/917
f 1021/1/918 1020/1/917 1018/1/916
f 1018/1/916 1022/1/919 1021/1/918
f 1023/1/920 1021/1/918 1022/1/919
f 1023/1/920 1022/1/919 1024/1/921
f 1025/1/922 1023/1/920 1024/1/921
f 1023/1/920 1025/1/922 1026/1/923
f 1027/1/924 1026/1/923 1025/1/922
f 1026/1/923 1027/1/924 1028/1/925
f 1027/1/924 1029/1/926 1028/1/925
f 1030/1/927 1031/1/928 1032/1/929
f 1031/1/928 1030/1/927 1033/1/928
f 1030/1/927 1032/1/929 1034/1/930
f 1035/1/931 1030/1/927 1034/1/930
f 1034/1/930 1036/1/932 1035/1/931
f 1035/1/931 1036/1/932 1037/1/933
f 1036/1/932 1038/1/934 1037/1/933
f 1038/1/934 1036/1/932 1039/1/935
f 1039/1/935 1040/1/936 1038/1/934
f 1040/1/936 1039/1/935 1041/1/937
f 1040/1/936 1041/1/937 1042/1/938
f 1043/1/939 1044/1/940 1045/1/941
f 1044/1/940 1046/1/942 1045/1/941
f 1046/1/942 1044/1/940 1047/1/943
f 1048/1/944 1046/1/942 1047/1/943
f 1046/1/942 1048/1/944 1049/1/945
f 1048/1/944 1050/1/946 1049/1/945
f 1050/1/946 1048/1/944 1051/1/947
f 1050/1/946 1051/1/947 1052/1/948
f 1053/1/949 1050/1/946 1052/1/948
f 1053/1/949 1052/1/948 1054/1/950
f 1055/1/951 1056/1/952 1057/1/953
f 1058/1/954 1057/1/953 1056/1/952
f 1057/1/953 1058/1/954 1059/1/955
f 1058/1/954 1060/1/956 1059/1/955
f 1061/1/957 1060/1/956 1058/1/954
f 1062/1/958 1060/1/956 1061/1/957
f 1060/1/956 1062/1/958 1063/1/959
f 1063/1/959 1062/1/958 1064/1/960
f 1062/1/958 1065/1/961 1064/1/960
f 1065/1/961 1066/1/962 1064/1/960
f 1067/1/963 1068/1/964 1069/1/964
f 1068/1/964 1067/1/963 1070/1/965
f 1070/1/965 1067/1/963 1071/1/966
f 1072/1/967 1070/1/965 1071/1/966
f 1072/1/967 1071/1/966 1073/1/968
f 1074/1/969 1072/1/967 1073/1/968
f 1073/1/968 1075/1/970 1074/1/969
f 1075/1/970 1073/1/968 1076/1/971
f 1075/1/970 1076/1/971 1077/1/972
f 1078/1/973 1075/1/970 1077/1/972
f 1078/1/973 1077/1/972 1079/1/974
f 1080/1/975 1081/1/976 1082/1/977
f 1081/1/976 1080/1/975 1083/1/976
f 1084/1/978 1080/1/975 1082/1/977
f 1082/1/977 1085/1/979 1084/1/978
f 1086/1/980 1084/1/978 1085/1/979
f 1085/1/979 1087/1/981 1086/1/980
f 1088/1/982 1086/1/980 1087/1/981
f 1086/1/980 1088/1/982 1089/1/983
f 1090/1/984 1089/1/983 1088/1/982
f 1088/1/982 1091/1/985 1090/1/984
f 1091/1/985 1092/1/986 1090/1/984
f 1093/1/987 1094/1/988 1095/1/989
f 1094/1/988 1096/1/990 1095/1/989
f 1094/1/988 1093/1/987 1097/1/991
f 1096/1/990 1094/1/988 1098/1/992
f 1098/1/992 1099/1/993 1096/1/990
f 1099/1/993 1098/1/992 1100/1/993
f 1101/1/994 1097/1/991 1093/1/987
f 1097/1/991 1101/1/994 1102/1/995
f 1103/1/996 1102/1/995 1101/1/994
f 1102/1/995 1103/1/996 1104/1/997
f 1105/1/998 1104/1/997 1103/1/996
f 1104/1/997 1105/1/998 1106/1/999
f 1106/1/999 1105/1/998 1107/1/1000
f 1108/1/1001 1109/1/1002 1110/1/1003
f 1111/1/1004 1110/1/1003 1109/1/1002
f 1108/1/1001 1110/1/1003 1112/1/1005
f 1109/1/1002 1113/1/1006 1111/1/1004
f 1108/1/1001 1112/1/1005 1114/1/1007
f 1115/1/1008 1111/1/1004 1113/1/1006
f 1116/1/1009 1108/1/1001 1114/1/1007
f 1114/1/1007 1117/1/1010 1116/1/1009
f 1118/1/1010 1116/1/1009 1117/1/1010
f 1113/1/1006 1119/1/1011 1115/1/1008
f 1120/1/1012 1115/1/1008 1119/1/1011
f 1119/1/1011 1121/1/1013 1120/1/1012
f 1120/1/1012 1121/1/1013 1122/1/1014
f 1123/1/1015 1124/1/1016 1125/1/1017
f 1124/1/1016 1123/1/1015 1126/1/1015
f 1124/1/1016 1127/1/1018 1125/1/1017
f 1125/1/1017 1127/1/1018 1128/1/1019
f 1127/1/1018 1129/1/1020 1128/1/1019
f 1128/1/1019 1129/1/1020 1130/1/1021
f 1129/1/1020 1131/1/1022 1130/1/1021
f 1131/1/1022 1129/1/1020 1132/1/1023
f 1131/1/1022 1132/1/1023 1133/1/1024
f 1134/1/1025 1131/1/1022 1133/1/1024
f 1134/1/1025 1133/1/1024 1135/1/1026
f 1136/1/1027 1137/1/1028 1138/1/1029
f 1137/1/1028 1136/1/1027 1139/1/1028
f 1140/1/1030 1136/1/1027 1138/1/1029
f 1140/1/1030 1138/1/1029 1141/1/1031
f 1141/1/1031 1142/1/1032 1140/1/1030
f 1142/1/1032 1141/1/1031 1143/1/1033
f 1144/1/1034 1142/1/1032 1143/1/1033
f 1142/1/1032 1144/1/1034 1145/1/1035
f 1146/1/1036 1145/1/1035 1144/1/1034
f 1144/1/1034 1147/1/1037 1146/1/1036
f 1147/1/1037 1148/1/1038 1146/1/1036
f 1149/1/1039 1150/1/1040 1151/1/1041
f 1151/1/1041 1152/1/1042 1149/1/1039
f 1152/1/1042 1151/1/1041 1153/1/1042
f 1150/1/1040 1149/1/1039 1154/1/1043
f 1154/1/1043 1155/1/1044 1150/1/1040
f 1155/1/1044 1154/1/1043 1156/1/1045
f 1156/1/1045 1157/1/1046 1155/1/1044
f 1157/1/1046 1156/1/1045 1158/1/1047
f 1158/1/1047 1159/1/1048 1157/1/1046
f 1157/1/1046 1159/1/1048 1160/1/1049
f 1159/1/1048 1161/1/1050 1160/1/1049
f 1160/1/1049 1161/1/1050 1162/1/1051
f 1163/1/1052 1164/1/1053 1165/1/1054
f 1166/1/1055 1165/1/1054 1164/1/1053
f 1164/1/1053 1163/1/1052 1167/1/1056
f 1168/1/1057 1167/1/1056 1163/1/1052
f 1167/1/1056 1168/1/1057 1169/1/1057
f 1165/1/1054 1166/1/1055 1170/1/1058
f 1171/1/1059 1170/1/1058 1166/1/1055
f 1170/1/1058 1171/1/1059 1172/1/1060
f 1171/1/1059 1173/1/1061 1172/1/1060
f 1173/1/1061 1171/1/1059 1174/1/1062
f 1174/1/1062 1175/1/1063 1173/1/1061
f 1175/1/1063 1174/1/1062 1176/1/1064
f 1177/1/1065 1178/1/1066 1179/1/1067
f 1180/1/1068 1179/1/1067 1178/1/1066
f 1179/1/1067 1181/1/1069 1177/1/1065
f 1178/1/1066 1182/1/1070 1180/1/1068
f 1183/1/1071 1177/1/1065 1181/1/1069
f 1184/1/1072 1180/1/1068 1182/1/1070
f 1182/1/1070 1185/1/1073 1184/1/1072
f 1186/1/1073 1184/1/1072 1185/1/1073
f 1181/1/1069 1187/1/1074 1183/1/1071
f 1188/1/1075 1183/1/1071 1187/1/1074
f 1187/1/1074 1189/1/1076 1188/1/1075
f 1189/1/1076 1187/1/1074 1190/1/1077
f 1191/1/1078 1192/1/1079 1193/1/1080
f 1192/1/1079 1194/1/1081 1193/1/1080
f 1194/1/1081 1192/1/1079 1195/1/1082
f 1195/1/1082 1196/1/1083 1194/1/1081
f 1196/1/1083 1195/1/1082 1197/1/1084
f 1196/1/1083 1197/1/1084 1198/1/1085
f 1199/1/1086 1196/1/1083 1198/1/1085
f 1199/1/1086 1198/1/1085 1200/1/1087
f 1201/1/1088 1199/1/1086 1200/1/1087
f 1201/1/1088 1200/1/1087 1202/1/1089
f 1203/1/1090 1204/1/1091 1205/1/1092
f 1206/1/1093 1205/1/1092 1204/1/1091
f 1205/1/1092 1206/1/1093 1207/1/1094
f 1208/1/1095 1207/1/1094 1206/1/1093
f 1207/1/1094 1208/1/1095 1209/1/1096
f 1208/1/1095 1210/1/1097 1209/1/1096
f 1208/1/1095 1211/1/1098 1210/1/1097
f 1212/1/1099 1210/1/1097 1211/1/1098
f 1211/1/1098 1213/1/1100 1212/1/1099
f 1213/1/1100 1214/1/1101 1212/1/1099
f 1215/1/1102 1216/1/1103 1217/1/1104
f 1216/1/1103 1215/1/1102 1218/1/1103
f 1215/1/1102 1217/1/1104 1219/1/1105
f 1220/1/1106 1215/1/1102 1219/1/1105
f 1220/1/1106 1219/1/1105 1221/1/1107
f 1222/1/1108 1220/1/1106 1221/1/1107
f 1222/1/1108 1221/1/1107 1223/1/1109
f 1224/1/1110 1222/1/1108 1223/1/1109
f 1223/1/1109 1225/1/1111 1224/1/1110
f 1225/1/1111 1223/1/1109 1226/1/1112
f 1225/1/1111 1226/1/1112 1227/1/1113
f 1228/1/1114 1229/1/1114 1230/1/1115
f 1228/1/1114 1230/1/1115 1231/1/1116
f 1232/1/1117 1231/1/1116 1230/1/1115
f 1230/1/1115 1233/1/1118 1232/1/1117
f 1234/1/1119 1232/1/1117 1233/1/1118
f 1234/1/1119 1233/1/1118 1235/1/1120
f 1236/1/1121 1234/1/1119 1235/1/1120
f 1235/1/1120 1237/1/1122 1236/1/1121
f 1238/1/1123 1236/1/1121 1237/1/1122
f 1236/1/1121 1238/1/1123 1239/1/1124
f 1238/1/1123 1240/1/1125 1239/1/1124
f 1241/1/1126 1242/1/1127 1243/1/1128
f 1244/1/1129 1241/1/1126 1243/1/1128
f 1241/1/1126 1244/1/1129 1245/1/1129
f 1246/1/1130 1243/1/1128 1242/1/1127
f 1242/1/1127 1247/1/1131 1246/1/1130
f 1248/1/1132 1246/1/1130 1247/1/1131
f 1247/1/1131 1249/1/1133 1248/1/1132
f 1250/1/1134 1248/1/1132 1249/1/1133
f 1249/1/1133 1251/1/1135 1250/1/1134
f 1251/1/1135 1249/1/1133 1252/1/1136
f 1252/1/1136 1253/1/1137 1251/1/1135
f 1253/1/1137 1252/1/1136 1254/1/1137
f 1255/1/1138 1256/1/1139 1257/1/1140
f 1256/1/1139 1258/1/1141 1257/1/1140
f 1258/1/1141 1256/1/1139 1259/1/1141
f 1255/1/1138 1257/1/1140 1260/1/1142
f 1261/1/1143 1255/1/1138 1260/1/1142
f 1261/1/1143 1260/1/1142 1262/1/1144
f 1263/1/1145 1261/1/1143 1262/1/1144
f 1263/1/1145 1262/1/1144 1264/1/1146
f 1265/1/1147 1263/1/1145 1264/1/1146
f 1263/1/1145 1265/1/1147 1266/1/1148
f 1267/1/1149 1266/1/1148 1265/1/1147
f 1266/1/1148 1267/1/1149 1268/1/1149
f 1269/1/1150 1270/1/1151 1271/1/1152
f 1270/1/1151 1269/1/1150 1272/1/1150
f 1270/1/1151 1273/1/1153 1271/1/1152
f 1271/1/1152 1273/1/1153 1274/1/1154
f 1273/1/1153 1275/1/1155 1274/1/1154
f 1274/1/1154 1275/1/1155 1276/1/1156
f 1275/1/1155 1277/1/1157 1276/1/1156
f 1277/1/1157 1275/1/1155 1278/1/1158
f 1277/1/1157 1278/1/1158 1279/1/1159
f 1279/1/1159 1280/1/1160 1277/1/1157
f 1280/1/1160 1279/1/1159 1281/1/1161
f 1282/1/1162 1283/1/1163 1284/1/1164
f 1283/1/1163 1282/1/1162 1285/1/1163
f 1286/1/1165 1282/1/1162 1284/1/1164
f 1286/1/1165 1284/1/1164 1287/1/1166
f 1287/1/1166 1288/1/1167 1286/1/1165
f 1288/1/1167 1287/1/1166 1289/1/1168
f 1290/1/1169 1288/1/1167 1289/1/1168
f 1288/1/1167 1290/1/1169 1291/1/1170
f 1291/1/1170 1290/1/1169 1292/1/1171
f 1290/1/1169 1293/1/1172 1292/1/1171
f 1293/1/1172 1294/1/1173 1292/1/1171
f 1295/1/1174 1296/1/1175 1297/1/1175
f 1298/1/1176 1297/1/1175 1296/1/1175
f 1295/1/1174 1297/1/1175 1299/1/1174
f 1297/1/1175 1298/1/1176 1300/1/1176
f 1301/1/1177 1295/1/1174 1299/1/1174
f 1302/1/1178 1300/1/1176 1298/1/1176
f 1295/1/1174 1301/1/1177 1303/1/1177
f 1298/1/1176 1304/1/1178 1302/1/1178
f 1301/1/1177 1305/1/1179 1303/1/1177
f 1306/1/1180 1302/1/1178 1304/1/1178
f 1305/1/1179 1301/1/1177 1307/1/1179
f 1302/1/1178 1306/1/1180 1308/1/1180
f 1309/1/1181 1305/1/1179 1307/1/1179
f 1306/1/1180 1309/1/1181 1308/1/1180
f 1305/1/1179 1309/1/1181 1310/1/1181
f 1306/1/1180 1310/1/1181 1309/1/1181
f 1311/1/1182 1312/1/1183 1313/1/1183
f 1314/1/1184 1313/1/1183 1312/1/1183
f 1313/1/1183 1315/1/1182 1311/1/1182
f 1313/1/1183 1314/1/1184 1316/1/1184
f 1317/1/1185 1311/1/1182 1315/1/1182
f 1318/1/1186 1316/1/1184 1314/1/1184
f 1311/1/1182 1317/1/1185 1319/1/1185
f 1314/1/1184 1320/1/1186 1318/1/1186
f 1321/1/1187 1319/1/1185 1317/1/1185
f 1322/1/1188 1318/1/1186 1320/1/1186
f 1317/1/1185 1323/1/1187 1321/1/1187
f 1318/1/1186 1322/1/1188 1324/1/1188
f 1325/1/1189 1321/1/1187 1323/1/1187
f 1322/1/1188 1325/1/1189 1324/1/1188
f 1321/1/1187 1325/1/1189 1326/1/1189
f 1325/1/1189 1322/1/1188 1326/1/1189
f 1327/1/1190 1328/1/1191 1329/1/1191
f 1330/1/1192 1329/1/1191 1328/1/1191
f 1329/1/1191 1331/1/1190 1327/1/1190
f 1329/1/1191 1330/1/1192 1332/1/1192
f 1333/1/1193 1327/1/1190 1331/1/1190
f 1330/1/1192 1334/1/1194 1332/1/1192
f 1327/1/1190 1333/1/1193 1335/1/1193
f 1334/1/1194 1330/1/1192 1336/1/1194
f 1333/1/1193 1337/1/1195 1335/1/1193
f 1338/1/1196 1334/1/1194 1336/1/1194
f 1337/1/1195 1333/1/1193 1339/1/1195
f 1334/1/1194 1338/1/1196 1340/1/1196
f 1341/1/1197 1337/1/1195 1339/1/1195
f 1338/1/1196 1341/1/1197 1340/1/1196
f 1337/1/1195 1341/1/1197 1342/1/1197
f 1341/1/1197 1338/1/1196 1342/1/1197
