# Blender 5.2.0 LTS
# www.blender.org
mtllib skull grenade Skullllllllllllllllllllllll.mtl
o SKULLLLLLLL
v -0.060344 0.065183 -0.045378
v -0.047505 0.065390 -0.054990
v -0.064411 0.047445 -0.049450
v -0.075347 0.048235 -0.035622
v -0.070589 0.064556 -0.031824
v -0.076012 0.032039 -0.037690
v -0.056205 0.075137 -0.040794
v -0.082832 0.047263 -0.019053
v -0.065317 0.074368 -0.027953
v -0.062634 0.026300 -0.053784
v -0.077267 0.064107 -0.016313
v -0.084423 0.026204 -0.019726
v -0.045381 0.084383 -0.038659
v -0.080696 0.062040 -0.000059
v -0.071521 0.073846 -0.014096
v -0.060403 0.083969 -0.015662
v -0.073855 0.073663 0.000046
v -0.064761 0.082821 0.000046
v -0.052927 0.090416 0.000046
v -0.071643 0.073846 0.014187
v -0.060473 0.083969 0.015779
v -0.077444 0.064107 0.016404
v -0.065536 0.074368 0.028044
v -0.045547 0.084377 0.038746
v -0.083048 0.047622 0.018874
v -0.070914 0.064556 0.031916
v -0.056477 0.075137 0.040885
v -0.076101 0.047459 0.035468
v -0.087709 0.036721 -0.000033
v -0.084888 0.026712 0.019552
v -0.060759 0.065183 0.045470
v -0.047989 0.065561 0.054943
v -0.065252 0.047715 0.049282
v -0.076462 0.027073 0.037984
v -0.064378 0.032121 0.052874
v -0.049955 0.035685 0.061917
v -0.060901 0.014220 0.053565
v -0.069948 0.004000 0.036788
v -0.039809 0.095370 -0.007601
v -0.018676 0.099055 0.000046
v -0.020356 0.097074 -0.020624
v 0.005014 0.098093 -0.012645
v -0.051835 0.089845 -0.013760
v -0.039016 0.091828 -0.027213
v 0.011750 0.093505 -0.028536
v -0.021362 0.092465 -0.034100
v -0.028439 0.085908 -0.044178
v -0.044989 0.075854 -0.050092
v 0.011456 0.085842 -0.043774
v -0.030678 0.076485 -0.054082
v -0.031000 0.066741 -0.058706
v -0.029951 0.042534 -0.063898
v 0.008365 0.066374 -0.058802
v 0.019300 0.076626 -0.053147
v 0.023098 0.086175 -0.038554
v 0.028990 0.066529 -0.056590
v 0.035210 0.076916 -0.046093
v 0.037567 0.088140 -0.013872
v -0.045229 0.013553 0.062289
v -0.045258 0.075854 0.050183
v -0.032717 0.043463 0.063739
v -0.031376 0.066427 0.058950
v -0.032091 0.032369 0.064739
v 0.008571 0.066176 0.058959
v 0.015882 0.044067 0.063074
v -0.030881 0.076486 0.054173
v -0.028518 0.085913 0.044264
v 0.019287 0.076626 0.053238
v 0.029106 0.066366 0.056756
v 0.011447 0.085843 0.043865
v 0.035215 0.076913 0.046188
v 0.023097 0.086174 0.038646
v -0.020946 0.092640 0.033929
v 0.009895 0.093587 0.028991
v -0.038829 0.091864 0.027422
v -0.015077 0.097060 0.021477
v -0.035288 0.095768 0.014959
v -0.051856 0.089827 0.013974
v 0.005014 0.098093 0.012736
v 0.025760 0.093650 0.012666
v 0.001149 0.099265 0.000045
v 0.018298 0.097126 0.005287
v 0.055987 0.077088 0.014789
v 0.059306 0.065762 0.033428
v 0.068883 0.066202 0.014527
v 0.055906 0.080184 0.000045
v 0.037563 0.088142 0.013961
v 0.029647 0.093630 0.000046
v 0.023564 0.094814 -0.011031
v 0.076922 -0.067650 -0.013663
v 0.075239 -0.085962 -0.015675
v 0.070644 -0.067552 -0.020050
v 0.079372 -0.085271 -0.007314
v 0.080263 -0.067596 -0.005690
v 0.054675 -0.080936 -0.030051
v 0.046447 -0.066871 -0.034041
v 0.061468 -0.092513 -0.023905
v 0.074034 -0.095656 -0.014565
v 0.045180 -0.087631 -0.033252
v 0.078331 -0.095956 -0.003455
v 0.037274 -0.079661 -0.038087
v 0.034274 -0.083575 -0.039023
v 0.034202 -0.071595 -0.038119
v 0.041953 -0.065072 -0.034571
v 0.030691 -0.068455 -0.042578
v 0.026052 -0.075071 -0.046396
v 0.016796 -0.075749 -0.050996
v 0.027213 -0.051347 -0.048360
v 0.015597 -0.073657 -0.052289
v 0.011015 -0.070148 -0.050078
v 0.022342 -0.047344 -0.051873
v 0.018453 -0.061162 -0.051561
v 0.027083 -0.030244 -0.055750
v 0.009024 -0.043608 -0.055401
v 0.002856 -0.047763 -0.054831
v 0.000636 -0.047060 -0.052114
v -0.003122 -0.032768 -0.055711
v 0.013595 -0.030270 -0.057310
v 0.025795 -0.021834 -0.056781
v -0.000594 -0.031250 -0.059563
v -0.002941 -0.021553 -0.057592
v -0.000696 -0.022210 -0.060505
v 0.002637 -0.015144 -0.056742
v 0.012723 -0.017705 -0.059006
v 0.021213 -0.015144 -0.054312
v 0.011895 -0.013157 -0.055527
v 0.081665 -0.069093 0.000046
v 0.081381 -0.066790 0.000046
v 0.080318 -0.085009 0.000046
v 0.077626 -0.095429 0.008625
v 0.080226 -0.067619 0.005890
v 0.081381 -0.066790 0.000046
v 0.075273 -0.086075 0.015711
v 0.074046 -0.095644 0.014645
v 0.076922 -0.067650 0.013753
v 0.056462 -0.091116 0.027267
v 0.070647 -0.067572 0.020141
v 0.056133 -0.081519 0.029221
v 0.045931 -0.066833 0.034294
v 0.038979 -0.078751 0.037350
v 0.035294 -0.083947 0.038288
v 0.036410 -0.070275 0.036863
v 0.038367 -0.066552 0.035631
v 0.033591 -0.067200 0.033568
v 0.033010 -0.078281 0.041124
v 0.033219 -0.071213 0.038930
v 0.030845 -0.068704 0.035971
v 0.029594 -0.065992 0.038860
v 0.030691 -0.068455 0.042669
v 0.028286 -0.057089 0.042859
v 0.026194 -0.074988 0.046477
v 0.016866 -0.075836 0.051186
v 0.027213 -0.051347 0.048451
v 0.027996 -0.022671 0.053615
v 0.015850 -0.074080 0.052361
v 0.011164 -0.070339 0.050129
v 0.017609 -0.062679 0.051802
v 0.022342 -0.047344 0.051964
v 0.027083 -0.030244 0.055842
v 0.025709 -0.021887 0.056858
v 0.021213 -0.015144 0.054403
v 0.009024 -0.043608 0.055492
v 0.013598 -0.018146 0.059244
v 0.011895 -0.013157 0.055618
v 0.002637 -0.015144 0.056834
v -0.000823 -0.022171 0.060483
v -0.002941 -0.021553 0.057683
v -0.000635 -0.031700 0.059559
v -0.003122 -0.032768 0.055803
v 0.002857 -0.047767 0.054921
v 0.000985 -0.048573 0.051754
v 0.058910 -0.042838 0.026530
v 0.056859 -0.042152 0.025097
v 0.056698 -0.041183 0.027009
v 0.053507 -0.041609 0.026370
v 0.057073 -0.041357 0.028707
v 0.053593 -0.041408 0.029075
v 0.058693 -0.042789 0.029123
v 0.056229 -0.042588 0.030667
v 0.060461 -0.051048 0.027149
v 0.053395 -0.042772 0.030738
v 0.057587 -0.044985 0.024524
v 0.054417 -0.042775 0.024865
v 0.051646 -0.042895 0.028784
v 0.051981 -0.043128 0.026229
v 0.054284 -0.045428 0.024460
v 0.058306 -0.051009 0.024829
v 0.050872 -0.050989 0.027039
v 0.054346 -0.053429 0.025328
v 0.058244 -0.053684 0.025454
v 0.050406 -0.051234 0.030112
v 0.051195 -0.053718 0.027620
v 0.054764 -0.054325 0.027190
v 0.060170 -0.053598 0.027604
v 0.060058 -0.053033 0.030381
v 0.057880 -0.054052 0.030882
v 0.056683 -0.053030 0.032598
v 0.053045 -0.053601 0.032436
v 0.052560 -0.050589 0.032341
v 0.050872 -0.053623 0.030342
v 0.056679 -0.065763 0.027674
v 0.053807 -0.066467 0.027617
v 0.055250 -0.067398 0.025690
v 0.052393 -0.066702 0.024785
v 0.057094 -0.067208 0.024470
v 0.055100 -0.066837 0.022395
v 0.058310 -0.065758 0.022729
v 0.053211 -0.065046 0.021698
v 0.058707 -0.065763 0.025420
v 0.056214 -0.065284 0.021075
v 0.059749 -0.056115 0.022894
v 0.059922 -0.056230 0.026321
v 0.056971 -0.055678 0.021075
v 0.058242 -0.054467 0.023978
v 0.056810 -0.056185 0.029485
v 0.058754 -0.054829 0.026246
v 0.053442 -0.063120 0.029205
v 0.054500 -0.054318 0.029087
v 0.055018 -0.053847 0.025901
v 0.055452 -0.054081 0.022664
v 0.052718 -0.055329 0.022183
v 0.050300 -0.054359 0.025415
v 0.051717 -0.053966 0.027787
v 0.052721 -0.055615 0.030390
v 0.050185 -0.055020 0.028555
v 0.050048 -0.057389 0.028410
v 0.049824 -0.057597 0.024982
v 0.051442 -0.065269 0.026707
v 0.051131 -0.064943 0.023937
v 0.043106 0.065685 0.051752
v 0.053849 0.063361 0.044574
v 0.058935 0.043973 0.055161
v 0.042147 0.043973 0.060686
v 0.045569 0.032208 0.062625
v 0.019183 0.032207 0.063923
v 0.018666 0.015668 0.060695
v -0.007346 0.019886 0.060821
v 0.051740 0.005726 0.061763
v -0.027881 0.007961 0.059896
v -0.002206 -0.006994 0.051058
v -0.036623 -0.014891 0.055724
v 0.040744 0.003099 0.061362
v 0.052817 -0.013524 0.053990
v 0.037236 -0.021906 0.052388
v 0.021898 -0.023495 0.049854
v 0.027293 -0.030903 0.045056
v -0.005839 -0.031542 0.045443
v -0.018006 -0.028269 0.048656
v -0.011237 -0.034390 0.043482
v -0.026040 -0.036172 0.037649
v -0.032108 -0.028508 0.048851
v -0.042390 -0.031146 0.033827
v -0.045323 -0.024753 0.042727
v -0.051317 -0.011036 0.049285
v -0.056713 -0.018603 0.033639
v -0.053268 -0.026261 0.025420
v -0.067039 -0.014546 0.017528
v -0.058683 -0.026768 0.010434
v -0.060695 -0.026475 -0.000003
v -0.078724 0.004541 0.018887
v -0.077444 -0.003691 0.000080
v -0.085888 0.015514 0.000021
v -0.078374 0.004503 -0.018692
v -0.066463 -0.014918 -0.017439
v -0.058751 -0.026520 -0.010036
v -0.052609 -0.025260 -0.028642
v -0.064627 -0.005777 -0.034860
v -0.044469 -0.024765 -0.042600
v -0.073204 0.014982 -0.037722
v -0.048774 -0.015255 -0.047358
v -0.036208 -0.014768 -0.055372
v -0.031049 -0.028547 -0.048764
v -0.056000 0.001992 -0.051881
v -0.014631 -0.028839 -0.048283
v -0.043049 0.009653 -0.061585
v -0.020740 0.005395 -0.058154
v -0.003083 -0.006954 -0.050942
v -0.000663 -0.026030 -0.047165
v 0.037102 -0.022483 -0.051761
v 0.026374 0.018133 -0.062152
v -0.002755 0.031586 -0.063676
v -0.030828 0.032194 -0.064739
v -0.048425 0.033598 -0.062368
v 0.074675 -0.066334 -0.002857
v 0.076292 -0.064960 -0.004172
v 0.075371 -0.064930 -0.001423
v 0.073000 -0.066633 -0.002738
v 0.073996 -0.066380 -0.006192
v 0.075440 -0.064988 -0.006949
v 0.073000 -0.065069 -0.008013
v 0.075866 -0.058410 -0.008954
v 0.075894 -0.058967 -0.001225
v 0.076998 -0.056244 -0.005376
v 0.073000 -0.065046 -0.000470
v 0.071455 -0.066181 -0.006052
v 0.071325 -0.066334 -0.002857
v 0.070561 -0.064988 -0.006949
v 0.070630 -0.064930 -0.001423
v 0.069708 -0.064960 -0.004172
v 0.070107 -0.058967 -0.001225
v 0.073000 -0.056170 0.000090
v 0.070135 -0.058410 -0.008954
v 0.073000 -0.056232 -0.010725
v 0.069003 -0.056244 -0.005376
v 0.070274 -0.055886 -0.009104
v 0.075727 -0.055886 -0.009104
v 0.073000 -0.054810 -0.008959
v 0.070518 -0.054797 -0.007184
v 0.070394 -0.055397 -0.001868
v 0.073000 -0.054478 -0.002392
v 0.075483 -0.054797 -0.007184
v 0.075607 -0.055397 -0.001868
v 0.049685 -0.039118 -0.031609
v 0.049948 -0.039852 -0.028325
v 0.050647 -0.041536 -0.032705
v 0.047877 -0.039772 -0.033979
v 0.045423 -0.038518 -0.031543
v 0.047736 -0.047068 -0.036006
v 0.047605 -0.038471 -0.028546
v 0.044475 -0.039765 -0.033302
v 0.051095 -0.047368 -0.033706
v 0.043009 -0.048265 -0.035311
v 0.051140 -0.051631 -0.029855
v 0.047442 -0.051613 -0.036272
v 0.039980 -0.049157 -0.031495
v 0.050571 -0.052170 -0.034010
v 0.043056 -0.052239 -0.035305
v 0.046888 -0.052899 -0.034819
v 0.049337 -0.053111 -0.030291
v 0.045522 -0.053523 -0.031077
v 0.047500 -0.053123 -0.027265
v 0.041659 -0.053161 -0.031754
v 0.048033 -0.052031 -0.026029
v 0.040000 -0.051983 -0.031884
v 0.041194 -0.053157 -0.028478
v 0.044106 -0.053370 -0.027220
v 0.040045 -0.052185 -0.027659
v 0.043458 -0.052269 -0.025427
v 0.039969 -0.048887 -0.027027
v 0.043477 -0.048016 -0.024506
v 0.047850 -0.042339 -0.024924
v 0.042034 -0.039886 -0.029925
v 0.041879 -0.040193 -0.026190
v 0.043289 -0.038793 -0.027730
v 0.044322 -0.040262 -0.024445
v 0.046489 -0.038815 -0.026325
v 0.047535 -0.039790 -0.025425
v 0.058088 -0.027422 -0.004495
v 0.064651 -0.030917 -0.004020
v 0.064651 -0.029575 -0.007762
v 0.077974 -0.029575 -0.007762
v 0.076295 -0.023503 -0.009713
v 0.078769 -0.030917 -0.004020
v 0.064651 -0.023837 -0.009578
v 0.075411 -0.015917 -0.009454
v 0.064651 -0.028476 0.000046
v 0.078886 -0.028476 0.000046
v 0.078769 -0.030917 0.004111
v 0.058284 -0.025631 0.000046
v 0.064651 -0.030917 0.004111
v 0.077974 -0.029575 0.007853
v 0.058284 -0.027428 0.003039
v 0.053555 -0.017689 0.000046
v 0.064651 -0.029575 0.007853
v 0.076165 -0.022680 0.010041
v 0.058236 -0.025851 0.006476
v 0.064651 -0.023837 0.009670
v 0.075428 -0.015911 0.009543
v 0.058211 -0.015699 0.006850
v 0.064395 -0.016117 0.009529
v 0.064807 0.002284 0.000046
v 0.080703 -0.003210 0.003169
v 0.085066 0.002281 0.000106
v 0.080666 -0.003232 -0.003081
v 0.058288 -0.003102 -0.000004
v 0.058150 -0.018034 -0.007384
v 0.064395 -0.016117 -0.009438
v 0.062997 -0.042155 -0.022802
v 0.061637 -0.043623 -0.022324
v 0.063773 -0.043466 -0.021891
v 0.061042 -0.042208 -0.024535
v 0.063639 -0.041746 -0.023864
v 0.065308 -0.043248 -0.023083
v 0.064241 -0.041947 -0.024990
v 0.065460 -0.043127 -0.024946
v 0.062010 -0.042694 -0.026785
v 0.064048 -0.043221 -0.026554
v 0.066276 -0.049336 -0.025414
v 0.061178 -0.050401 -0.028374
v 0.066218 -0.052673 -0.023123
v 0.064131 -0.052509 -0.027839
v 0.065956 -0.053325 -0.025624
v 0.064279 -0.052838 -0.021833
v 0.065175 -0.053969 -0.023881
v 0.063518 -0.054307 -0.026616
v 0.061228 -0.053572 -0.028257
v 0.063008 -0.054212 -0.022927
v 0.060319 -0.054265 -0.026671
v 0.059104 -0.053035 -0.027274
v 0.059385 -0.053877 -0.025022
v 0.061162 -0.053003 -0.022629
v 0.059059 -0.050754 -0.024657
v 0.060134 -0.043655 -0.023916
v 0.060338 -0.043495 -0.025873
v 0.067421 0.024253 -0.031026
v 0.046452 0.023765 -0.036350
v 0.063378 0.022581 -0.041279
v 0.061391 0.020207 -0.047181
v 0.046590 0.024521 -0.019152
v 0.081592 0.023257 -0.012177
v 0.046590 0.020612 -0.046855
v 0.046590 0.022730 -0.011177
v 0.046495 0.013101 -0.048296
v 0.052681 0.007617 -0.048257
v 0.040060 0.016040 -0.041529
v 0.040111 0.018661 -0.033568
v 0.040077 0.018602 -0.017934
v 0.034379 0.007906 -0.028625
v 0.040120 0.000064 -0.040822
v 0.046590 0.000540 -0.047801
v 0.053985 -0.003283 -0.046403
v 0.046590 -0.004744 -0.045343
v 0.057238 -0.007848 -0.038513
v 0.046577 -0.008710 -0.035743
v 0.060883 -0.008706 -0.028756
v 0.040093 -0.003205 -0.033487
v 0.046590 -0.008132 -0.021031
v 0.068482 -0.008132 -0.021031
v 0.040047 -0.002346 -0.021382
v 0.046590 -0.004823 -0.014006
v 0.073524 -0.004800 -0.013976
v 0.040101 0.004173 -0.014541
v 0.046449 0.002409 -0.007781
v 0.079493 0.003527 -0.007424
v 0.040169 0.012704 -0.013214
v 0.046590 0.014974 -0.005924
v 0.083757 0.014963 -0.005911
v 0.067303 0.024152 0.031294
v 0.063639 0.022716 0.040852
v 0.046452 0.023765 0.036442
v 0.061311 0.020296 0.047229
v 0.076654 0.024800 0.021282
v 0.046590 0.020612 0.046946
v 0.046495 0.013101 0.048387
v 0.052639 0.007905 0.048353
v 0.040060 0.016040 0.041621
v 0.046590 0.024521 0.019243
v 0.046590 0.000540 0.047892
v 0.054050 -0.003323 0.046479
v 0.040120 0.000064 0.040914
v 0.046590 -0.004744 0.045434
v 0.046577 -0.008710 0.035834
v 0.057413 -0.007924 0.038355
v 0.061312 -0.008829 0.029096
v 0.046590 -0.008132 0.021123
v 0.068532 -0.008132 0.021123
v 0.040093 -0.003205 0.033578
v 0.034379 0.007906 0.028717
v 0.040047 -0.002346 0.021474
v 0.046590 -0.004823 0.014097
v 0.073573 -0.004800 0.014068
v 0.040101 0.004173 0.014632
v 0.046449 0.002409 0.007873
v 0.079922 0.003971 0.007361
v 0.040111 0.018661 0.033660
v 0.040077 0.018602 0.018025
v 0.040169 0.012704 0.013305
v 0.046590 0.014974 0.006015
v 0.083784 0.014963 0.006001
v 0.082007 0.022735 0.011251
v 0.046590 0.022730 0.011269
v 0.065017 -0.043102 -0.018513
v 0.065999 -0.042389 -0.020580
v 0.065172 -0.044982 -0.021631
v 0.067755 -0.043956 -0.022497
v 0.066511 -0.041810 -0.018848
v 0.068025 -0.041907 -0.021216
v 0.070176 -0.042284 -0.020545
v 0.070601 -0.044779 -0.021589
v 0.067215 -0.048842 -0.023519
v 0.072287 -0.045148 -0.018893
v 0.071016 -0.042022 -0.018646
v 0.069371 -0.041741 -0.017548
v 0.070821 -0.042847 -0.016453
v 0.068721 -0.042475 -0.015813
v 0.066650 -0.042932 -0.016482
v 0.068930 -0.045860 -0.015045
v 0.071437 -0.045154 -0.016268
v 0.071036 -0.053460 -0.017499
v 0.065983 -0.045760 -0.016330
v 0.064075 -0.049491 -0.019919
v 0.066119 -0.054242 -0.018470
v 0.068673 -0.054201 -0.017044
v 0.070120 -0.054471 -0.018471
v 0.064773 -0.052825 -0.022907
v 0.064508 -0.053754 -0.020703
v 0.067937 -0.054617 -0.020383
v 0.065740 -0.054061 -0.022220
v 0.067003 -0.053294 -0.023580
v 0.069489 -0.053625 -0.022357
v 0.071340 -0.053694 -0.019951
v 0.065759 -0.066903 -0.019821
v 0.065811 -0.065543 -0.022072
v 0.067563 -0.065604 -0.019570
v 0.066884 -0.065546 -0.016964
v 0.068747 -0.059435 -0.020143
v 0.063002 -0.066513 -0.021722
v 0.066246 -0.056418 -0.023796
v 0.064786 -0.067050 -0.018319
v 0.062938 -0.065296 -0.023091
v 0.064624 -0.065114 -0.015563
v 0.063682 -0.066556 -0.016990
v 0.061285 -0.066448 -0.019654
v 0.060518 -0.065056 -0.021693
v 0.062274 -0.058323 -0.024990
v 0.061730 -0.064863 -0.016507
v 0.059913 -0.064792 -0.018967
v 0.058721 -0.057731 -0.020146
v 0.059257 -0.055629 -0.023771
v 0.062355 -0.055659 -0.025074
v 0.058975 -0.055095 -0.020465
v 0.061290 -0.055591 -0.017038
v 0.065159 -0.058837 -0.015252
v 0.060912 -0.054262 -0.022725
v 0.060872 -0.054111 -0.019515
v 0.065210 -0.055088 -0.016051
v 0.068387 -0.056300 -0.016993
v 0.063949 -0.054625 -0.023711
v 0.063984 -0.054148 -0.020485
v 0.066977 -0.054741 -0.018218
v 0.068441 -0.055627 -0.020456
v 0.071885 -0.041268 -0.009308
v 0.070163 -0.042757 -0.009820
v 0.072023 -0.043010 -0.008153
v 0.070984 -0.040785 -0.012128
v 0.073169 -0.040794 -0.009930
v 0.069614 -0.042338 -0.012247
v 0.070970 -0.041970 -0.014034
v 0.068467 -0.050111 -0.014628
v 0.069185 -0.053262 -0.011767
v 0.072930 -0.040820 -0.013082
v 0.073225 -0.041959 -0.014262
v 0.074408 -0.041003 -0.010722
v 0.075046 -0.042243 -0.012546
v 0.072509 -0.052262 -0.017689
v 0.075503 -0.042575 -0.010147
v 0.074254 -0.042898 -0.008416
v 0.076088 -0.053256 -0.011573
v 0.074467 -0.053729 -0.009319
v 0.071797 -0.053721 -0.009184
v 0.073794 -0.054929 -0.010854
v 0.075192 -0.052630 -0.015120
v 0.075135 -0.054505 -0.012225
v 0.071104 -0.054930 -0.011171
v 0.072216 -0.054896 -0.013675
v 0.073320 -0.054099 -0.016100
v 0.068770 -0.053665 -0.015264
v 0.070629 -0.054085 -0.016400
v 0.069873 -0.052392 -0.017509
v 0.074841 -0.066723 0.000046
v 0.068302 -0.066790 0.000046
v 0.074841 -0.069093 0.000046
v 0.068018 -0.069093 0.000046
v 0.070292 -0.065088 0.000046
v 0.074841 -0.064487 0.000046
v 0.079391 -0.065088 0.000046
v 0.081381 -0.066790 0.000046
v 0.081665 -0.069093 0.000046
v 0.066046 -0.045284 0.016171
v 0.065022 -0.043034 0.018695
v 0.066650 -0.042540 0.016697
v 0.066605 -0.041775 0.018392
v 0.065720 -0.042995 0.021081
v 0.069121 -0.041947 0.016202
v 0.064086 -0.049346 0.019292
v 0.068929 -0.044738 0.015016
v 0.067802 -0.041600 0.020145
v 0.071060 -0.041965 0.018807
v 0.070821 -0.042451 0.016679
v 0.070176 -0.042512 0.020800
v 0.071384 -0.044629 0.016184
v 0.072291 -0.045158 0.018842
v 0.067972 -0.043045 0.022145
v 0.070578 -0.045233 0.021560
v 0.071089 -0.053070 0.016502
v 0.071585 -0.053175 0.018853
v 0.067214 -0.049467 0.022980
v 0.068763 -0.053688 0.015746
v 0.069831 -0.053279 0.021421
v 0.064623 -0.052995 0.021971
v 0.067053 -0.053899 0.022526
v 0.070359 -0.054307 0.019651
v 0.066015 -0.053313 0.016980
v 0.064265 -0.053364 0.019550
v 0.065740 -0.054437 0.021081
v 0.065516 -0.054431 0.018749
v 0.067937 -0.054711 0.019195
v 0.070120 -0.054278 0.017317
v 0.069986 -0.042767 0.003985
v 0.071389 -0.041611 0.006310
v 0.072265 -0.040666 0.004113
v 0.074448 -0.041039 0.006131
v 0.072388 -0.041036 0.001964
v 0.075163 -0.041077 0.002668
v 0.073397 -0.042674 0.000164
v 0.076835 -0.042767 0.004013
v 0.070909 -0.042867 0.001168
v 0.075873 -0.042825 0.001158
v 0.073444 -0.053264 -0.000378
v 0.070436 -0.053360 0.001163
v 0.076387 -0.053288 0.001101
v 0.073411 -0.054973 0.001548
v 0.069280 -0.053215 0.005313
v 0.071218 -0.054774 0.002209
v 0.070516 -0.045317 0.007612
v 0.070924 -0.054980 0.007140
v 0.073411 -0.055380 0.005201
v 0.075913 -0.054963 0.003250
v 0.077550 -0.053211 0.005224
v 0.075602 -0.054762 0.008197
v 0.073411 -0.054961 0.008857
v 0.070555 -0.053391 0.009218
v 0.073411 -0.053624 0.010488
v 0.076239 -0.053610 0.009027
v 0.073382 -0.051006 0.010402
v 0.076386 -0.050572 0.008887
v 0.073418 -0.042610 0.007965
v 0.075958 -0.042750 0.006869
v 0.024917 -0.074859 -0.035372
v 0.029862 -0.070945 -0.031917
v 0.026722 -0.067898 -0.035672
v 0.020462 -0.066624 -0.038411
v 0.014891 -0.071639 -0.041602
v 0.031317 -0.081687 -0.032723
v 0.001796 -0.044518 -0.047881
v 0.019371 -0.048304 -0.041730
v 0.008609 -0.065035 -0.046287
v 0.013867 -0.074224 -0.045286
v 0.019217 -0.078050 -0.044920
v 0.043430 -0.089782 -0.030412
v 0.047371 -0.088877 -0.024664
v 0.069330 -0.098693 -0.014373
v 0.067359 -0.094459 -0.010682
v 0.073839 -0.099265 -0.003432
v 0.069471 -0.094483 0.000046
v 0.072241 -0.099039 0.009862
v 0.067374 -0.094484 0.010768
v 0.067404 -0.098160 0.015806
v 0.047371 -0.088877 0.024755
v 0.043844 -0.089813 0.030119
v 0.032460 -0.082207 0.031991
v 0.019475 -0.078266 0.045146
v 0.014149 -0.074440 0.044741
v 0.016866 -0.075836 0.051186
v 0.035294 -0.083947 0.038288
v 0.043844 -0.089813 0.030119
v 0.056462 -0.091116 0.027267
v 0.067404 -0.098160 0.015806
v 0.074046 -0.095644 0.014645
v 0.072241 -0.099039 0.009862
v 0.077626 -0.095429 0.008625
v 0.073839 -0.099265 -0.003432
v 0.078331 -0.095956 -0.003455
v 0.074034 -0.095656 -0.014565
v 0.069330 -0.098693 -0.014373
v 0.061468 -0.092513 -0.023905
v 0.043430 -0.089782 -0.030412
v 0.045180 -0.087631 -0.033252
v 0.034274 -0.083575 -0.039023
v 0.019217 -0.078050 -0.044920
v 0.016796 -0.075749 -0.050996
v 0.013867 -0.074224 -0.045286
v 0.011015 -0.070148 -0.050078
v 0.008609 -0.065035 -0.046287
v 0.000636 -0.047060 -0.052114
v 0.001796 -0.044518 -0.047881
v -0.003122 -0.032768 -0.055711
v -0.002331 -0.025600 -0.054383
v -0.002941 -0.021553 -0.057592
v 0.001907 -0.020634 -0.053253
v 0.002637 -0.015144 -0.056742
v 0.011104 -0.019623 -0.050801
v 0.011895 -0.013157 -0.055527
v 0.020091 -0.019312 -0.051021
v 0.021213 -0.015144 -0.054312
v 0.027989 -0.022572 -0.053563
v 0.025795 -0.021834 -0.056781
v 0.021213 -0.015144 -0.054312
v 0.027083 -0.030244 -0.055750
v 0.027213 -0.051347 -0.048360
v 0.025605 -0.023922 -0.050900
v 0.019371 -0.048304 -0.041730
v 0.028286 -0.057089 -0.042768
v 0.030691 -0.068455 -0.042578
v 0.025481 -0.057481 -0.039864
v 0.020462 -0.066624 -0.038411
v 0.026722 -0.067898 -0.035672
v 0.029594 -0.065992 -0.038769
v 0.034202 -0.071595 -0.038119
v 0.030845 -0.068704 -0.035879
v 0.029862 -0.070945 -0.031917
v 0.033261 -0.067346 -0.033740
v 0.035043 -0.067079 -0.028821
v 0.041953 -0.065072 -0.034571
v 0.038542 -0.065092 -0.029464
v 0.051630 -0.067420 -0.020017
v 0.039689 -0.064641 -0.032408
v 0.067067 -0.065091 -0.011195
v 0.063785 -0.067493 -0.011728
v 0.070350 -0.064499 -0.013635
v 0.066161 -0.067410 -0.008082
v 0.070292 -0.065088 0.000046
v 0.068302 -0.066790 0.000046
v 0.074841 -0.064487 0.000046
v 0.074032 -0.065057 -0.015353
v 0.079391 -0.065088 0.000046
v 0.070644 -0.067552 -0.020050
v 0.046447 -0.066871 -0.034041
v 0.076922 -0.067650 -0.013663
v 0.080263 -0.067596 -0.005690
v 0.081381 -0.066790 0.000046
v 0.065834 -0.065525 0.022157
v 0.062968 -0.066195 0.022427
v 0.064195 -0.067095 0.020348
v 0.061254 -0.066430 0.019751
v 0.065888 -0.066914 0.018926
v 0.063679 -0.066560 0.017086
v 0.067602 -0.065520 0.019692
v 0.061724 -0.064842 0.016598
v 0.066909 -0.065521 0.017059
v 0.068754 -0.059161 0.020276
v 0.064641 -0.065065 0.015646
v 0.068354 -0.056322 0.017065
v 0.066162 -0.056384 0.023940
v 0.065392 -0.055903 0.015564
v 0.068430 -0.055597 0.020585
v 0.066977 -0.054741 0.018309
v 0.062783 -0.063003 0.024035
v 0.063823 -0.054595 0.023795
v 0.063984 -0.054148 0.020577
v 0.064064 -0.054370 0.017313
v 0.061288 -0.055569 0.017134
v 0.059227 -0.054648 0.020613
v 0.060912 -0.054262 0.022816
v 0.062198 -0.055840 0.025291
v 0.059474 -0.055268 0.023748
v 0.059322 -0.057531 0.023619
v 0.058721 -0.057731 0.020237
v 0.060518 -0.065057 0.021773
v 0.059902 -0.064742 0.019054
v 0.056887 -0.042154 -0.025001
v 0.054361 -0.043087 -0.024599
v 0.057587 -0.044985 -0.024432
v 0.058905 -0.042824 -0.026436
v 0.060461 -0.051048 -0.027058
v 0.057392 -0.041491 -0.026811
v 0.058678 -0.042750 -0.029043
v 0.054917 -0.041273 -0.026359
v 0.057079 -0.041361 -0.028616
v 0.052518 -0.042176 -0.026304
v 0.053134 -0.041515 -0.028089
v 0.056244 -0.042584 -0.030574
v 0.053687 -0.041855 -0.030001
v 0.051640 -0.042891 -0.028688
v 0.053089 -0.044603 -0.031175
v 0.056600 -0.049969 -0.032153
v 0.051540 -0.045006 -0.026245
v 0.050422 -0.051277 -0.030038
v 0.054306 -0.053267 -0.025078
v 0.050873 -0.051080 -0.026980
v 0.058306 -0.051009 -0.024738
v 0.051209 -0.053709 -0.027517
v 0.058267 -0.053675 -0.025387
v 0.054915 -0.054317 -0.026976
v 0.050856 -0.053640 -0.030300
v 0.052970 -0.053576 -0.032323
v 0.052565 -0.050540 -0.032244
v 0.056521 -0.053669 -0.032112
v 0.059586 -0.053542 -0.030341
v 0.059950 -0.050536 -0.030045
v 0.060164 -0.053604 -0.027509
v 0.075926 -0.044833 0.010493
v 0.074239 -0.042915 0.008495
v 0.074977 -0.041587 0.010320
v 0.072712 -0.041261 0.009171
v 0.071997 -0.043108 0.008235
v 0.073931 -0.040831 0.011870
v 0.074537 -0.053669 0.009428
v 0.075048 -0.042263 0.012647
v 0.075971 -0.053458 0.011740
v 0.075188 -0.052655 0.015220
v 0.071730 -0.040684 0.010665
v 0.073234 -0.042010 0.014372
v 0.072442 -0.040648 0.013064
v 0.072755 -0.049661 0.017113
v 0.070978 -0.041971 0.014124
v 0.070213 -0.041343 0.012008
v 0.070165 -0.042783 0.009898
v 0.069030 -0.044944 0.013102
v 0.069823 -0.052322 0.017579
v 0.069153 -0.053283 0.011938
v 0.068433 -0.052913 0.015392
v 0.072557 -0.053293 0.017433
v 0.070629 -0.054085 0.016492
v 0.069525 -0.054503 0.014144
v 0.071770 -0.053779 0.009331
v 0.071892 -0.054843 0.010505
v 0.072216 -0.054896 0.013766
v 0.073794 -0.054929 0.010945
v 0.074929 -0.054542 0.013258
v 0.067359 -0.094459 -0.010682
v 0.067604 -0.083634 0.000046
v 0.065476 -0.082756 -0.010148
v 0.069471 -0.094483 0.000046
v 0.047371 -0.088877 -0.024664
v 0.066400 -0.083297 0.007756
v 0.067374 -0.094484 0.010768
v 0.068018 -0.069093 0.000046
v 0.066161 -0.067410 -0.008082
v 0.068302 -0.066790 0.000046
v 0.063785 -0.067493 -0.011728
v 0.066175 -0.067407 0.008142
v 0.068302 -0.066790 0.000046
v 0.063772 -0.067494 0.011828
v 0.050933 -0.081761 -0.020649
v 0.051630 -0.067420 -0.020017
v 0.035043 -0.067079 -0.028821
v 0.031413 -0.076416 -0.030130
v 0.076299 -0.064940 0.004245
v 0.074966 -0.065861 0.006535
v 0.074151 -0.066662 0.004372
v 0.071991 -0.066366 0.006312
v 0.073997 -0.066369 0.002292
v 0.071327 -0.066337 0.002953
v 0.075408 -0.064846 0.001507
v 0.069703 -0.064941 0.004269
v 0.073015 -0.065021 0.000546
v 0.075904 -0.058706 0.001351
v 0.070629 -0.064882 0.001499
v 0.072970 -0.056195 0.000014
v 0.076988 -0.056219 0.005563
v 0.070132 -0.056168 0.001444
v 0.075626 -0.055369 0.001990
v 0.073000 -0.054801 0.001862
v 0.075789 -0.062810 0.007780
v 0.075404 -0.054782 0.007370
v 0.075752 -0.056068 0.009375
v 0.072992 -0.065070 0.008098
v 0.070547 -0.064942 0.007049
v 0.073053 -0.056296 0.010830
v 0.070135 -0.058410 0.009045
v 0.069004 -0.056223 0.005473
v 0.070417 -0.055436 0.009062
v 0.073000 -0.054810 0.009050
v 0.070579 -0.054795 0.003536
v 0.073000 -0.054467 0.005455
v 0.071659 -0.041079 -0.002574
v 0.069992 -0.042744 -0.003915
v 0.070948 -0.042767 -0.001083
v 0.073411 -0.042644 -0.000089
v 0.072392 -0.041019 -0.006007
v 0.073411 -0.040701 -0.002488
v 0.075163 -0.041079 -0.002574
v 0.075017 -0.041258 -0.005849
v 0.073411 -0.042610 -0.007879
v 0.070879 -0.042693 -0.006769
v 0.070436 -0.050572 -0.008796
v 0.075943 -0.042693 -0.006769
v 0.076830 -0.042744 -0.003915
v 0.075874 -0.042767 -0.001083
v 0.073411 -0.053297 0.000483
v 0.076387 -0.053288 -0.001010
v 0.076386 -0.050572 -0.008796
v 0.077551 -0.053185 -0.005126
v 0.070434 -0.053288 -0.001010
v 0.073411 -0.054973 -0.001457
v 0.075603 -0.054774 -0.002118
v 0.076239 -0.053610 -0.008936
v 0.069270 -0.053185 -0.005126
v 0.071218 -0.054774 -0.002118
v 0.073411 -0.055380 -0.005110
v 0.070848 -0.054960 -0.006968
v 0.070583 -0.053610 -0.008936
v 0.075974 -0.054960 -0.006968
v 0.073411 -0.054961 -0.008766
v 0.073411 -0.053208 -0.010624
v 0.049953 -0.039865 0.028420
v 0.049691 -0.039135 0.031658
v 0.050647 -0.041536 0.032796
v 0.047870 -0.039770 0.034074
v 0.046934 -0.038553 0.031718
v 0.047736 -0.047068 0.036097
v 0.047600 -0.038738 0.027311
v 0.044488 -0.039767 0.033401
v 0.051095 -0.047368 0.033797
v 0.045086 -0.038621 0.026896
v 0.047442 -0.051613 0.036363
v 0.047596 -0.040061 0.025291
v 0.044242 -0.038621 0.030754
v 0.044353 -0.040251 0.024529
v 0.048028 -0.048370 0.025458
v 0.042386 -0.039440 0.026657
v 0.042041 -0.039887 0.030027
v 0.041092 -0.042771 0.026252
v 0.039965 -0.049030 0.031533
v 0.043457 -0.047964 0.024613
v 0.039845 -0.051992 0.027724
v 0.043001 -0.048300 0.035406
v 0.040000 -0.051983 0.031975
v 0.043093 -0.052262 0.035402
v 0.046888 -0.052899 0.034910
v 0.041659 -0.053161 0.031845
v 0.045522 -0.053523 0.031168
v 0.050618 -0.052176 0.034071
v 0.041194 -0.053157 0.028569
v 0.048412 -0.053265 0.028555
v 0.051140 -0.051647 0.029952
v 0.044106 -0.053370 0.027312
v 0.047972 -0.052144 0.026229
v 0.043458 -0.052269 0.025518
v 0.047956 -0.066676 -0.030529
v 0.047942 -0.065223 -0.033397
v 0.050006 -0.065290 -0.030406
v 0.047695 -0.066546 -0.028010
v 0.044696 -0.065865 -0.033526
v 0.044137 -0.066654 -0.030542
v 0.044477 -0.063211 -0.035140
v 0.042035 -0.064729 -0.032321
v 0.045776 -0.066318 -0.026714
v 0.042129 -0.065468 -0.028878
v 0.046829 -0.064816 -0.025013
v 0.049378 -0.065148 -0.026893
v 0.043605 -0.064508 -0.025859
v 0.040970 -0.062632 -0.029038
v 0.047472 -0.058336 -0.024646
v 0.051294 -0.058855 -0.031262
v 0.043106 -0.058006 -0.026026
v 0.048352 -0.058859 -0.035158
v 0.051041 -0.055504 -0.027354
v 0.050969 -0.054902 -0.031620
v 0.043858 -0.057672 -0.036702
v 0.048267 -0.055253 -0.035346
v 0.040614 -0.056758 -0.034490
v 0.049398 -0.053940 -0.028620
v 0.047619 -0.053970 -0.034108
v 0.045960 -0.053319 -0.031167
v 0.047648 -0.054371 -0.025569
v 0.044434 -0.053891 -0.035640
v 0.043946 -0.054902 -0.036814
v 0.043339 -0.054440 -0.026771
v 0.042571 -0.053276 -0.029551
v 0.042434 -0.053439 -0.033670
v 0.040788 -0.054492 -0.034694
v 0.040366 -0.054311 -0.030585
v 0.040096 -0.057057 -0.030154
v 0.016636 0.043972 -0.062951
v 0.043370 0.065594 -0.051527
v 0.045212 0.036869 -0.061811
v 0.058844 0.043973 -0.055017
v 0.042165 0.026608 -0.063431
v 0.062012 0.032208 -0.057721
v 0.068197 0.045058 -0.046719
v 0.055827 0.064900 -0.040285
v 0.055990 0.077085 -0.014699
v 0.068877 0.066202 -0.014434
v 0.069127 0.054148 -0.034384
v 0.072090 0.066202 0.000046
v 0.068792 0.030729 -0.050930
v 0.077010 0.055264 -0.014889
v 0.079828 0.055264 0.000051
v 0.084293 0.043969 0.000063
v 0.077018 0.055264 0.014999
v 0.080643 0.044173 -0.017418
v 0.072458 0.043973 -0.039194
v 0.071270 0.032206 -0.041409
v 0.073949 0.032199 -0.030221
v 0.067421 0.024253 -0.031026
v 0.081671 0.032183 -0.015975
v 0.063378 0.022581 -0.041279
v 0.081592 0.023257 -0.012177
v 0.061391 0.020207 -0.047181
v 0.086644 0.032174 0.000074
v 0.055002 0.007866 -0.055518
v 0.052681 0.007617 -0.048257
v 0.053418 0.012032 -0.061961
v 0.055275 -0.003385 -0.052732
v 0.053985 -0.003283 -0.046403
v 0.051826 -0.007488 -0.057194
v 0.058997 -0.013563 -0.047551
v 0.057238 -0.007848 -0.038513
v 0.040688 0.007803 -0.062213
v 0.041591 -0.008381 -0.057908
v 0.052402 -0.022536 -0.049012
v 0.061097 -0.013825 -0.038516
v 0.060883 -0.008706 -0.028756
v 0.060502 -0.022605 -0.042521
v 0.064832 -0.014338 -0.027293
v 0.068482 -0.008132 -0.021031
v 0.067995 -0.025598 -0.030935
v 0.073446 -0.015066 -0.014144
v 0.073524 -0.004800 -0.013976
v 0.075411 -0.015917 -0.009454
v 0.080666 -0.003232 -0.003081
v 0.079493 0.003527 -0.007424
v 0.076295 -0.023503 -0.009713
v 0.085066 0.002281 0.000106
v 0.083757 0.014963 -0.005911
v 0.087709 0.019816 0.000076
v 0.083784 0.014963 0.006001
v 0.079922 0.003971 0.007361
v 0.080703 -0.003210 0.003169
v 0.082007 0.022735 0.011251
v 0.073573 -0.004800 0.014068
v 0.075428 -0.015911 0.009543
v 0.081675 0.032183 0.016155
v 0.076654 0.024800 0.021282
v 0.073463 -0.015067 0.014247
v 0.068532 -0.008132 0.021123
v 0.076165 -0.022680 0.010041
v 0.061312 -0.008829 0.029096
v 0.073951 0.032199 0.030453
v 0.067303 0.024152 0.031294
v 0.063639 0.022716 0.040852
v 0.070268 -0.023594 0.024958
v 0.069342 0.032260 0.050290
v 0.061311 0.020296 0.047229
v 0.081404 0.043970 0.015548
v 0.073539 0.045443 0.035006
v 0.067907 0.054518 0.036119
v 0.062344 0.019959 0.054174
v 0.052639 0.007905 0.048353
v 0.067928 0.043973 0.047654
v 0.062088 0.032208 0.057899
v 0.054918 0.007866 0.055723
v 0.057921 0.019960 0.060789
v 0.055174 -0.003385 0.052853
v 0.054050 -0.003323 0.046479
v 0.059299 -0.014407 0.046271
v 0.057413 -0.007924 0.038355
v 0.063013 -0.021547 0.039339
v 0.052103 -0.022535 0.049106
v 0.076090 -0.038313 0.019126
v 0.060174 -0.022298 0.042991
v 0.068648 -0.037896 0.027967
v 0.066107 -0.041733 0.027259
v 0.053693 -0.038199 0.037207
v 0.075781 -0.042314 0.016460
v 0.079291 -0.038599 0.011531
v 0.077974 -0.029575 0.007853
v 0.078456 -0.042783 0.000048
v 0.078769 -0.030917 0.004111
v 0.080927 -0.038784 -0.000184
v 0.078886 -0.028476 0.000046
v 0.078769 -0.030917 -0.004020
v 0.079366 -0.038540 -0.011361
v 0.077974 -0.029575 -0.007762
v 0.075474 -0.042283 -0.017230
v 0.075620 -0.037773 -0.020429
v 0.064078 -0.041711 -0.028807
v 0.071075 -0.036906 -0.026298
v 0.063001 -0.037353 -0.032963
v 0.055950 -0.041626 -0.031932
v 0.052488 -0.037146 -0.039070
v 0.045431 -0.037742 -0.036657
v 0.035704 -0.031264 -0.044377
v 0.022082 -0.034422 -0.027394
v 0.014817 -0.031053 -0.044999
v -0.000663 -0.026030 -0.047165
v -0.010592 -0.034581 -0.043289
v -0.014631 -0.028839 -0.048283
v 0.040136 -0.038114 0.003109
v 0.055950 -0.041626 -0.031932
v -0.025184 -0.036216 -0.037575
v -0.031049 -0.028547 -0.048764
v -0.013330 -0.036961 -0.021696
v 0.007726 -0.034900 0.000048
v -0.028495 -0.036714 -0.019204
v -0.041672 -0.031153 -0.033710
v -0.044469 -0.024765 -0.042600
v -0.052609 -0.025260 -0.028642
v -0.044122 -0.032566 -0.013964
v -0.058751 -0.026520 -0.010036
v -0.060695 -0.026475 -0.000003
v -0.058683 -0.026768 0.010434
v -0.027479 -0.036351 0.000716
v -0.042327 -0.033048 0.018675
v -0.053268 -0.026261 0.025420
v -0.042390 -0.031146 0.033827
v -0.025626 -0.037205 0.021303
v -0.026040 -0.036172 0.037649
v -0.011237 -0.034390 0.043482
v 0.003375 -0.034893 0.035745
v -0.005839 -0.031542 0.045443
v 0.027293 -0.030903 0.045056
v 0.021723 -0.034408 0.027512
v 0.044035 -0.037132 0.037357
v 0.053693 -0.038199 0.037207
v 0.057056 -0.041965 0.031111
v 0.066107 -0.041733 0.027259
v 0.068463 -0.043616 0.016131
v 0.075781 -0.042314 0.016460
v 0.078456 -0.042783 0.000048
v 0.066707 -0.043507 -0.018208
v 0.075474 -0.042283 -0.017230
v 0.064078 -0.041711 -0.028807
v 0.056855 -0.067197 -0.025348
v 0.056657 -0.065782 -0.027586
v 0.058672 -0.065850 -0.025294
v 0.058286 -0.065783 -0.022631
v 0.059789 -0.059382 -0.025996
v 0.053904 -0.066790 -0.026930
v 0.056900 -0.056220 -0.029351
v 0.056047 -0.067352 -0.023750
v 0.053690 -0.065525 -0.028280
v 0.056196 -0.065335 -0.020990
v 0.055103 -0.066833 -0.022300
v 0.052426 -0.066721 -0.024691
v 0.051441 -0.065269 -0.026626
v 0.052821 -0.058219 -0.030098
v 0.053217 -0.065068 -0.021608
v 0.051141 -0.064996 -0.023851
v 0.049824 -0.057597 -0.024891
v 0.050040 -0.057289 -0.028299
v 0.052891 -0.055429 -0.030190
v 0.050185 -0.055020 -0.028463
v 0.050041 -0.054839 -0.025237
v 0.052720 -0.055352 -0.022087
v 0.056763 -0.058754 -0.020738
v 0.051717 -0.053966 -0.027696
v 0.054621 -0.054349 -0.029018
v 0.052027 -0.053811 -0.024502
v 0.055018 -0.053847 -0.025810
v 0.059435 -0.055379 -0.026278
v 0.056716 -0.054817 -0.021552
v 0.058242 -0.054467 -0.023887
v 0.059780 -0.056091 -0.022826
v 0.065905 -0.045077 0.025264
v 0.065304 -0.043262 0.023158
v 0.064639 -0.042084 0.025035
v 0.063706 -0.042054 0.023096
v 0.063769 -0.043551 0.021958
v 0.062264 -0.041845 0.023809
v 0.066250 -0.052617 0.023259
v 0.061646 -0.043644 0.022404
v 0.064241 -0.052898 0.021950
v 0.064626 -0.054113 0.023214
v 0.061106 -0.053036 0.022765
v 0.066309 -0.052662 0.025623
v 0.064127 -0.052532 0.027933
v 0.064969 -0.053889 0.026240
v 0.064047 -0.043240 0.026653
v 0.061275 -0.053582 0.028369
v 0.062770 -0.054458 0.025379
v 0.060542 -0.054368 0.024501
v 0.060319 -0.054265 0.026762
v 0.061178 -0.050401 0.028465
v 0.059069 -0.052976 0.027331
v 0.059037 -0.053266 0.025047
v 0.059637 -0.046055 0.024142
v 0.061922 -0.043403 0.027151
v 0.060344 -0.043494 0.025966
v 0.060619 -0.042708 0.024095
v 0.061756 -0.042106 0.025921
v 0.073281 -0.065275 0.014775
v 0.070957 -0.065910 0.016213
v 0.071124 -0.066765 0.013927
v 0.068371 -0.066134 0.014660
v 0.071965 -0.066593 0.012004
v 0.069310 -0.066257 0.011370
v 0.073746 -0.065270 0.011932
v 0.067441 -0.064626 0.011779
v 0.072046 -0.065271 0.009985
v 0.074971 -0.059232 0.011943
v 0.069521 -0.064838 0.009739
v 0.073278 -0.056537 0.009381
v 0.074311 -0.056596 0.016153
v 0.074827 -0.055849 0.012343
v 0.070125 -0.056138 0.009353
v 0.072450 -0.054698 0.011532
v 0.072261 -0.054897 0.017017
v 0.071477 -0.062880 0.017659
v 0.071510 -0.056079 0.018974
v 0.069372 -0.054581 0.017411
v 0.069733 -0.054684 0.011400
v 0.068438 -0.055946 0.019036
v 0.067010 -0.054947 0.016247
v 0.067296 -0.055822 0.012419
v 0.066421 -0.057874 0.016141
v 0.066927 -0.064531 0.014636
v 0.068597 -0.064830 0.016690
v 0.067068 -0.065090 0.011283
v 0.066175 -0.067407 0.008142
v 0.063772 -0.067494 0.011828
v 0.051628 -0.067378 0.020121
v 0.070292 -0.065088 0.000046
v 0.068302 -0.066790 0.000046
v 0.074841 -0.064487 0.000046
v 0.038718 -0.065065 0.029570
v 0.034978 -0.066996 0.028977
v 0.070299 -0.064496 0.013744
v 0.074061 -0.065058 0.015394
v 0.033591 -0.067200 0.033568
v 0.029687 -0.070938 0.032122
v 0.030845 -0.068704 0.035971
v 0.026722 -0.067898 0.035763
v 0.029594 -0.065992 0.038860
v 0.025529 -0.056880 0.040293
v 0.028286 -0.057089 0.042859
v 0.025482 -0.023853 0.050916
v 0.027996 -0.022671 0.053615
v 0.040273 -0.064705 0.033640
v 0.038367 -0.066552 0.035631
v 0.045931 -0.066833 0.034294
v 0.045681 -0.065028 0.033114
v 0.070647 -0.067572 0.020141
v 0.076922 -0.067650 0.013753
v 0.080226 -0.067619 0.005890
v 0.079391 -0.065088 0.000046
v 0.081381 -0.066790 0.000046
v 0.019726 -0.019778 0.050775
v 0.021213 -0.015144 0.054403
v 0.011895 -0.013157 0.055618
v 0.011000 -0.019658 0.050905
v 0.002637 -0.015144 0.056834
v 0.019883 -0.047855 0.042151
v 0.025529 -0.056880 0.040293
v 0.012566 -0.045967 0.043791
v 0.026722 -0.067898 0.035763
v 0.002119 -0.020393 0.053221
v -0.002941 -0.021553 0.057683
v -0.002386 -0.025229 0.054518
v -0.003122 -0.032768 0.055803
v 0.002708 -0.046191 0.047185
v 0.000985 -0.048573 0.051754
v 0.011547 -0.064187 0.043180
v 0.025069 -0.074710 0.035390
v 0.029687 -0.070938 0.032122
v 0.009106 -0.065718 0.046322
v 0.011164 -0.070339 0.050129
v 0.014756 -0.072056 0.042013
v 0.031413 -0.076416 0.030221
v 0.034978 -0.066996 0.028977
v 0.047371 -0.088877 0.024755
v 0.050933 -0.081761 0.020740
v 0.051628 -0.067378 0.020121
v 0.063864 -0.083773 0.011892
v 0.049399 -0.065139 0.027010
v 0.046740 -0.065183 0.025392
v 0.047037 -0.062736 0.024656
v 0.043600 -0.064487 0.025948
v 0.045771 -0.066323 0.026813
v 0.043106 -0.058006 0.026117
v 0.042939 -0.066178 0.029884
v 0.045521 -0.066754 0.029625
v 0.041456 -0.064382 0.028874
v 0.048158 -0.066689 0.029377
v 0.045400 -0.066526 0.032425
v 0.042036 -0.064731 0.032397
v 0.040096 -0.057057 0.030246
v 0.044626 -0.065311 0.034068
v 0.047968 -0.065205 0.033482
v 0.050048 -0.065201 0.030540
v 0.051299 -0.058572 0.031405
v 0.044471 -0.062466 0.035553
v 0.040624 -0.056865 0.034604
v 0.048330 -0.058833 0.035255
v 0.043771 -0.055114 0.037045
v 0.040621 -0.053863 0.030766
v 0.048267 -0.055253 0.035437
v 0.040788 -0.054492 0.034785
v 0.042434 -0.053439 0.033762
v 0.045330 -0.053736 0.035439
v 0.045960 -0.053319 0.031259
v 0.050953 -0.054869 0.031762
v 0.046513 -0.053558 0.027008
v 0.043339 -0.054440 0.026862
v 0.047723 -0.054960 0.025243
v 0.049398 -0.053940 0.028711
v 0.050996 -0.055528 0.027344
v 0.072271 -0.066583 -0.012806
v 0.073264 -0.065292 -0.014698
v 0.073700 -0.065350 -0.011832
v 0.072023 -0.065294 -0.009901
v 0.074949 -0.059492 -0.011820
v 0.070154 -0.066346 -0.015461
v 0.074361 -0.056628 -0.015982
v 0.070809 -0.066723 -0.011938
v 0.071250 -0.065057 -0.016777
v 0.071486 -0.058437 -0.018672
v 0.068602 -0.064830 -0.016608
v 0.067995 -0.065908 -0.014171
v 0.069311 -0.066254 -0.011273
v 0.066937 -0.064578 -0.014544
v 0.069510 -0.064884 -0.009662
v 0.067446 -0.064645 -0.011685
v 0.069834 -0.058924 -0.009172
v 0.073314 -0.056516 -0.009292
v 0.066421 -0.057874 -0.016049
v 0.068405 -0.055878 -0.018908
v 0.067295 -0.055843 -0.012323
v 0.066771 -0.055372 -0.016214
v 0.071590 -0.055908 -0.018710
v 0.069372 -0.054581 -0.017320
v 0.067984 -0.054438 -0.014606
v 0.070214 -0.055365 -0.009830
v 0.072387 -0.054675 -0.011477
v 0.072371 -0.054925 -0.016878
v 0.074820 -0.055877 -0.012215
v 0.011104 -0.019623 -0.050801
v 0.020091 -0.019312 -0.051021
v 0.001907 -0.020634 -0.053253
vn -0.6498 0.4181 -0.6348
vn -0.3977 0.3533 -0.8468
vn -0.6631 0.2048 -0.7200
vn -0.8367 0.2153 -0.5035
vn -0.7817 0.4376 -0.4444
vn -0.8457 -0.0054 -0.5337
vn -0.5914 0.6247 -0.5099
vn -0.9371 0.2161 -0.2742
vn -0.6783 0.6349 -0.3700
vn -0.6472 -0.0690 -0.7592
vn -0.8658 0.4367 -0.2443
vn -0.9490 -0.0918 -0.3015
vn -0.3926 0.7970 -0.4589
vn -0.9170 0.3989 -0.0064
vn -0.7597 0.6171 -0.2050
vn -0.5874 0.7797 -0.2168
vn -0.7872 0.6167 -0.0032
vn -0.6345 0.7729 -0.0018
vn -0.4540 0.8910 0.0064
vn -0.7597 0.6193 0.1983
vn -0.5860 0.7817 0.2134
vn -0.8666 0.4396 0.2362
vn -0.6772 0.6388 0.3650
vn -0.3911 0.7990 0.4568
vn -0.9389 0.2214 0.2636
vn -0.7832 0.4416 0.4377
vn -0.5895 0.6294 0.5063
vn -0.8452 0.2117 0.4907
vn -0.9961 0.0875 -0.0090
vn -0.9529 -0.0888 0.2900
vn -0.6503 0.4240 0.6303
vn -0.4027 0.3617 0.8408
vn -0.6742 0.2192 0.7053
vn -0.8511 -0.0820 0.5185
vn -0.6601 0.0144 0.7510
vn -0.3635 0.0840 0.9278
vn -0.6285 -0.2251 0.7445
vn -0.7911 -0.3769 0.4818
vn -0.2695 0.9605 -0.0693
vn -0.0773 0.9970 0.0017
vn -0.0759 0.9744 -0.2117
vn 0.0925 0.9841 -0.1518
vn -0.4502 0.8756 -0.1753
vn -0.2960 0.9050 -0.3054
vn 0.1679 0.9288 -0.3304
vn -0.0673 0.9034 -0.4236
vn -0.1219 0.8055 -0.5800
vn -0.3742 0.6039 -0.7038
vn 0.0993 0.8148 -0.5712
vn -0.1227 0.6014 -0.7895
vn -0.1136 0.3349 -0.9354
vn -0.0756 0.1521 -0.9855
vn 0.0379 0.3232 -0.9456
vn 0.1519 0.6194 -0.7702
vn 0.3050 0.8530 -0.4236
vn 0.2149 0.4012 -0.8904
vn 0.4053 0.7312 -0.5487
vn 0.4385 0.8717 -0.2189
vn -0.2463 -0.1893 0.9505
vn -0.3722 0.6069 0.7022
vn -0.0930 0.1571 0.9832
vn -0.1172 0.3296 0.9368
vn -0.0372 -0.0307 0.9988
vn 0.0386 0.3218 0.9460
vn 0.0484 0.1575 0.9863
vn -0.1220 0.6020 0.7891
vn -0.1211 0.8060 0.5794
vn 0.1510 0.6198 0.7701
vn 0.2137 0.4021 0.8903
vn 0.1007 0.8141 0.5720
vn 0.4048 0.7321 0.5479
vn 0.3053 0.8522 0.4250
vn -0.0725 0.9071 0.4147
vn 0.1582 0.9277 0.3382
vn -0.2907 0.9036 0.3146
vn -0.0384 0.9741 0.2229
vn -0.2240 0.9646 0.1394
vn -0.4405 0.8827 0.1638
vn 0.0924 0.9831 0.1578
vn 0.3283 0.9237 0.1974
vn 0.0511 0.9987 -0.0076
vn 0.2165 0.9739 0.0677
vn 0.5655 0.7859 0.2500
vn 0.6264 0.6757 0.3886
vn 0.7031 0.6662 0.2485
vn 0.5641 0.8257 -0.0002
vn 0.4374 0.8729 0.2160
vn 0.3887 0.9214 -0.0011
vn 0.2998 0.9395 -0.1659
vn 0.8325 -0.0074 -0.5540
vn 0.7644 -0.1049 -0.6361
vn 0.6132 -0.0083 -0.7899
vn 0.9495 -0.1042 -0.2961
vn 0.9564 -0.0209 -0.2912
vn 0.4805 -0.0816 -0.8732
vn 0.3858 0.0636 -0.9204
vn 0.5309 -0.1501 -0.8341
vn 0.7730 -0.1733 -0.6103
vn 0.4190 -0.1582 -0.8941
vn 0.9694 -0.1884 -0.1575
vn 0.4716 -0.0406 -0.8809
vn 0.4813 -0.1813 -0.8576
vn 0.6296 0.2618 -0.7315
vn 0.2614 0.1461 -0.9541
vn 0.6572 0.0035 -0.7537
vn 0.5134 -0.1610 -0.8429
vn 0.2512 -0.4049 -0.8792
vn 0.5701 -0.1476 -0.8082
vn -0.1581 -0.4448 -0.8816
vn -0.6875 -0.4083 -0.6005
vn 0.3240 -0.1979 -0.9251
vn 0.3630 -0.0751 -0.9287
vn 0.1608 -0.1845 -0.9696
vn 0.1250 -0.1821 -0.9753
vn -0.4153 -0.3015 -0.8583
vn -0.7213 -0.3519 -0.5966
vn -0.7747 -0.2407 -0.5848
vn 0.1480 -0.1645 -0.9752
vn 0.1736 0.0756 -0.9819
vn -0.3892 -0.1946 -0.9004
vn -0.7463 0.2494 -0.6171
vn -0.3938 0.1842 -0.9006
vn -0.1430 0.5571 -0.8180
vn 0.1334 0.2918 -0.9471
vn 0.2715 0.5491 -0.7904
vn 0.1035 0.5500 -0.8287
vn 0.9998 0.0131 0.0157
vn 0.9711 0.1199 -0.2062
vn 0.9942 -0.1031 0.0315
vn 0.9436 -0.1312 0.3039
vn 0.9545 -0.0391 0.2956
vn 0.9706 0.1199 0.2087
vn 0.7650 -0.0892 0.6378
vn 0.7250 -0.1644 0.6689
vn 0.8437 -0.0207 0.5364
vn 0.4965 -0.1555 0.8540
vn 0.6127 -0.0067 0.7903
vn 0.4854 -0.0747 0.8711
vn 0.3759 0.0601 0.9247
vn 0.4335 -0.0272 0.9007
vn 0.4631 -0.2036 0.8626
vn 0.1708 0.4141 0.8941
vn -0.0339 0.3298 0.9434
vn -0.0840 0.7013 0.7079
vn 0.5628 -0.0784 0.8228
vn 0.6760 0.4560 0.5789
vn 0.5172 0.7779 0.3568
vn 0.9175 0.3957 -0.0398
vn 0.8695 0.1731 0.4627
vn 0.9852 0.1688 -0.0302
vn 0.5294 -0.1504 0.8349
vn 0.2495 -0.4339 0.8657
vn 0.8327 -0.0957 0.5453
vn 0.8622 0.2205 0.4560
vn -0.1542 -0.4549 0.8771
vn -0.6866 -0.4076 0.6021
vn 0.3774 -0.0637 0.9238
vn 0.3208 -0.1903 0.9278
vn 0.6561 -0.1389 0.7418
vn 0.5562 0.2827 0.7815
vn 0.3530 0.5755 0.7377
vn 0.1224 -0.1728 0.9773
vn 0.1517 0.2655 0.9521
vn 0.0973 0.5435 0.8338
vn -0.1325 0.5452 0.8277
vn -0.4125 0.1947 0.8899
vn -0.7507 0.2507 0.6112
vn -0.3906 -0.2027 0.8980
vn -0.7838 -0.2359 0.5745
vn -0.4236 -0.3004 0.8546
vn -0.7157 -0.3619 0.5973
vn 0.8329 0.4681 -0.2953
vn 0.2600 0.6097 -0.7488
vn 0.2469 0.9534 -0.1734
vn -0.3831 0.8419 -0.3801
vn 0.3403 0.8911 0.3003
vn -0.3215 0.9062 0.2748
vn 0.7643 0.4671 0.4447
vn 0.2369 0.5058 0.8295
vn 0.9562 0.0158 -0.2922
vn -0.3367 0.4957 0.8006
vn 0.4057 0.1116 -0.9072
vn -0.2397 0.4223 -0.8742
vn -0.8594 0.4664 0.2096
vn -0.7820 0.3827 -0.4919
vn -0.2876 0.0359 -0.9571
vn 0.4093 -0.0981 -0.9071
vn -0.8439 -0.0710 -0.5318
vn -0.2427 -0.5432 -0.8038
vn 0.3329 -0.6640 -0.6695
vn -0.9541 0.0065 0.2994
vn -0.6578 -0.6616 -0.3601
vn -0.0600 -0.9845 -0.1650
vn 0.7377 -0.6418 -0.2096
vn 0.7997 -0.3409 0.4943
vn 0.2531 -0.8991 0.3572
vn 0.2632 -0.3141 0.9122
vn -0.2867 -0.6005 0.7465
vn -0.4098 0.1155 0.9049
vn -0.7167 -0.6313 0.2963
vn 0.4363 -0.5074 0.7431
vn -0.2090 -0.7268 0.6543
vn 0.0451 -0.9775 0.2061
vn -0.5386 -0.8372 -0.0948
vn 0.3878 -0.9207 -0.0446
vn -0.0977 -0.8395 -0.5345
vn 0.7333 -0.4707 -0.4907
vn -0.4877 -0.3206 -0.8120
vn 0.8332 -0.4744 0.2841
vn 0.1750 -0.3585 -0.9170
vn 0.8336 0.3132 -0.4550
vn 0.9078 0.2687 0.3221
vn 0.2314 0.3834 -0.8941
vn 0.4560 0.8748 -0.1638
vn 0.5049 0.2186 0.8351
vn 0.5354 0.8018 0.2653
vn -0.1839 -0.2872 0.9401
vn 0.1707 0.8194 0.5473
vn 0.0823 0.9960 0.0345
vn 0.0216 0.8927 -0.4502
vn -0.4580 0.4157 -0.7858
vn -0.7088 0.6624 -0.2427
vn -0.2174 0.9438 0.2490
vn -0.1788 0.2943 0.9388
vn -0.7496 0.4591 0.4768
vn -0.8674 -0.0925 0.4890
vn -0.9452 -0.0003 -0.3266
vn -0.7823 -0.4774 0.4003
vn -0.8570 -0.3678 -0.3609
vn 0.4229 0.5200 0.7421
vn 0.5879 0.6053 0.5366
vn 0.4730 0.3681 0.8005
vn 0.1985 0.2495 0.9478
vn 0.1395 0.0911 0.9860
vn 0.0200 -0.0270 0.9994
vn -0.0581 -0.2220 0.9733
vn 0.0276 -0.2685 0.9629
vn 0.4450 -0.2082 0.8710
vn 0.1075 -0.2304 0.9671
vn 0.0207 -0.2721 0.9620
vn -0.1735 -0.3839 0.9069
vn -0.0409 -0.2062 0.9777
vn 0.4729 -0.3230 0.8198
vn 0.0004 -0.4769 0.8790
vn -0.0828 -0.4069 0.9097
vn 0.0101 -0.5861 0.8102
vn 0.0543 -0.3588 0.9318
vn 0.0682 -0.5200 0.8514
vn -0.0028 -0.6945 0.7195
vn -0.2038 -0.8199 0.5351
vn -0.2287 -0.6770 0.6995
vn -0.5011 -0.7764 0.3821
vn -0.5394 -0.6636 0.5183
vn -0.5908 -0.4430 0.6743
vn -0.7065 -0.5881 0.3937
vn -0.6739 -0.6696 0.3123
vn -0.7820 -0.5718 0.2481
vn -0.7545 -0.6261 0.1968
vn -0.7973 -0.6035 -0.0064
vn -0.8760 -0.3923 0.2806
vn -0.8651 -0.5016 -0.0074
vn -0.9678 -0.2517 -0.0083
vn -0.8725 -0.3958 -0.2867
vn -0.7761 -0.5760 -0.2569
vn -0.7530 -0.6273 -0.1987
vn -0.7121 -0.5869 -0.3854
vn -0.7518 -0.4751 -0.4573
vn -0.5813 -0.5558 -0.5943
vn -0.8123 -0.2597 -0.5222
vn -0.5915 -0.5007 -0.6320
vn -0.1845 -0.3868 -0.9035
vn -0.1727 -0.4843 -0.8577
vn -0.6080 -0.3359 -0.7194
vn 0.1305 -0.2617 -0.9563
vn -0.2241 -0.2191 -0.9496
vn 0.1390 -0.2636 -0.9546
vn 0.0459 -0.2555 -0.9657
vn 0.0091 -0.1931 -0.9811
vn 0.0039 -0.4703 -0.8825
vn -0.0800 -0.1974 -0.9771
vn 0.0171 -0.1074 -0.9941
vn -0.0366 -0.0213 -0.9991
vn -0.3495 0.0564 -0.9352
vn 0.4445 -0.8639 0.2369
vn 0.9047 -0.4260 -0.0003
vn 0.6606 -0.4049 0.6322
vn 0.0008 -0.9568 0.2907
vn 0.2229 -0.9100 -0.3497
vn 0.6875 -0.4900 -0.5360
vn -0.0082 -0.5318 -0.8468
vn 0.7433 -0.1520 -0.6515
vn 0.7548 0.0025 0.6560
vn 0.9467 0.3221 0.0002
vn -0.0000 -0.4474 0.8943
vn -0.3579 -0.8845 -0.2992
vn -0.4275 -0.8745 0.2293
vn -0.6645 -0.5121 -0.5442
vn -0.6606 -0.4049 0.6322
vn -0.9121 -0.4098 0.0067
vn -0.7548 0.0025 0.6560
vn -0.0000 0.3915 0.9202
vn -0.7433 -0.1519 -0.6515
vn -0.0000 0.3026 -0.9531
vn -0.9467 0.3221 0.0002
vn -0.6748 0.4140 -0.6110
vn 0.6748 0.4140 -0.6110
vn -0.0000 0.9171 -0.3987
vn -0.4583 0.8704 -0.1798
vn -0.6334 0.6094 0.4769
vn -0.0000 0.9601 0.2798
vn 0.4583 0.8704 -0.1798
vn 0.6334 0.6094 0.4769
vn 0.6061 0.7642 -0.2207
vn 0.8166 0.4755 0.3273
vn 0.8776 0.2651 -0.3994
vn 0.1944 0.5954 -0.7796
vn -0.1562 0.9545 -0.2539
vn 0.2001 0.1440 -0.9691
vn 0.2360 0.9616 0.1402
vn -0.4465 0.5826 -0.6791
vn 0.8918 0.0755 -0.4461
vn -0.5228 0.1532 -0.8386
vn 0.8875 -0.3789 0.2622
vn 0.1883 -0.3461 -0.9191
vn -0.9400 0.1185 -0.3199
vn 0.7003 -0.5541 -0.4500
vn -0.4158 -0.5206 -0.7457
vn 0.0831 -0.9036 -0.4202
vn 0.3954 -0.9144 0.0870
vn 0.0195 -0.9963 -0.0832
vn 0.2625 -0.9008 0.3458
vn -0.3507 -0.9178 -0.1860
vn 0.4710 -0.4657 0.7492
vn -0.8625 -0.3883 -0.3244
vn -0.3666 -0.9191 0.1445
vn -0.0539 -0.9451 0.3224
vn -0.7852 -0.4844 0.3858
vn -0.1934 -0.5342 0.8229
vn -0.8881 0.0179 0.4592
vn -0.2172 -0.0844 0.9725
vn 0.5316 0.0544 0.8453
vn -0.7921 0.5539 -0.2564
vn -0.7455 0.4912 0.4505
vn -0.3805 0.9157 0.1295
vn -0.1984 0.4409 0.8753
vn 0.1064 0.9039 0.4142
vn 0.4569 0.5329 0.7122
vn 0.7273 0.6364 0.2571
vn 0.2200 0.9720 -0.0825
vn 0.2472 0.6649 0.7048
vn 0.0004 0.7449 0.6671
vn 0.0039 0.1572 0.9876
vn -0.0000 0.9911 -0.1332
vn 0.2284 0.1673 0.9591
vn 0.0110 -0.2639 0.9645
vn 0.2397 0.9706 0.0222
vn -0.0000 1.0000 -0.0000
vn -0.0000 0.9911 0.1332
vn 0.7167 0.6964 0.0362
vn 0.2355 0.9694 0.0686
vn -0.0000 0.7429 -0.6694
vn 0.6746 0.7340 0.0789
vn 0.9999 -0.0108 0.0028
vn 0.2346 0.6850 -0.6898
vn 0.0096 0.1398 -0.9901
vn 0.6901 0.3974 -0.6049
vn 0.2022 0.1352 -0.9700
vn 0.0170 -0.2719 -0.9622
vn 0.6165 -0.1974 -0.7623
vn 0.2059 -0.2271 -0.9519
vn 0.3017 -0.9534 -0.0005
vn 0.0080 -0.4735 -0.8808
vn -0.0001 -1.0000 -0.0068
vn 0.0051 -0.4790 0.8778
vn 0.7581 -0.6519 0.0139
vn 0.6260 -0.0839 0.7753
vn 0.1841 -0.2504 0.9505
vn -0.0797 0.7846 0.6148
vn -0.4842 0.2933 0.8243
vn 0.1957 0.3232 0.9259
vn -0.5370 0.8417 0.0567
vn 0.2002 0.9642 0.1737
vn 0.7687 0.4177 0.4844
vn 0.3954 0.8811 -0.2595
vn 0.8643 0.4350 -0.2523
vn -0.1815 0.6288 -0.7560
vn 0.4551 0.3881 -0.8014
vn 0.9413 0.0840 -0.3270
vn -0.2054 0.1335 -0.9695
vn 0.8378 -0.3166 0.4448
vn 0.4800 -0.2148 -0.8506
vn 0.8014 -0.4946 -0.3362
vn 0.2229 -0.3395 0.9138
vn 0.4524 -0.8653 0.2159
vn 0.2406 -0.9010 -0.3610
vn -0.1079 -0.5127 -0.8517
vn -0.0268 -0.8607 0.5084
vn -0.3038 -0.9209 -0.2441
vn -0.8227 -0.2771 -0.4964
vn -0.7092 -0.6565 0.2570
vn -0.4817 -0.3400 0.8077
vn -0.9445 0.0323 0.3268
vn -0.8717 0.3417 0.3512
vn -0.8118 0.3932 -0.4317
vn -0.0154 -0.9988 0.0462
vn 0.3478 -0.9241 0.1585
vn -0.0077 -0.9702 0.2421
vn -0.0035 -0.7633 0.6460
vn 0.3360 -0.9378 -0.0869
vn -0.0081 -0.8020 -0.5973
vn 0.3594 -0.6216 0.6960
vn 0.3736 -0.7596 -0.5323
vn 0.3702 -0.0524 0.9275
vn -0.0432 0.0418 0.9982
vn 0.8322 -0.3320 0.4442
vn 0.7845 -0.6129 0.0943
vn 0.8223 -0.5211 -0.2286
vn 0.9999 0.0075 0.0128
vn 0.8261 0.3316 0.4557
vn 0.3693 0.1980 0.9080
vn -0.0130 0.6301 0.7764
vn 0.3597 0.6797 0.6392
vn -0.0386 0.9624 0.2689
vn 0.3413 0.9221 0.1822
vn -0.0030 0.9998 -0.0203
vn 0.7892 0.6052 0.1043
vn 0.3359 0.9146 -0.2251
vn 0.0027 0.9437 -0.3308
vn 0.7947 0.5586 -0.2374
vn 0.3547 0.7354 -0.5774
vn -0.0050 0.7385 -0.6742
vn 0.8317 0.2518 -0.4949
vn 0.3827 0.3793 -0.8424
vn -0.0005 0.3202 -0.9473
vn 0.8496 -0.1234 -0.5127
vn 0.3915 -0.2234 -0.8927
vn -0.0024 -0.2620 -0.9651
vn -0.0031 -0.9962 -0.0875
vn -0.0082 -0.9730 -0.2308
vn 0.3523 -0.9208 -0.1673
vn -0.0036 -0.7717 -0.6360
vn 0.0012 -0.9916 0.1295
vn 0.3592 -0.6222 -0.6956
vn 0.3694 -0.0526 -0.9278
vn -0.0455 0.0387 -0.9982
vn 0.8322 -0.3320 -0.4442
vn 0.3403 -0.9367 0.0821
vn 0.3684 0.1977 -0.9084
vn -0.0147 0.6335 -0.7736
vn 0.8261 0.3316 -0.4557
vn 0.3595 0.6800 -0.6391
vn 0.3429 0.9215 -0.1821
vn -0.0354 0.9630 -0.2672
vn 0.0016 0.9997 0.0228
vn 0.3366 0.9140 0.2266
vn 0.0040 0.9445 0.3286
vn 0.7892 0.6052 -0.1043
vn 0.9999 0.0075 -0.0128
vn 0.7947 0.5586 0.2374
vn 0.3542 0.7343 0.5791
vn -0.0067 0.7350 0.6781
vn 0.8317 0.2519 0.4948
vn 0.3823 0.3776 0.8434
vn -0.0004 0.3132 0.9497
vn 0.7845 -0.6129 -0.0943
vn 0.8223 -0.5211 0.2286
vn 0.8496 -0.1235 0.5127
vn 0.3925 -0.2161 0.8940
vn 0.0024 -0.2487 0.9686
vn -0.0007 -0.7727 0.6347
vn 0.3741 -0.7589 0.5331
vn -0.8588 0.4685 0.2073
vn -0.5925 0.6808 -0.4307
vn -0.7529 0.2918 -0.5899
vn -0.0259 0.3735 -0.9273
vn -0.3462 0.9332 0.0965
vn -0.0028 0.8098 -0.5867
vn 0.5231 0.6656 -0.5323
vn 0.6412 0.2093 -0.7383
vn -0.0024 0.1082 -0.9941
vn 0.9838 0.1298 -0.1237
vn 0.6515 0.7577 -0.0384
vn 0.1067 0.9664 0.2339
vn 0.6143 0.5116 0.6007
vn -0.0479 0.6099 0.7910
vn -0.5384 0.4940 0.6827
vn 0.0098 -0.0215 0.9997
vn 0.7515 0.0916 0.6533
vn 0.6950 -0.4437 0.5658
vn -0.6627 0.0013 0.7489
vn -0.9888 -0.0219 0.1480
vn -0.5005 -0.7037 0.5043
vn -0.0603 -0.6756 0.7348
vn 0.3267 -0.9347 0.1399
vn -0.7123 -0.2548 -0.6540
vn -0.8000 -0.5925 0.0945
vn 0.0228 -0.9903 -0.1367
vn -0.2871 -0.8769 -0.3856
vn 0.0573 -0.4562 -0.8880
vn 0.5157 -0.5418 -0.6637
vn 0.8122 -0.5294 -0.2450
vn 0.3388 -0.9252 -0.1711
vn 0.4970 -0.4970 -0.7113
vn 0.8504 -0.5078 -0.1373
vn 0.6669 -0.5021 0.5506
vn 0.9699 -0.1140 -0.2153
vn -0.1265 -0.8942 -0.4294
vn 0.5929 0.2269 -0.7726
vn 0.1268 -0.9689 0.2126
vn -0.1012 -0.5386 -0.8365
vn 0.0729 -0.3781 0.9229
vn -0.1672 -0.8295 0.5328
vn -0.5116 -0.8592 0.0076
vn -0.7321 -0.4742 -0.4891
vn -0.1011 -0.1818 -0.9781
vn -0.5797 -0.3342 0.7431
vn -0.8879 -0.3845 0.2525
vn -0.9760 -0.0358 0.2148
vn -0.7300 0.3621 -0.5797
vn -0.0465 0.3844 -0.9220
vn -0.8408 0.5169 0.1609
vn -0.5215 0.4128 0.7468
vn 0.0814 0.0343 0.9961
vn -0.2290 0.9317 -0.2820
vn -0.3222 0.9168 0.2361
vn 0.0755 0.6562 0.7508
vn 0.7825 0.3187 0.5349
vn 0.2300 0.8246 -0.5168
vn 0.1436 0.9895 -0.0157
vn 0.3857 0.9065 0.1719
vn 0.8083 0.5339 -0.2483
vn -0.3196 0.7282 0.6063
vn -0.8119 0.2824 0.5109
vn -0.2792 0.2175 0.9353
vn -0.4367 0.8934 -0.1051
vn 0.1411 0.8955 0.4222
vn -0.9034 0.4214 -0.0791
vn -0.4341 0.5393 -0.7216
vn -0.9755 0.1204 -0.1843
vn -0.8509 -0.3416 0.3990
vn 0.1823 0.9019 -0.3916
vn 0.3129 0.5451 -0.7778
vn 0.5463 0.8299 0.1133
vn 0.8205 0.4042 -0.4042
vn 0.2848 -0.1144 -0.9517
vn 0.9036 0.3302 0.2730
vn 0.4554 0.2724 0.8476
vn 0.9331 -0.3327 0.1369
vn 0.4512 -0.4600 0.7647
vn -0.3016 -0.4411 0.8453
vn 0.2429 -0.9309 0.2729
vn 0.8474 -0.1823 -0.4988
vn 0.5814 -0.8092 -0.0851
vn -0.3596 -0.8831 0.3013
vn -0.0194 -0.9876 -0.1556
vn 0.3797 -0.7325 -0.5651
vn -0.8022 -0.5533 -0.2243
vn -0.1950 -0.8217 -0.5355
vn -0.4724 -0.1479 -0.8689
vn -0.0000 -0.0000 1.0000
vn -0.6422 0.1075 -0.7590
vn -0.8759 0.4747 -0.0867
vn -0.5133 0.5701 -0.6415
vn -0.3980 0.9108 -0.1096
vn -0.6634 0.4918 0.5640
vn 0.0498 0.7624 -0.6452
vn -0.9901 0.0468 -0.1327
vn 0.0094 0.1403 -0.9901
vn -0.1045 0.9533 0.2835
vn 0.6501 0.7489 0.1281
vn 0.6261 0.5845 -0.5161
vn 0.5139 0.5946 0.6183
vn 0.7368 0.1592 -0.6571
vn 0.9845 0.1161 0.1314
vn -0.0188 0.4904 0.8713
vn 0.6349 0.1101 0.7647
vn 0.7195 -0.3755 -0.5842
vn 0.9144 -0.3818 0.1345
vn -0.0276 0.0333 0.9991
vn -0.0127 -0.5553 -0.8316
vn 0.5980 -0.3725 0.7097
vn -0.7298 -0.3009 0.6139
vn 0.0589 -0.5846 0.8092
vn 0.5139 -0.8218 0.2461
vn -0.5877 -0.3769 -0.7159
vn -0.9105 -0.3859 -0.1486
vn -0.3363 -0.8965 0.2885
vn -0.4824 -0.8361 -0.2613
vn 0.0258 -0.9995 -0.0159
vn 0.3534 -0.8902 -0.2875
vn -0.9182 0.3949 -0.0320
vn -0.5492 0.6882 0.4741
vn -0.3101 0.9507 -0.0011
vn 0.2817 0.8765 0.3903
vn -0.2594 0.8552 -0.4487
vn 0.4539 0.8534 -0.2563
vn 0.0121 0.3913 -0.9202
vn 0.9237 0.3830 -0.0081
vn -0.7117 0.3475 -0.6105
vn 0.6744 0.3611 -0.6441
vn 0.0113 -0.3538 -0.9353
vn -0.7096 -0.3558 -0.6082
vn 0.7008 -0.3357 -0.6295
vn 0.0034 -0.8921 -0.4518
vn -0.9575 -0.2885 -0.0001
vn -0.4461 -0.8438 -0.2984
vn -0.7509 0.2304 0.6189
vn -0.5018 -0.8422 0.1973
vn 0.0027 -1.0000 0.0007
vn 0.4998 -0.8429 -0.1993
vn 0.9562 -0.2912 0.0283
vn 0.4427 -0.8482 0.2907
vn -0.0040 -0.8971 0.4417
vn -0.6970 -0.3039 0.6494
vn 0.0059 -0.3833 0.9236
vn 0.6960 -0.3835 0.6071
vn -0.0114 0.1473 0.9890
vn 0.7506 0.1175 0.6502
vn -0.0079 0.4962 0.8682
vn 0.7114 0.4417 0.5467
vn -0.5751 -0.0702 0.8151
vn -0.6106 0.1263 0.7818
vn -0.4936 0.1396 0.8584
vn -0.4260 0.0739 0.9017
vn -0.6313 -0.2617 0.7300
vn -0.5977 -0.5622 0.5716
vn -0.3397 0.1494 0.9286
vn -0.3128 0.1432 0.9390
vn -0.7177 -0.2123 0.6631
vn -0.6921 -0.5267 0.4934
vn -0.5637 -0.7554 0.3340
vn -0.5487 -0.6944 0.4656
vn -0.5381 -0.6932 0.4795
vn -0.6422 -0.6521 0.4030
vn -0.6578 -0.6658 0.3522
vn -0.7222 -0.6875 0.0758
vn -0.7189 -0.6948 -0.0211
vn -0.7162 -0.6624 -0.2198
vn -0.6548 -0.6687 -0.3522
vn -0.5805 -0.6603 -0.4765
vn -0.5370 -0.6962 -0.4764
vn -0.5436 -0.7036 -0.4577
vn -0.5912 -0.5634 -0.5771
vn -0.4358 -0.8999 0.0136
vn -0.7396 -0.6058 -0.2932
vn -0.5686 -0.8091 0.1488
vn -0.0695 -0.8475 0.5262
vn 0.0487 -0.7918 0.6088
vn 0.0690 -0.8148 0.5756
vn 0.3412 -0.6917 0.6365
vn 0.4536 -0.7582 0.4683
vn 0.5276 -0.8060 0.2683
vn 0.5822 -0.7971 0.1601
vn 0.5692 -0.8165 -0.0965
vn 0.5715 -0.8173 -0.0732
vn 0.4981 -0.7571 -0.4227
vn 0.4221 -0.7302 -0.5373
vn 0.1218 -0.7883 -0.6031
vn 0.0483 -0.8095 -0.5851
vn 0.0511 -0.8040 -0.5924
vn -0.1210 -0.8660 -0.4851
vn -0.3388 -0.9144 -0.2216
vn -0.5617 -0.8122 -0.1572
vn -0.7056 -0.7042 -0.0796
vn -0.8449 -0.5349 0.0039
vn -0.9069 -0.4199 0.0356
vn -0.8973 -0.1960 0.3956
vn -0.8739 -0.1299 0.4684
vn -0.9036 -0.0598 0.4242
vn -0.7809 0.1794 0.5983
vn -0.7314 0.3790 0.5669
vn -0.4933 0.4564 0.7405
vn -0.3851 0.5413 0.7475
vn -0.1267 0.5895 0.7978
vn -0.1174 0.5906 0.7984
vn 0.2397 0.5163 0.8222
vn 0.1913 0.5782 0.7932
vn 0.9143 0.3869 0.1198
vn 0.7948 0.4092 -0.4482
vn 0.7107 0.6137 -0.3439
vn 0.9575 -0.0479 -0.2844
vn 0.9816 -0.0291 -0.1889
vn 0.4591 0.3442 0.8190
vn 0.1435 0.2850 0.9477
vn 0.8856 0.2470 0.3932
vn 0.8958 0.4427 0.0403
vn 0.2998 0.2946 0.9074
vn -0.2434 0.2811 0.9283
vn 0.1546 0.6199 0.7693
vn 0.7643 0.5209 0.3801
vn 0.3501 0.8102 -0.4702
vn 0.2339 0.9627 0.1363
vn -0.3999 0.8332 0.3819
vn -0.4375 0.8715 -0.2218
vn -0.4732 0.8494 0.2336
vn -0.0005 0.9230 -0.3849
vn -0.3045 0.9049 0.2975
vn -0.4897 0.4288 0.7591
vn -0.1953 0.9698 -0.1460
vn -0.3402 0.9089 0.2413
vn -0.5394 0.5132 0.6676
vn 0.0188 0.9995 -0.0246
vn -0.6879 0.6852 0.2393
vn -0.4119 0.9049 0.1069
vn -0.7268 0.6628 0.1800
vn 0.0234 0.9997 -0.0094
vn 0.4755 0.7798 -0.4072
vn 0.4548 0.8765 -0.1577
vn 0.4235 0.6488 -0.6323
vn 0.3720 0.6940 -0.6164
vn 0.7306 0.5536 -0.3998
vn 0.6507 0.7230 -0.2322
vn 0.6413 0.7340 -0.2235
vn 0.5045 -0.5204 0.6889
vn -0.1326 -0.7350 0.6650
vn 0.0673 -0.9784 0.1957
vn -0.5327 -0.8456 -0.0352
vn 0.3701 -0.9252 -0.0842
vn -0.1529 -0.8473 -0.5087
vn 0.8501 -0.4945 0.1808
vn -0.5722 -0.3295 -0.7510
vn 0.6612 -0.4802 -0.5764
vn 0.9699 -0.1027 0.2209
vn 0.0719 -0.3671 -0.9274
vn 0.7811 0.3246 -0.5334
vn 0.5830 0.2366 0.7773
vn 0.1309 0.3908 -0.9111
vn 0.8042 0.5389 0.2507
vn 0.4034 0.8931 -0.1992
vn -0.0781 -0.2988 0.9511
vn 0.2196 0.8318 0.5098
vn 0.1048 0.9938 0.0371
vn -0.0283 0.8981 -0.4390
vn -0.5395 0.4248 -0.7270
vn -0.7298 0.6643 -0.1615
vn -0.1823 0.9475 0.2627
vn -0.0743 0.3001 0.9510
vn -0.6891 0.4672 0.5539
vn -0.8079 -0.0969 0.5813
vn -0.9757 -0.0008 -0.2192
vn -0.7279 -0.4910 0.4785
vn -0.8873 -0.3780 -0.2642
vn 0.2687 0.6103 0.7452
vn -0.2721 0.3245 0.9059
vn 0.3836 0.0889 0.9192
vn 0.8375 0.4521 0.3068
vn 0.9593 -0.0128 0.2820
vn 0.4105 0.8942 0.1784
vn 0.7668 0.4702 -0.4370
vn -0.1137 0.9403 0.3207
vn 0.3204 0.9079 -0.2702
vn -0.6369 0.6160 0.4636
vn -0.3999 0.9139 -0.0691
vn 0.2421 0.5031 -0.8296
vn -0.2847 0.7536 -0.5925
vn -0.8618 0.4543 -0.2258
vn -0.4007 0.2787 -0.8728
vn 0.2919 0.1109 -0.9500
vn -0.8290 0.1109 0.5481
vn -0.9540 0.0040 -0.2998
vn -0.2511 -0.4981 0.8299
vn -0.8475 -0.0660 0.5267
vn 0.4051 -0.0860 0.9102
vn -0.6568 -0.6639 0.3575
vn 0.3429 -0.6644 0.6641
vn -0.0487 -0.9831 0.1765
vn -0.7121 -0.6337 -0.3024
vn -0.2647 -0.5914 -0.7617
vn -0.4051 0.0951 -0.9093
vn 0.2235 -0.6308 -0.7431
vn 0.6425 -0.5947 -0.4832
vn 0.8431 0.0782 -0.5320
vn 0.7513 -0.6410 0.1573
vn 0.9716 0.0814 -0.2223
vn 0.4629 0.2487 -0.8508
vn 0.7191 0.6395 -0.2720
vn -0.0317 0.7612 -0.6477
vn -0.3270 0.2021 -0.9232
vn 0.4361 0.8927 0.1136
vn 0.4838 -0.4478 -0.7519
vn 0.8204 0.4140 0.3944
vn 0.9197 -0.3683 -0.1358
vn 0.8209 -0.2078 0.5320
vn -0.2697 0.9096 -0.3162
vn 0.3337 0.5034 0.7970
vn 0.0245 0.9184 0.3949
vn 0.3280 0.2288 0.9166
vn -0.4672 0.5429 0.6978
vn -0.7414 0.6694 0.0460
vn -0.7978 0.2924 -0.5272
vn -0.9659 0.2086 0.1534
vn -0.4858 -0.1356 0.8635
vn -0.8353 -0.3403 -0.4318
vn -0.9253 -0.2742 0.2618
vn 0.3080 -0.4537 0.8362
vn -0.2198 -0.8202 0.5281
vn -0.5535 -0.8312 0.0522
vn -0.3196 -0.4581 -0.8294
vn -0.2474 -0.8937 -0.3742
vn 0.0360 -0.9825 0.1830
vn 0.2448 -0.9301 -0.2737
vn 0.5655 -0.7996 0.2020
vn -0.8562 -0.1647 0.4898
vn -0.9970 -0.0772 0.0109
vn -0.8342 -0.0769 0.5461
vn -0.9871 -0.1600 0.0086
vn -0.5297 -0.2125 0.8211
vn -0.9325 -0.0858 -0.3508
vn -0.8579 -0.1608 -0.4880
vn -0.9980 0.0624 0.0073
vn -0.9289 0.0042 0.3702
vn -0.9624 0.1188 0.2444
vn -0.7073 -0.0129 0.7068
vn -0.9286 0.0125 -0.3710
vn -0.9625 0.1189 -0.2438
vn -0.7204 -0.0052 -0.6935
vn -0.5378 -0.0903 0.8382
vn -0.5164 0.0080 0.8563
vn -0.4801 0.0327 0.8766
vn -0.5740 -0.1264 0.8090
vn 0.9009 -0.4332 -0.0275
vn 0.5277 -0.7176 0.4546
vn 0.2927 -0.9562 -0.0006
vn -0.2587 -0.8999 0.3511
vn 0.2411 -0.8813 -0.4063
vn -0.4150 -0.8789 -0.2351
vn 0.6940 -0.3900 -0.6052
vn -0.9071 -0.4208 -0.0101
vn -0.0262 -0.4274 -0.9037
vn 0.7582 0.0139 -0.6519
vn -0.6659 -0.3943 -0.6334
vn -0.0002 0.3868 -0.9222
vn 0.9436 0.3308 0.0111
vn -0.6925 0.3655 -0.6220
vn 0.6217 0.6340 -0.4600
vn -0.0101 0.9233 -0.3839
vn 0.7403 -0.2631 0.6187
vn 0.4552 0.8696 0.1913
vn 0.6874 0.3264 0.6488
vn 0.0106 -0.5402 0.8415
vn -0.6913 -0.4833 0.5371
vn 0.0184 0.2592 0.9657
vn -0.7450 -0.1299 0.6543
vn -0.9426 0.3328 0.0267
vn -0.6241 0.5875 0.5151
vn 0.0057 0.9164 0.4003
vn -0.4571 0.8709 -0.1806
vn -0.0059 1.0000 0.0025
vn -0.4858 0.8349 0.2587
vn -0.9229 0.3849 0.0079
vn -0.6768 0.3621 0.6410
vn -0.0000 0.4127 0.9109
vn -0.2398 0.8900 -0.3877
vn -0.0015 0.9504 0.3109
vn 0.4656 0.8489 0.2502
vn 0.3967 0.8549 -0.3342
vn 0.0074 0.4818 -0.8762
vn -0.7015 0.4485 -0.5539
vn -0.7447 0.1331 -0.6540
vn 0.6781 0.4708 -0.5644
vn 0.9299 0.3675 0.0161
vn 0.6768 0.3621 0.6410
vn -0.0000 -0.3419 0.9397
vn 0.7098 -0.3458 0.6136
vn 0.7447 0.1331 -0.6540
vn 0.9599 -0.2801 0.0092
vn -0.7098 -0.3458 0.6136
vn -0.0000 -0.8970 0.4420
vn 0.4511 -0.8412 0.2983
vn 0.6867 -0.3815 -0.6188
vn -0.9599 -0.2801 0.0092
vn -0.4511 -0.8412 0.2983
vn -0.0000 -0.9998 0.0190
vn -0.5134 -0.8360 -0.1936
vn -0.6867 -0.3815 -0.6188
vn 0.5134 -0.8360 -0.1936
vn -0.0000 -0.8867 -0.4623
vn -0.0000 -0.2897 -0.9571
vn 0.8278 0.4575 -0.3249
vn 0.6077 0.7681 0.2018
vn 0.8769 0.2672 0.3996
vn 0.1853 0.5953 0.7819
vn 0.0300 0.9715 0.2353
vn 0.2000 0.1440 0.9692
vn 0.3018 0.9024 -0.3075
vn -0.4290 0.5803 0.6922
vn 0.8916 0.0770 0.4463
vn -0.0539 0.9505 -0.3061
vn 0.1893 -0.3456 0.9191
vn 0.4574 0.4146 -0.7867
vn -0.3041 0.9308 0.2030
vn -0.1581 0.4272 -0.8902
vn 0.5244 -0.0801 -0.8477
vn -0.6376 0.6921 -0.3383
vn -0.7984 0.5514 0.2420
vn -0.8590 0.1924 -0.4745
vn -0.9419 0.1269 0.3111
vn -0.2245 -0.0885 -0.9705
vn -0.8185 -0.4228 -0.3890
vn -0.5233 0.1511 0.8387
vn -0.8570 -0.3914 0.3352
vn -0.4126 -0.5243 0.7449
vn 0.0913 -0.9076 0.4098
vn -0.3527 -0.9173 0.1847
vn 0.0258 -0.9957 0.0889
vn 0.7041 -0.5620 0.4340
vn -0.3730 -0.9150 -0.1538
vn 0.3519 -0.9047 -0.2402
vn 0.8798 -0.4073 -0.2452
vn -0.0529 -0.9479 -0.3141
vn 0.4276 -0.5153 -0.7427
vn -0.1758 -0.5494 -0.8168
vn 0.3164 -0.9372 -0.1468
vn 0.4690 -0.5572 -0.6853
vn 0.8414 -0.5174 -0.1561
vn 0.2768 -0.9290 0.2457
vn -0.1797 -0.7661 -0.6171
vn -0.2940 -0.9523 -0.0820
vn -0.1814 -0.3732 -0.9099
vn -0.7599 -0.5194 -0.3909
vn -0.1050 -0.8783 0.4664
vn -0.7258 -0.6542 0.2127
vn 0.1492 -0.4085 0.9005
vn 0.7186 -0.4920 0.4915
vn -0.5402 -0.3659 0.7578
vn -0.9469 -0.1960 0.2548
vn 0.1756 0.0512 0.9831
vn 0.9640 -0.1092 -0.2424
vn -0.5640 0.0898 0.8209
vn 0.5729 -0.1432 -0.8070
vn 0.8280 0.3395 0.4462
vn 0.8040 0.5295 -0.2705
vn -0.1794 -0.1706 -0.9689
vn 0.5491 0.3357 -0.7654
vn -0.8585 -0.1024 -0.5025
vn 0.3765 0.9160 0.1385
vn 0.3199 0.8750 -0.3633
vn 0.1233 0.9922 -0.0165
vn 0.1473 0.6503 0.7453
vn 0.0512 0.8789 -0.4742
vn -0.1049 0.3871 -0.9161
vn -0.4478 0.5571 0.6994
vn -0.2846 0.9332 0.2195
vn -0.2212 0.9522 -0.2108
vn -0.7304 0.4787 -0.4872
vn -0.8333 0.5208 0.1853
vn -0.9693 0.0040 0.2459
vn 0.0463 0.1356 -0.9897
vn 0.4307 0.5193 -0.7381
vn 0.2079 0.2046 -0.9565
vn 0.4757 0.3685 -0.7987
vn 0.1006 0.0304 -0.9945
vn 0.5311 0.1161 -0.8393
vn 0.7598 0.3559 -0.5441
vn 0.6029 0.6473 -0.4664
vn 0.5672 0.7839 -0.2526
vn 0.6982 0.6697 -0.2531
vn 0.7561 0.5279 -0.3869
vn 0.7414 0.6711 -0.0002
vn 0.8748 -0.1759 -0.4514
vn 0.8360 0.4813 -0.2637
vn 0.8804 0.4742 -0.0027
vn 0.9707 0.2404 -0.0042
vn 0.8323 0.4899 0.2593
vn 0.9276 0.2060 -0.3116
vn 0.9117 0.1980 -0.3599
vn 0.9113 -0.3172 -0.2626
vn 0.8746 -0.3018 -0.3795
vn 0.7767 -0.5451 -0.3155
vn 0.9014 -0.0943 -0.4226
vn 0.7792 -0.6154 -0.1188
vn 0.8867 -0.1526 -0.4364
vn 0.8131 -0.5734 0.1001
vn 0.9993 0.0361 -0.0019
vn 0.9523 -0.2602 -0.1596
vn 0.9516 -0.1940 0.2383
vn 0.4767 -0.1883 -0.8587
vn 0.9715 0.0813 -0.2225
vn 0.9357 0.3450 0.0737
vn 0.4785 -0.2757 -0.8337
vn 0.8761 0.0463 -0.4798
vn 0.8640 0.4887 -0.1209
vn -0.0611 -0.2013 -0.9776
vn -0.0458 -0.3354 -0.9410
vn 0.3518 -0.4715 -0.8086
vn 0.8969 0.3516 -0.2683
vn 0.8374 0.3893 -0.3836
vn 0.7421 -0.2005 -0.6396
vn 0.8587 0.2747 -0.4327
vn 0.7942 0.1006 -0.5992
vn 0.8581 0.0723 -0.5084
vn 0.8648 0.1118 -0.4896
vn 0.8359 -0.0338 -0.5478
vn 0.8975 0.0264 -0.4402
vn 0.8235 -0.1733 -0.5402
vn 0.8138 -0.1977 -0.5466
vn 0.9054 0.2182 -0.3643
vn 0.9743 -0.2251 -0.0011
vn 0.8682 -0.1208 -0.4813
vn 0.9959 -0.0906 -0.0017
vn 0.8700 -0.1170 0.4789
vn 0.8161 -0.2040 0.5407
vn 0.8239 -0.1856 0.5355
vn 0.8970 -0.1158 0.4265
vn 0.8397 -0.0713 0.5383
vn 0.8978 0.0276 0.4395
vn 0.9057 -0.0995 0.4120
vn 0.7880 -0.3318 0.5187
vn 0.8623 0.0990 0.4966
vn 0.7653 -0.0881 0.6377
vn 0.9025 0.2134 0.3742
vn 0.8649 0.3193 0.3874
vn 0.8874 -0.2638 0.3781
vn 0.7868 -0.5370 0.3043
vn 0.7955 -0.5983 0.0965
vn 0.8801 0.2436 0.4075
vn 0.8829 -0.1399 0.4483
vn 0.8270 -0.5539 -0.0965
vn 0.9309 0.2086 0.2998
vn 0.8881 0.2491 0.3862
vn 0.7377 0.5306 0.4174
vn 0.8689 -0.4281 0.2484
vn 0.9498 -0.2063 -0.2353
vn 0.7352 0.3751 0.5647
vn 0.5492 0.0958 0.8302
vn 0.9468 -0.2814 0.1561
vn 0.5605 -0.1350 0.8171
vn 0.9668 0.0488 0.2508
vn 0.9437 0.3192 -0.0871
vn 0.8817 0.0725 0.4662
vn 0.8370 0.5181 0.1761
vn 0.8460 0.0259 0.5326
vn 0.3633 -0.4987 0.7869
vn 0.8508 -0.1532 0.5026
vn 0.6548 -0.3305 0.6797
vn 0.6897 -0.3210 0.6490
vn 0.6069 -0.4326 0.6667
vn 0.3611 -0.5329 0.7652
vn 0.8018 -0.4362 0.4084
vn 0.9577 -0.1583 0.2404
vn 0.9706 0.1959 0.1397
vn 0.8281 -0.5606 0.0014
vn 0.9811 -0.1933 -0.0052
vn 0.9795 0.2016 0.0027
vn 0.9690 0.2036 -0.1402
vn 0.9565 -0.1625 -0.2422
vn 0.7949 -0.4350 -0.4229
vn 0.8449 -0.1464 -0.5145
vn 0.5008 -0.5656 -0.6553
vn 0.7104 -0.2951 -0.6390
vn 0.5420 -0.4696 -0.6969
vn 0.2278 -0.7374 -0.6359
vn 0.1768 -0.7003 -0.6916
vn -0.1909 -0.9219 -0.3372
vn -0.0339 -0.7828 -0.6213
vn -0.0382 -0.9915 -0.1247
vn 0.0183 -0.7949 -0.6065
vn 0.0088 -0.5014 -0.8652
vn 0.0550 -0.8763 -0.4785
vn 0.0212 -0.7218 -0.6917
vn -0.1725 -0.9849 0.0150
vn -0.2157 -0.9750 -0.0536
vn -0.1458 -0.9430 -0.2993
vn -0.2640 -0.8252 -0.4994
vn 0.0358 -0.9992 -0.0163
vn -0.0041 -1.0000 0.0002
vn -0.1585 -0.9870 -0.0252
vn -0.4211 -0.8681 -0.2630
vn -0.4558 -0.7985 -0.3933
vn -0.4935 -0.8427 -0.2154
vn -0.3485 -0.9349 -0.0666
vn -0.4215 -0.9007 -0.1051
vn -0.3624 -0.9320 -0.0086
vn -0.3789 -0.9240 0.0516
vn -0.1038 -0.9946 0.0001
vn -0.3337 -0.9403 0.0671
vn -0.4524 -0.8790 0.1506
vn -0.3463 -0.9317 0.1095
vn -0.0998 -0.9945 0.0317
vn -0.0911 -0.9916 0.0915
vn 0.0553 -0.9820 0.1806
vn 0.0665 -0.9817 0.1786
vn 0.0678 -0.9213 0.3828
vn -0.0489 -0.9800 0.1930
vn -0.0414 -0.9947 0.0938
vn -0.1627 -0.9373 0.3081
vn -0.0293 -0.8565 0.5154
vn -0.0049 -0.9434 0.3317
vn 0.1375 -0.9602 0.2429
vn 0.0186 -0.9972 0.0719
vn 0.1696 -0.9798 0.1062
vn 0.1042 -0.9945 -0.0094
vn -0.0047 -0.9971 -0.0758
vn 0.1111 -0.9913 -0.0708
vn 0.0792 -0.9794 -0.1857
vn 0.3263 -0.9210 -0.2129
vn 0.4179 -0.4855 -0.7679
vn 0.8355 -0.4984 -0.2314
vn 0.7279 -0.4932 0.4764
vn 0.9407 -0.1103 -0.3208
vn -0.1782 -0.8873 -0.4253
vn 0.5050 0.2202 -0.8346
vn 0.1514 -0.9675 0.2026
vn -0.1863 -0.5287 -0.8281
vn 0.1757 -0.3695 0.9125
vn -0.1095 -0.8207 0.5608
vn -0.5200 -0.8518 0.0640
vn -0.7839 -0.4701 -0.4055
vn -0.2020 -0.1621 -0.9659
vn -0.4961 -0.3252 0.8050
vn -0.8550 -0.3750 0.3583
vn -0.9449 -0.0207 0.3268
vn -0.8676 -0.0916 -0.4887
vn -0.1599 0.3669 -0.9164
vn -0.7379 0.4749 -0.4795
vn -0.8310 0.4983 0.2473
vn -0.4370 0.4037 0.8038
vn 0.1909 0.0319 0.9811
vn -0.2423 0.9375 -0.2499
vn 0.1821 0.8174 -0.5466
vn -0.2947 0.9133 0.2811
vn 0.1464 0.9887 -0.0331
vn 0.7779 0.5299 -0.3379
vn 0.1592 0.6522 0.7411
vn 0.4138 0.9008 0.1316
vn 0.8384 0.3128 0.4464
vn 0.9326 0.1835 0.3107
vn 0.7953 0.4018 -0.4539
vn 0.5544 0.7929 0.2527
vn 0.1792 0.8375 -0.5162
vn 0.1495 0.3039 -0.9409
vn -0.2253 0.9236 -0.3102
vn 0.8534 -0.3089 -0.4198
vn -0.4658 0.3048 -0.8307
vn 0.1664 -0.3536 -0.9205
vn 0.3154 -0.8624 -0.3959
vn -0.4345 -0.3691 -0.8216
vn 0.9008 -0.3121 0.3020
vn 0.4694 -0.2204 0.8551
vn 0.5048 -0.7808 0.3681
vn 0.4401 0.4347 0.7857
vn -0.0841 -0.5456 0.8338
vn 0.0851 -0.9922 0.0906
vn -0.3784 -0.8689 -0.3192
vn -0.3313 -0.9059 0.2639
vn -0.2079 0.1288 0.9696
vn -0.8278 -0.2897 0.4805
vn -0.8877 -0.3709 -0.2727
vn -0.9321 0.1227 -0.3408
vn -0.1681 0.4345 0.8848
vn -0.8181 0.4070 0.4062
vn -0.7521 0.6003 -0.2721
vn -0.2719 0.8628 0.4261
vn 0.7580 -0.5204 0.3932
vn 0.1765 -0.7350 0.6547
vn 0.1472 -0.9784 0.1454
vn -0.4929 -0.8456 0.2051
vn 0.2942 -0.9252 -0.2398
vn -0.3629 -0.8473 -0.3879
vn 0.8420 -0.4945 -0.2156
vn -0.8462 -0.3295 -0.4188
vn 0.3365 -0.4802 -0.8100
vn 0.9671 -0.1027 -0.2328
vn -0.3475 -0.3671 -0.8628
vn 0.4612 0.3309 -0.8233
vn 0.8675 0.2366 0.4375
vn 0.8450 0.5170 -0.1367
vn -0.2844 0.3952 -0.8734
vn 0.2353 0.9280 -0.2890
vn 0.4065 0.8381 0.3638
vn 0.3431 -0.2940 0.8921
vn 0.3516 0.2986 0.8873
vn -0.0523 0.9391 0.3395
vn -0.2397 0.8954 -0.3752
vn -0.3910 0.3180 0.8637
vn -0.7041 0.6898 0.1686
vn -0.8062 0.4248 -0.4118
vn -0.9701 -0.0136 0.2424
vn -0.9108 -0.3774 0.1673
vn -0.4351 -0.4832 0.7598
vn -0.3400 0.9091 -0.2407
vn -0.6882 0.6851 -0.2387
vn -0.5372 0.5218 -0.6626
vn -0.4874 0.4423 -0.7529
vn -0.4125 0.9046 -0.1073
vn -0.7271 0.6625 -0.1800
vn 0.0231 0.9997 0.0092
vn -0.2786 0.9234 -0.2640
vn -0.4535 0.8702 -0.1927
vn 0.0185 0.9996 0.0225
vn 0.4795 0.7759 0.4099
vn -0.5475 0.8338 -0.0703
vn -0.3797 0.8448 -0.3770
vn -0.1156 0.8545 -0.5065
vn 0.3369 0.6818 -0.6493
vn 0.4870 0.5293 -0.6947
vn 0.6311 0.3110 -0.7107
vn 0.6373 0.2975 -0.7109
vn 0.4449 0.3510 -0.8239
vn 0.5420 0.3964 -0.7410
vn -0.0795 0.9209 0.3815
vn -0.1805 0.7905 0.5853
vn 0.2740 0.6216 0.7339
vn 0.2071 0.8409 0.5000
vn 0.4546 0.5811 0.6750
vn 0.7306 0.5531 0.4004
vn 0.6533 0.7202 0.2333
vn 0.4565 0.8755 0.1585
vn 0.6440 0.7313 0.2246
vn 0.1479 0.4569 -0.8772
vn 0.1898 0.5751 -0.7958
vn -0.1121 0.5942 -0.7965
vn -0.1573 0.4284 -0.8898
vn -0.3866 0.5525 -0.7384
vn -0.0549 0.2396 -0.9693
vn -0.0602 0.2731 -0.9601
vn -0.2483 0.1765 -0.9525
vn -0.2805 0.2361 -0.9304
vn -0.4405 0.4069 -0.8002
vn -0.7416 0.3865 -0.5483
vn -0.7847 0.1847 -0.5918
vn -0.8882 -0.0546 -0.4562
vn -0.6456 -0.0041 -0.7637
vn -0.8755 -0.1875 -0.4454
vn -0.5827 -0.0877 -0.8080
vn -0.5818 -0.1268 -0.8034
vn -0.6132 0.1240 -0.7801
vn -0.8649 -0.3575 -0.3524
vn -0.8415 -0.5398 -0.0211
vn -0.6502 -0.2515 -0.7170
vn -0.5775 -0.1222 -0.8072
vn -0.4802 0.0344 -0.8765
vn -0.5261 -0.2049 -0.8254
vn -0.5327 -0.0881 -0.8417
vn -0.5107 0.0015 -0.8598
vn -0.7092 -0.0928 -0.6989
vn 0.7123 -0.5025 -0.4900
vn 0.1250 -0.5728 -0.8101
vn 0.1709 -0.1059 -0.9796
vn -0.5561 -0.3851 -0.7365
vn -0.1167 -0.8827 -0.4551
vn -0.5770 0.0889 -0.8119
vn -0.5235 -0.8510 -0.0417
vn -0.1019 -0.9939 -0.0418
vn -0.8706 -0.4077 -0.2753
vn 0.3515 -0.9353 -0.0405
vn -0.0515 -0.9289 0.3667
vn -0.7537 -0.5263 0.3937
vn -0.9688 0.0156 -0.2473
vn -0.2172 -0.6587 0.7204
vn 0.4878 -0.5699 0.6613
vn 0.8266 -0.5293 0.1913
vn 0.9642 -0.0983 0.2465
vn -0.1708 -0.3357 0.9263
vn -0.8571 -0.1079 0.5037
vn 0.5664 -0.1400 0.8122
vn -0.1537 0.3043 0.9401
vn -0.7224 0.6635 -0.1949
vn 0.5622 0.3807 0.7342
vn -0.7309 0.4817 0.4835
vn -0.2072 0.9549 0.2126
vn 0.1464 0.8641 0.4815
vn 0.0961 0.9948 0.0347
vn 0.7928 0.5407 0.2814
vn 0.0353 0.9194 -0.3918
vn -0.4784 0.5749 -0.6638
vn 0.1955 0.4597 -0.8663
vn 0.4060 0.9030 -0.1405
vn 0.8166 0.3517 -0.4576
vn 0.3993 -0.9168 -0.0037
vn 0.7496 -0.5119 -0.4196
vn 0.8229 -0.5078 0.2547
vn 0.3530 -0.5020 0.7895
vn 0.9646 -0.1140 0.2379
vn -0.0679 -0.9029 -0.4244
vn 0.8744 0.2269 -0.4290
vn 0.0206 -0.9690 0.2460
vn 0.3074 -0.5195 -0.7973
vn 0.3438 -0.1818 -0.9213
vn -0.4531 -0.4726 -0.7558
vn -0.5552 -0.8239 -0.1134
vn -0.3761 -0.8412 0.3885
vn -0.8937 -0.4081 -0.1862
vn -0.3446 -0.3781 0.8592
vn -0.8509 -0.3178 0.4182
vn -0.3694 0.0343 0.9286
vn 0.4628 0.3293 0.8230
vn -0.9699 -0.0358 -0.2410
vn -0.3966 0.3621 -0.8436
vn -0.7989 0.4128 0.4375
vn -0.8248 0.5169 -0.2292
vn 0.3678 0.3844 -0.8468
vn -0.0735 0.9365 -0.3429
vn -0.3847 0.9210 0.0608
vn -0.2724 0.6366 0.7215
vn 0.2390 0.9353 0.2608
vn 0.4252 0.8310 -0.3586
vn 0.8471 0.5122 0.1418
vn -0.1562 0.2557 0.9541
vn 0.0127 0.3049 0.9523
vn -0.2787 0.2140 0.9362
vt 0.000000 0.000000
s 1
f 1/1/1 2/1/2 3/1/3
f 4/1/4 1/1/1 3/1/3
f 1/1/1 4/1/4 5/1/5
f 6/1/6 4/1/4 3/1/3
f 5/1/5 7/1/7 1/1/1
f 2/1/2 1/1/1 7/1/7
f 8/1/8 5/1/5 4/1/4
f 6/1/6 8/1/8 4/1/4
f 7/1/7 5/1/5 9/1/9
f 10/1/10 6/1/6 3/1/3
f 5/1/5 8/1/8 11/1/11
f 11/1/11 9/1/9 5/1/5
f 8/1/8 6/1/6 12/1/12
f 9/1/9 13/1/13 7/1/7
f 14/1/14 11/1/11 8/1/8
f 9/1/9 11/1/11 15/1/15
f 14/1/14 15/1/15 11/1/11
f 15/1/15 16/1/16 9/1/9
f 16/1/16 13/1/13 9/1/9
f 15/1/15 14/1/14 17/1/17
f 18/1/18 16/1/16 15/1/15
f 18/1/18 15/1/15 17/1/17
f 19/1/19 16/1/16 18/1/18
f 17/1/17 20/1/20 18/1/18
f 14/1/14 20/1/20 17/1/17
f 21/1/21 18/1/18 20/1/20
f 18/1/18 21/1/21 19/1/19
f 20/1/20 14/1/14 22/1/22
f 21/1/21 20/1/20 23/1/23
f 22/1/22 23/1/23 20/1/20
f 24/1/24 21/1/21 23/1/23
f 22/1/22 14/1/14 25/1/25
f 26/1/26 23/1/23 22/1/22
f 25/1/25 26/1/26 22/1/22
f 26/1/26 27/1/27 23/1/23
f 23/1/23 27/1/27 24/1/24
f 28/1/28 26/1/26 25/1/25
f 25/1/25 14/1/14 29/1/29
f 8/1/8 29/1/29 14/1/14
f 25/1/25 29/1/29 30/1/30
f 30/1/30 28/1/28 25/1/25
f 8/1/8 12/1/12 29/1/29
f 31/1/31 27/1/27 26/1/26
f 28/1/28 31/1/31 26/1/26
f 32/1/32 27/1/27 31/1/31
f 31/1/31 28/1/28 33/1/33
f 32/1/32 31/1/31 33/1/33
f 34/1/34 33/1/33 28/1/28
f 28/1/28 30/1/30 34/1/34
f 33/1/33 34/1/34 35/1/35
f 36/1/36 33/1/33 35/1/35
f 32/1/32 33/1/33 36/1/36
f 35/1/35 34/1/34 37/1/37
f 37/1/37 36/1/36 35/1/35
f 30/1/30 38/1/38 34/1/34
f 37/1/37 34/1/34 38/1/38
f 39/1/39 40/1/40 41/1/41
f 40/1/40 42/1/42 41/1/41
f 39/1/39 43/1/43 19/1/19
f 16/1/16 19/1/19 43/1/43
f 43/1/43 13/1/13 16/1/16
f 39/1/39 44/1/44 43/1/43
f 13/1/13 43/1/43 44/1/44
f 39/1/39 41/1/41 44/1/44
f 45/1/45 41/1/41 42/1/42
f 41/1/41 46/1/46 44/1/44
f 41/1/41 45/1/45 46/1/46
f 47/1/47 13/1/13 44/1/44
f 47/1/47 44/1/44 46/1/46
f 47/1/47 48/1/48 13/1/13
f 7/1/7 13/1/13 48/1/48
f 48/1/48 2/1/2 7/1/7
f 47/1/47 46/1/46 49/1/49
f 49/1/49 46/1/46 45/1/45
f 48/1/48 47/1/47 50/1/50
f 49/1/49 50/1/50 47/1/47
f 51/1/51 2/1/2 48/1/48
f 50/1/50 51/1/51 48/1/48
f 52/1/52 2/1/2 51/1/51
f 50/1/50 53/1/53 51/1/51
f 52/1/52 51/1/51 53/1/53
f 54/1/54 50/1/50 49/1/49
f 53/1/53 50/1/50 54/1/54
f 49/1/49 55/1/55 54/1/54
f 49/1/49 45/1/45 55/1/55
f 53/1/53 54/1/54 56/1/56
f 55/1/55 57/1/57 54/1/54
f 54/1/54 57/1/57 56/1/56
f 55/1/55 45/1/45 58/1/58
f 57/1/57 55/1/55 58/1/58
f 36/1/36 37/1/37 59/1/59
f 32/1/32 60/1/60 27/1/27
f 24/1/24 27/1/27 60/1/60
f 61/1/61 32/1/32 36/1/36
f 62/1/62 60/1/60 32/1/32
f 61/1/61 62/1/62 32/1/32
f 61/1/61 36/1/36 63/1/63
f 63/1/63 36/1/36 59/1/59
f 61/1/61 64/1/64 62/1/62
f 63/1/63 65/1/65 61/1/61
f 64/1/64 61/1/61 65/1/65
f 62/1/62 66/1/66 60/1/60
f 64/1/64 66/1/66 62/1/62
f 67/1/67 60/1/60 66/1/66
f 60/1/60 67/1/67 24/1/24
f 66/1/66 64/1/64 68/1/68
f 69/1/69 64/1/64 65/1/65
f 68/1/68 64/1/64 69/1/69
f 66/1/66 68/1/68 70/1/70
f 66/1/66 70/1/70 67/1/67
f 71/1/71 68/1/68 69/1/69
f 72/1/72 70/1/70 68/1/68
f 68/1/68 71/1/71 72/1/72
f 73/1/73 67/1/67 70/1/70
f 74/1/74 70/1/70 72/1/72
f 74/1/74 73/1/73 70/1/70
f 75/1/75 67/1/67 73/1/73
f 67/1/67 75/1/75 24/1/24
f 76/1/76 73/1/73 74/1/74
f 73/1/73 77/1/77 75/1/75
f 76/1/76 77/1/77 73/1/73
f 78/1/78 24/1/24 75/1/75
f 77/1/77 78/1/78 75/1/75
f 21/1/21 24/1/24 78/1/78
f 19/1/19 21/1/21 78/1/78
f 77/1/77 19/1/19 78/1/78
f 79/1/79 76/1/76 74/1/74
f 19/1/19 77/1/77 39/1/39
f 80/1/80 79/1/79 74/1/74
f 80/1/80 74/1/74 72/1/72
f 81/1/81 76/1/76 79/1/79
f 76/1/76 40/1/40 77/1/77
f 76/1/76 81/1/81 40/1/40
f 77/1/77 40/1/40 39/1/39
f 82/1/82 81/1/81 79/1/79
f 79/1/79 80/1/80 82/1/82
f 42/1/42 40/1/40 81/1/81
f 82/1/82 42/1/42 81/1/81
f 83/1/83 84/1/84 85/1/85
f 83/1/83 71/1/71 84/1/84
f 85/1/85 86/1/86 83/1/83
f 87/1/87 71/1/71 83/1/83
f 86/1/86 87/1/87 83/1/83
f 87/1/87 72/1/72 71/1/71
f 72/1/72 87/1/87 80/1/80
f 86/1/86 88/1/88 87/1/87
f 87/1/87 88/1/88 80/1/80
f 88/1/88 86/1/86 58/1/58
f 82/1/82 80/1/80 88/1/88
f 58/1/58 89/1/89 88/1/88
f 82/1/82 88/1/88 89/1/89
f 58/1/58 45/1/45 89/1/89
f 89/1/89 42/1/42 82/1/82
f 45/1/45 42/1/42 89/1/89
f 90/1/90 91/1/91 92/1/92
f 93/1/93 91/1/91 90/1/90
f 94/1/94 93/1/93 90/1/90
f 92/1/92 91/1/91 95/1/95
f 92/1/92 95/1/95 96/1/96
f 97/1/97 95/1/95 91/1/91
f 98/1/98 97/1/97 91/1/91
f 91/1/91 93/1/93 98/1/98
f 95/1/95 97/1/97 99/1/99
f 93/1/93 100/1/100 98/1/98
f 95/1/95 99/1/99 101/1/101
f 96/1/96 95/1/95 101/1/101
f 101/1/101 99/1/99 102/1/102
f 103/1/103 96/1/96 101/1/101
f 96/1/96 103/1/103 104/1/104
f 103/1/103 101/1/101 105/1/105
f 101/1/101 102/1/102 106/1/106
f 105/1/105 101/1/101 106/1/106
f 106/1/106 102/1/102 107/1/107
f 106/1/106 108/1/108 105/1/105
f 106/1/106 107/1/107 109/1/109
f 107/1/107 110/1/110 109/1/109
f 108/1/108 106/1/106 111/1/111
f 112/1/112 106/1/106 109/1/109
f 112/1/112 111/1/111 106/1/106
f 111/1/111 113/1/113 108/1/108
f 109/1/109 114/1/114 112/1/112
f 112/1/112 114/1/114 111/1/111
f 115/1/115 109/1/109 110/1/110
f 109/1/109 115/1/115 114/1/114
f 115/1/115 110/1/110 116/1/116
f 116/1/116 117/1/117 115/1/115
f 111/1/111 118/1/118 113/1/113
f 118/1/118 111/1/111 114/1/114
f 113/1/113 118/1/118 119/1/119
f 120/1/120 115/1/115 117/1/117
f 115/1/115 120/1/120 114/1/114
f 114/1/114 120/1/120 118/1/118
f 121/1/121 120/1/120 117/1/117
f 120/1/120 121/1/121 122/1/122
f 122/1/122 118/1/118 120/1/120
f 122/1/122 121/1/121 123/1/123
f 119/1/119 118/1/118 124/1/124
f 118/1/118 122/1/122 124/1/124
f 124/1/124 122/1/122 123/1/123
f 119/1/119 124/1/124 125/1/125
f 124/1/124 123/1/123 126/1/126
f 124/1/124 126/1/126 125/1/125
f 127/1/127 94/1/94 128/1/128
f 127/1/127 93/1/93 94/1/94
f 93/1/93 127/1/127 129/1/129
f 93/1/93 129/1/129 100/1/100
f 100/1/100 129/1/129 130/1/130
f 129/1/129 127/1/127 131/1/131
f 131/1/131 130/1/130 129/1/129
f 127/1/127 132/1/132 131/1/131
f 131/1/131 133/1/133 130/1/130
f 134/1/134 130/1/130 133/1/133
f 133/1/133 131/1/131 135/1/135
f 133/1/133 136/1/136 134/1/134
f 135/1/135 137/1/137 133/1/133
f 137/1/137 138/1/138 133/1/133
f 136/1/136 133/1/133 138/1/138
f 137/1/137 139/1/139 138/1/138
f 140/1/140 136/1/136 138/1/138
f 139/1/139 140/1/140 138/1/138
f 136/1/136 140/1/140 141/1/141
f 139/1/139 142/1/142 140/1/140
f 139/1/139 143/1/143 142/1/142
f 142/1/142 143/1/143 144/1/144
f 142/1/142 145/1/145 140/1/140
f 140/1/140 145/1/145 141/1/141
f 144/1/144 146/1/146 142/1/142
f 145/1/145 142/1/142 146/1/146
f 146/1/146 144/1/144 147/1/147
f 146/1/146 147/1/147 148/1/148
f 149/1/149 146/1/146 148/1/148
f 146/1/146 149/1/149 145/1/145
f 149/1/149 148/1/148 150/1/150
f 151/1/151 141/1/141 145/1/145
f 149/1/149 151/1/151 145/1/145
f 141/1/141 151/1/151 152/1/152
f 153/1/153 149/1/149 150/1/150
f 153/1/153 151/1/151 149/1/149
f 150/1/150 154/1/154 153/1/153
f 151/1/151 155/1/155 152/1/152
f 152/1/152 155/1/155 156/1/156
f 151/1/151 157/1/157 155/1/155
f 151/1/151 153/1/153 158/1/158
f 158/1/158 157/1/157 151/1/151
f 153/1/153 154/1/154 159/1/159
f 159/1/159 158/1/158 153/1/153
f 154/1/154 160/1/160 159/1/159
f 154/1/154 161/1/161 160/1/160
f 159/1/159 162/1/162 158/1/158
f 158/1/158 162/1/162 157/1/157
f 157/1/157 162/1/162 155/1/155
f 161/1/161 163/1/163 160/1/160
f 160/1/160 163/1/163 159/1/159
f 162/1/162 159/1/159 163/1/163
f 163/1/163 161/1/161 164/1/164
f 165/1/165 163/1/163 164/1/164
f 166/1/166 163/1/163 165/1/165
f 167/1/167 166/1/166 165/1/165
f 163/1/163 166/1/166 168/1/168
f 167/1/167 168/1/168 166/1/166
f 163/1/163 168/1/168 162/1/162
f 168/1/168 167/1/167 169/1/169
f 168/1/168 170/1/170 162/1/162
f 169/1/169 170/1/170 168/1/168
f 162/1/162 170/1/170 155/1/155
f 170/1/170 169/1/169 171/1/171
f 155/1/155 170/1/170 156/1/156
f 156/1/156 170/1/170 171/1/171
f 172/1/172 173/1/173 174/1/174
f 174/1/174 173/1/173 175/1/175
f 176/1/176 172/1/172 174/1/174
f 177/1/177 176/1/176 174/1/174
f 175/1/175 177/1/177 174/1/174
f 172/1/172 176/1/176 178/1/178
f 176/1/176 177/1/177 179/1/179
f 179/1/179 178/1/178 176/1/176
f 180/1/180 172/1/172 178/1/178
f 179/1/179 177/1/177 181/1/181
f 182/1/182 173/1/173 172/1/172
f 180/1/180 182/1/182 172/1/172
f 183/1/183 175/1/175 173/1/173
f 182/1/182 183/1/183 173/1/173
f 177/1/177 175/1/175 184/1/184
f 184/1/184 181/1/181 177/1/177
f 183/1/183 185/1/185 175/1/175
f 175/1/175 185/1/185 184/1/184
f 183/1/183 182/1/182 186/1/186
f 186/1/186 185/1/185 183/1/183
f 186/1/186 182/1/182 187/1/187
f 182/1/182 180/1/180 187/1/187
f 186/1/186 188/1/188 185/1/185
f 184/1/184 185/1/185 188/1/188
f 189/1/189 186/1/186 187/1/187
f 189/1/189 188/1/188 186/1/186
f 187/1/187 180/1/180 190/1/190
f 189/1/189 187/1/187 190/1/190
f 191/1/191 184/1/184 188/1/188
f 191/1/191 181/1/181 184/1/184
f 189/1/189 192/1/192 188/1/188
f 191/1/191 188/1/188 192/1/192
f 190/1/190 193/1/193 189/1/189
f 192/1/192 189/1/189 193/1/193
f 180/1/180 194/1/194 190/1/190
f 190/1/190 194/1/194 193/1/193
f 194/1/194 180/1/180 195/1/195
f 178/1/178 195/1/195 180/1/180
f 196/1/196 193/1/193 194/1/194
f 194/1/194 195/1/195 196/1/196
f 195/1/195 178/1/178 197/1/197
f 196/1/196 195/1/195 197/1/197
f 179/1/179 197/1/197 178/1/178
f 198/1/198 193/1/193 196/1/196
f 198/1/198 196/1/196 197/1/197
f 179/1/179 199/1/199 197/1/197
f 198/1/198 197/1/197 199/1/199
f 199/1/199 179/1/179 181/1/181
f 181/1/181 191/1/191 199/1/199
f 198/1/198 199/1/199 200/1/200
f 193/1/193 198/1/198 200/1/200
f 191/1/191 200/1/200 199/1/199
f 193/1/193 200/1/200 192/1/192
f 192/1/192 200/1/200 191/1/191
f 201/1/201 202/1/202 203/1/203
f 202/1/202 204/1/204 203/1/203
f 203/1/203 205/1/205 201/1/201
f 203/1/203 206/1/206 205/1/205
f 204/1/204 206/1/206 203/1/203
f 205/1/205 206/1/206 207/1/207
f 204/1/204 208/1/208 206/1/206
f 207/1/207 209/1/209 205/1/205
f 205/1/205 209/1/209 201/1/201
f 210/1/210 207/1/207 206/1/206
f 208/1/208 210/1/210 206/1/206
f 211/1/211 209/1/209 207/1/207
f 211/1/211 207/1/207 210/1/210
f 201/1/201 209/1/209 212/1/212
f 212/1/212 209/1/209 211/1/211
f 211/1/211 210/1/210 213/1/213
f 213/1/213 210/1/210 208/1/208
f 212/1/212 211/1/211 214/1/214
f 213/1/213 214/1/214 211/1/211
f 215/1/215 201/1/201 212/1/212
f 214/1/214 216/1/216 212/1/212
f 215/1/215 212/1/212 216/1/216
f 215/1/215 217/1/217 201/1/201
f 201/1/201 217/1/217 202/1/202
f 216/1/216 218/1/218 215/1/215
f 214/1/214 219/1/219 216/1/216
f 219/1/219 218/1/218 216/1/216
f 214/1/214 213/1/213 220/1/220
f 220/1/220 219/1/219 214/1/214
f 220/1/220 213/1/213 221/1/221
f 213/1/213 208/1/208 221/1/221
f 220/1/220 222/1/222 219/1/219
f 222/1/222 220/1/220 221/1/221
f 219/1/219 223/1/223 218/1/218
f 222/1/222 223/1/223 219/1/219
f 218/1/218 224/1/224 215/1/215
f 224/1/224 218/1/218 223/1/223
f 215/1/215 224/1/224 217/1/217
f 223/1/223 222/1/222 225/1/225
f 225/1/225 224/1/224 223/1/223
f 224/1/224 225/1/225 226/1/226
f 226/1/226 225/1/225 222/1/222
f 224/1/224 226/1/226 217/1/217
f 221/1/221 227/1/227 222/1/222
f 227/1/227 226/1/226 222/1/222
f 208/1/208 227/1/227 221/1/221
f 217/1/217 226/1/226 228/1/228
f 228/1/228 226/1/226 227/1/227
f 217/1/217 228/1/228 202/1/202
f 227/1/227 208/1/208 229/1/229
f 227/1/227 229/1/229 228/1/228
f 208/1/208 204/1/204 229/1/229
f 228/1/228 204/1/204 202/1/202
f 228/1/228 229/1/229 204/1/204
f 71/1/71 230/1/230 231/1/231
f 230/1/230 232/1/232 231/1/231
f 71/1/71 231/1/231 84/1/84
f 71/1/71 69/1/69 230/1/230
f 233/1/233 232/1/232 230/1/230
f 230/1/230 69/1/69 233/1/233
f 234/1/234 232/1/232 233/1/233
f 69/1/69 65/1/65 233/1/233
f 235/1/235 233/1/233 65/1/65
f 233/1/233 235/1/235 234/1/234
f 65/1/65 63/1/63 235/1/235
f 236/1/236 234/1/234 235/1/235
f 235/1/235 63/1/63 237/1/237
f 235/1/235 237/1/237 236/1/236
f 63/1/63 59/1/59 237/1/237
f 234/1/234 236/1/236 238/1/238
f 237/1/237 59/1/59 239/1/239
f 236/1/236 237/1/237 240/1/240
f 237/1/237 239/1/239 240/1/240
f 239/1/239 59/1/59 241/1/241
f 240/1/240 239/1/239 241/1/241
f 236/1/236 242/1/242 238/1/238
f 242/1/242 243/1/243 238/1/238
f 243/1/243 242/1/242 244/1/244
f 245/1/245 242/1/242 236/1/236
f 242/1/242 245/1/245 244/1/244
f 240/1/240 245/1/245 236/1/236
f 245/1/245 246/1/246 244/1/244
f 247/1/247 246/1/246 245/1/245
f 240/1/240 247/1/247 245/1/245
f 240/1/240 248/1/248 247/1/247
f 247/1/247 248/1/248 249/1/249
f 240/1/240 241/1/241 248/1/248
f 250/1/250 249/1/249 248/1/248
f 248/1/248 251/1/251 250/1/250
f 241/1/241 251/1/251 248/1/248
f 251/1/251 252/1/252 250/1/250
f 241/1/241 253/1/253 251/1/251
f 252/1/252 251/1/251 253/1/253
f 253/1/253 241/1/241 254/1/254
f 59/1/59 254/1/254 241/1/241
f 254/1/254 59/1/59 37/1/37
f 255/1/255 252/1/252 253/1/253
f 254/1/254 255/1/255 253/1/253
f 252/1/252 255/1/255 256/1/256
f 37/1/37 38/1/38 254/1/254
f 254/1/254 38/1/38 255/1/255
f 256/1/256 255/1/255 257/1/257
f 255/1/255 38/1/38 257/1/257
f 258/1/258 256/1/256 257/1/257
f 259/1/259 258/1/258 257/1/257
f 257/1/257 38/1/38 260/1/260
f 38/1/38 30/1/30 260/1/260
f 257/1/257 261/1/261 259/1/259
f 260/1/260 261/1/261 257/1/257
f 30/1/30 262/1/262 260/1/260
f 260/1/260 262/1/262 261/1/261
f 30/1/30 29/1/29 262/1/262
f 12/1/12 262/1/262 29/1/29
f 263/1/263 261/1/261 262/1/262
f 12/1/12 263/1/263 262/1/262
f 264/1/264 259/1/259 261/1/261
f 263/1/263 264/1/264 261/1/261
f 259/1/259 264/1/264 265/1/265
f 264/1/264 266/1/266 265/1/265
f 267/1/267 266/1/266 264/1/264
f 267/1/267 264/1/264 263/1/263
f 267/1/267 268/1/268 266/1/266
f 269/1/269 263/1/263 12/1/12
f 269/1/269 267/1/267 263/1/263
f 6/1/6 269/1/269 12/1/12
f 268/1/268 267/1/267 270/1/270
f 10/1/10 269/1/269 6/1/6
f 271/1/271 268/1/268 270/1/270
f 271/1/271 272/1/272 268/1/268
f 273/1/273 270/1/270 267/1/267
f 273/1/273 267/1/267 269/1/269
f 10/1/10 273/1/273 269/1/269
f 271/1/271 270/1/270 273/1/273
f 274/1/274 272/1/272 271/1/271
f 275/1/275 273/1/273 10/1/10
f 275/1/275 271/1/271 273/1/273
f 276/1/276 274/1/274 271/1/271
f 276/1/276 271/1/271 275/1/275
f 277/1/277 274/1/274 276/1/276
f 277/1/277 278/1/278 274/1/274
f 277/1/277 279/1/279 278/1/278
f 280/1/280 279/1/279 277/1/277
f 280/1/280 277/1/277 281/1/281
f 281/1/281 277/1/277 276/1/276
f 281/1/281 276/1/276 275/1/275
f 281/1/281 275/1/275 282/1/282
f 52/1/52 281/1/281 282/1/282
f 282/1/282 275/1/275 283/1/283
f 52/1/52 282/1/282 283/1/283
f 283/1/283 275/1/275 10/1/10
f 2/1/2 52/1/52 283/1/283
f 283/1/283 10/1/10 3/1/3
f 2/1/2 283/1/283 3/1/3
f 284/1/284 285/1/285 286/1/286
f 286/1/286 287/1/287 284/1/284
f 288/1/288 285/1/285 284/1/284
f 288/1/288 284/1/284 287/1/287
f 289/1/289 285/1/285 288/1/288
f 288/1/288 290/1/290 289/1/289
f 291/1/291 285/1/285 289/1/289
f 291/1/291 289/1/289 290/1/290
f 285/1/285 292/1/292 286/1/286
f 285/1/285 291/1/291 293/1/293
f 292/1/292 285/1/285 293/1/293
f 292/1/292 294/1/294 286/1/286
f 287/1/287 286/1/286 294/1/294
f 287/1/287 295/1/295 288/1/288
f 290/1/290 288/1/288 295/1/295
f 295/1/295 287/1/287 296/1/296
f 290/1/290 295/1/295 297/1/297
f 287/1/287 298/1/298 296/1/296
f 298/1/298 287/1/287 294/1/294
f 295/1/295 296/1/296 299/1/299
f 299/1/299 296/1/296 298/1/298
f 299/1/299 297/1/297 295/1/295
f 294/1/294 300/1/300 298/1/298
f 298/1/298 300/1/300 299/1/299
f 300/1/300 294/1/294 301/1/301
f 294/1/294 292/1/292 301/1/301
f 302/1/302 290/1/290 297/1/297
f 299/1/299 302/1/302 297/1/297
f 303/1/303 290/1/290 302/1/302
f 290/1/290 303/1/303 291/1/291
f 302/1/302 299/1/299 304/1/304
f 300/1/300 304/1/304 299/1/299
f 303/1/303 302/1/302 305/1/305
f 302/1/302 304/1/304 305/1/305
f 306/1/306 291/1/291 303/1/303
f 293/1/293 291/1/291 306/1/306
f 303/1/303 305/1/305 307/1/307
f 307/1/307 306/1/306 303/1/303
f 308/1/308 305/1/305 304/1/304
f 305/1/305 308/1/308 307/1/307
f 304/1/304 300/1/300 309/1/309
f 304/1/304 309/1/309 308/1/308
f 300/1/300 301/1/301 309/1/309
f 310/1/310 308/1/308 309/1/309
f 310/1/310 307/1/307 308/1/308
f 309/1/309 301/1/301 310/1/310
f 311/1/311 306/1/306 307/1/307
f 311/1/311 307/1/307 310/1/310
f 293/1/293 306/1/306 311/1/311
f 310/1/310 301/1/301 312/1/312
f 312/1/312 311/1/311 310/1/310
f 312/1/312 293/1/293 311/1/311
f 301/1/301 292/1/292 312/1/312
f 312/1/312 292/1/292 293/1/293
f 313/1/313 314/1/314 315/1/315
f 316/1/316 313/1/313 315/1/315
f 316/1/316 317/1/317 313/1/313
f 315/1/315 318/1/318 316/1/316
f 319/1/319 313/1/313 317/1/317
f 313/1/313 319/1/319 314/1/314
f 320/1/320 317/1/317 316/1/316
f 316/1/316 318/1/318 320/1/320
f 318/1/318 315/1/315 321/1/321
f 314/1/314 321/1/321 315/1/315
f 322/1/322 320/1/320 318/1/318
f 321/1/321 314/1/314 323/1/323
f 318/1/318 324/1/324 322/1/322
f 321/1/321 324/1/324 318/1/318
f 325/1/325 320/1/320 322/1/322
f 324/1/324 321/1/321 326/1/326
f 321/1/321 323/1/323 326/1/326
f 324/1/324 327/1/327 322/1/322
f 327/1/327 325/1/325 322/1/322
f 324/1/324 326/1/326 328/1/328
f 327/1/327 324/1/324 328/1/328
f 329/1/329 328/1/328 326/1/326
f 326/1/326 323/1/323 329/1/329
f 330/1/330 327/1/327 328/1/328
f 328/1/328 329/1/329 330/1/330
f 331/1/331 329/1/329 323/1/323
f 331/1/331 330/1/330 329/1/329
f 327/1/327 330/1/330 332/1/332
f 323/1/323 333/1/333 331/1/331
f 332/1/332 334/1/334 327/1/327
f 325/1/325 327/1/327 334/1/334
f 330/1/330 335/1/335 332/1/332
f 335/1/335 334/1/334 332/1/332
f 330/1/330 331/1/331 336/1/336
f 335/1/335 330/1/330 336/1/336
f 333/1/333 336/1/336 331/1/331
f 334/1/334 335/1/335 337/1/337
f 337/1/337 325/1/325 334/1/334
f 338/1/338 335/1/335 336/1/336
f 338/1/338 337/1/337 335/1/335
f 333/1/333 338/1/338 336/1/336
f 325/1/325 337/1/337 339/1/339
f 338/1/338 339/1/339 337/1/337
f 333/1/333 340/1/340 338/1/338
f 338/1/338 340/1/340 339/1/339
f 323/1/323 341/1/341 333/1/333
f 333/1/333 341/1/341 340/1/340
f 314/1/314 341/1/341 323/1/323
f 339/1/339 342/1/342 325/1/325
f 320/1/320 325/1/325 342/1/342
f 342/1/342 317/1/317 320/1/320
f 342/1/342 339/1/339 343/1/343
f 343/1/343 339/1/339 340/1/340
f 342/1/342 344/1/344 317/1/317
f 344/1/344 342/1/342 343/1/343
f 319/1/319 317/1/317 344/1/344
f 340/1/340 345/1/345 343/1/343
f 345/1/345 344/1/344 343/1/343
f 341/1/341 345/1/345 340/1/340
f 344/1/344 346/1/346 319/1/319
f 344/1/344 345/1/345 346/1/346
f 341/1/341 347/1/347 345/1/345
f 347/1/347 346/1/346 345/1/345
f 314/1/314 347/1/347 341/1/341
f 347/1/347 319/1/319 346/1/346
f 319/1/319 347/1/347 314/1/314
f 348/1/348 349/1/349 350/1/350
f 351/1/351 350/1/350 349/1/349
f 352/1/352 350/1/350 351/1/351
f 349/1/349 353/1/353 351/1/351
f 350/1/350 352/1/352 354/1/354
f 354/1/354 348/1/348 350/1/350
f 352/1/352 355/1/355 354/1/354
f 353/1/353 349/1/349 356/1/356
f 356/1/356 357/1/357 353/1/353
f 357/1/357 356/1/356 358/1/358
f 349/1/349 359/1/359 356/1/356
f 359/1/359 349/1/349 348/1/348
f 358/1/358 356/1/356 360/1/360
f 358/1/358 360/1/360 361/1/361
f 362/1/362 356/1/356 359/1/359
f 356/1/356 362/1/362 360/1/360
f 348/1/348 363/1/363 359/1/359
f 359/1/359 363/1/363 362/1/362
f 361/1/361 360/1/360 364/1/364
f 361/1/361 364/1/364 365/1/365
f 366/1/366 360/1/360 362/1/362
f 360/1/360 366/1/366 364/1/364
f 362/1/362 363/1/363 366/1/366
f 365/1/365 364/1/364 367/1/367
f 366/1/366 367/1/367 364/1/364
f 365/1/365 367/1/367 368/1/368
f 366/1/366 363/1/363 369/1/369
f 369/1/369 367/1/367 366/1/366
f 367/1/367 369/1/369 370/1/370
f 368/1/368 367/1/367 370/1/370
f 371/1/371 368/1/368 370/1/370
f 370/1/370 369/1/369 371/1/371
f 368/1/368 371/1/371 372/1/372
f 371/1/371 373/1/373 372/1/372
f 371/1/371 374/1/374 373/1/373
f 374/1/374 371/1/371 355/1/355
f 369/1/369 363/1/363 375/1/375
f 371/1/371 369/1/369 375/1/375
f 375/1/375 363/1/363 376/1/376
f 376/1/376 363/1/363 348/1/348
f 348/1/348 354/1/354 376/1/376
f 377/1/377 375/1/375 376/1/376
f 377/1/377 371/1/371 375/1/375
f 377/1/377 376/1/376 354/1/354
f 355/1/355 371/1/371 377/1/377
f 355/1/355 377/1/377 354/1/354
f 378/1/378 379/1/379 380/1/380
f 381/1/381 379/1/379 378/1/378
f 380/1/380 382/1/382 378/1/378
f 381/1/381 378/1/378 382/1/382
f 382/1/382 380/1/380 383/1/383
f 384/1/384 381/1/381 382/1/382
f 382/1/382 383/1/383 384/1/384
f 383/1/383 385/1/385 384/1/384
f 381/1/381 384/1/384 386/1/386
f 387/1/387 384/1/384 385/1/385
f 386/1/386 384/1/384 387/1/387
f 385/1/385 388/1/388 387/1/387
f 388/1/388 385/1/385 383/1/383
f 387/1/387 389/1/389 386/1/386
f 383/1/383 390/1/390 388/1/388
f 390/1/390 383/1/383 380/1/380
f 391/1/391 387/1/387 388/1/388
f 389/1/389 387/1/387 391/1/391
f 388/1/388 390/1/390 392/1/392
f 391/1/391 388/1/388 392/1/392
f 390/1/390 380/1/380 393/1/393
f 393/1/393 380/1/380 379/1/379
f 392/1/392 390/1/390 394/1/394
f 393/1/393 394/1/394 390/1/390
f 391/1/391 392/1/392 395/1/395
f 395/1/395 392/1/392 394/1/394
f 389/1/389 391/1/391 396/1/396
f 396/1/396 391/1/391 395/1/395
f 394/1/394 393/1/393 397/1/397
f 397/1/397 395/1/395 394/1/394
f 395/1/395 398/1/398 396/1/396
f 397/1/397 398/1/398 395/1/395
f 399/1/399 389/1/389 396/1/396
f 398/1/398 399/1/399 396/1/396
f 398/1/398 397/1/397 400/1/400
f 400/1/400 399/1/399 398/1/398
f 397/1/397 393/1/393 401/1/401
f 401/1/401 400/1/400 397/1/397
f 393/1/393 379/1/379 401/1/401
f 401/1/401 402/1/402 400/1/400
f 400/1/400 402/1/402 399/1/399
f 379/1/379 402/1/402 401/1/401
f 402/1/402 379/1/379 403/1/403
f 379/1/379 381/1/381 403/1/403
f 404/1/404 399/1/399 402/1/402
f 404/1/404 402/1/402 403/1/403
f 381/1/381 404/1/404 403/1/403
f 399/1/399 404/1/404 389/1/389
f 404/1/404 381/1/381 386/1/386
f 386/1/386 389/1/389 404/1/404
f 405/1/405 406/1/406 407/1/407
f 406/1/406 408/1/408 407/1/407
f 405/1/405 409/1/409 406/1/406
f 410/1/410 409/1/409 405/1/405
f 408/1/408 406/1/406 411/1/411
f 412/1/412 409/1/409 410/1/410
f 411/1/411 413/1/413 408/1/408
f 408/1/408 413/1/413 414/1/414
f 411/1/411 406/1/406 415/1/415
f 415/1/415 413/1/413 411/1/411
f 409/1/409 416/1/416 406/1/406
f 415/1/415 406/1/406 416/1/416
f 417/1/417 409/1/409 412/1/412
f 416/1/416 409/1/409 417/1/417
f 416/1/416 418/1/418 415/1/415
f 417/1/417 418/1/418 416/1/416
f 415/1/415 419/1/419 413/1/413
f 415/1/415 418/1/418 419/1/419
f 414/1/414 413/1/413 420/1/420
f 413/1/413 419/1/419 420/1/420
f 421/1/421 414/1/414 420/1/420
f 420/1/420 422/1/422 421/1/421
f 420/1/420 419/1/419 422/1/422
f 423/1/423 421/1/421 422/1/422
f 422/1/422 424/1/424 423/1/423
f 424/1/424 422/1/422 419/1/419
f 424/1/424 425/1/425 423/1/423
f 426/1/426 424/1/424 419/1/419
f 419/1/419 418/1/418 426/1/426
f 427/1/427 425/1/425 424/1/424
f 426/1/426 427/1/427 424/1/424
f 427/1/427 428/1/428 425/1/425
f 426/1/426 418/1/418 429/1/429
f 427/1/427 426/1/426 429/1/429
f 430/1/430 428/1/428 427/1/427
f 427/1/427 429/1/429 430/1/430
f 428/1/428 430/1/430 431/1/431
f 429/1/429 418/1/418 432/1/432
f 432/1/432 430/1/430 429/1/429
f 433/1/433 431/1/431 430/1/430
f 430/1/430 432/1/432 433/1/433
f 431/1/431 433/1/433 434/1/434
f 432/1/432 418/1/418 435/1/435
f 435/1/435 433/1/433 432/1/432
f 435/1/435 418/1/418 417/1/417
f 435/1/435 417/1/417 412/1/412
f 436/1/436 433/1/433 435/1/435
f 434/1/434 433/1/433 436/1/436
f 412/1/412 436/1/436 435/1/435
f 436/1/436 437/1/437 434/1/434
f 410/1/410 436/1/436 412/1/412
f 436/1/436 410/1/410 437/1/437
f 438/1/438 439/1/439 440/1/440
f 441/1/441 440/1/440 439/1/439
f 440/1/440 442/1/442 438/1/438
f 440/1/440 441/1/441 443/1/443
f 444/1/444 443/1/443 441/1/441
f 444/1/444 441/1/441 445/1/445
f 440/1/440 443/1/443 446/1/446
f 444/1/444 446/1/446 443/1/443
f 447/1/447 442/1/442 440/1/440
f 448/1/448 444/1/444 445/1/445
f 445/1/445 449/1/449 448/1/448
f 444/1/444 450/1/450 446/1/446
f 450/1/450 444/1/444 448/1/448
f 451/1/451 448/1/448 449/1/449
f 448/1/448 451/1/451 450/1/450
f 449/1/449 452/1/452 451/1/451
f 450/1/450 451/1/451 452/1/452
f 452/1/452 449/1/449 453/1/453
f 453/1/453 454/1/454 452/1/452
f 454/1/454 455/1/455 452/1/452
f 456/1/456 455/1/455 454/1/454
f 452/1/452 457/1/457 450/1/450
f 455/1/455 457/1/457 452/1/452
f 450/1/450 457/1/457 458/1/458
f 446/1/446 450/1/450 458/1/458
f 457/1/457 455/1/455 459/1/459
f 457/1/457 459/1/459 458/1/458
f 456/1/456 460/1/460 455/1/455
f 455/1/455 460/1/460 459/1/459
f 461/1/461 460/1/460 456/1/456
f 462/1/462 459/1/459 460/1/460
f 459/1/459 462/1/462 458/1/458
f 461/1/461 463/1/463 460/1/460
f 460/1/460 463/1/463 462/1/462
f 464/1/464 463/1/463 461/1/461
f 465/1/465 446/1/446 458/1/458
f 446/1/446 465/1/465 440/1/440
f 465/1/465 447/1/447 440/1/440
f 466/1/466 465/1/465 458/1/458
f 447/1/447 465/1/465 466/1/466
f 462/1/462 467/1/467 458/1/458
f 467/1/467 462/1/462 463/1/463
f 467/1/467 466/1/466 458/1/458
f 464/1/464 468/1/468 463/1/463
f 463/1/463 468/1/468 467/1/467
f 469/1/469 468/1/468 464/1/464
f 470/1/470 468/1/468 469/1/469
f 447/1/447 466/1/466 471/1/471
f 466/1/466 467/1/467 471/1/471
f 467/1/467 468/1/468 471/1/471
f 468/1/468 470/1/470 471/1/471
f 471/1/471 442/1/442 447/1/447
f 442/1/442 471/1/471 470/1/470
f 472/1/472 473/1/473 474/1/474
f 475/1/475 474/1/474 473/1/473
f 476/1/476 473/1/473 472/1/472
f 477/1/477 475/1/475 473/1/473
f 473/1/473 476/1/476 477/1/477
f 478/1/478 475/1/475 477/1/477
f 475/1/475 478/1/478 479/1/479
f 474/1/474 475/1/475 480/1/480
f 475/1/475 479/1/479 480/1/480
f 478/1/478 481/1/481 479/1/479
f 477/1/477 482/1/482 478/1/478
f 481/1/481 478/1/478 482/1/482
f 477/1/477 483/1/483 482/1/482
f 483/1/483 477/1/477 476/1/476
f 482/1/482 483/1/483 484/1/484
f 482/1/482 484/1/484 481/1/481
f 476/1/476 485/1/485 483/1/483
f 484/1/484 483/1/483 485/1/485
f 485/1/485 476/1/476 486/1/486
f 472/1/472 486/1/486 476/1/476
f 487/1/487 484/1/484 485/1/485
f 487/1/487 485/1/485 486/1/486
f 484/1/484 488/1/488 481/1/481
f 484/1/484 487/1/487 488/1/488
f 481/1/481 488/1/488 489/1/489
f 489/1/489 488/1/488 487/1/487
f 490/1/490 486/1/486 472/1/472
f 487/1/487 486/1/486 490/1/490
f 490/1/490 472/1/472 491/1/491
f 491/1/491 472/1/472 474/1/474
f 492/1/492 487/1/487 490/1/490
f 492/1/492 490/1/490 491/1/491
f 489/1/489 487/1/487 493/1/493
f 487/1/487 492/1/492 493/1/493
f 494/1/494 489/1/489 493/1/493
f 491/1/491 474/1/474 495/1/495
f 474/1/474 480/1/480 495/1/495
f 492/1/492 491/1/491 496/1/496
f 496/1/496 491/1/491 495/1/495
f 493/1/493 492/1/492 497/1/497
f 496/1/496 497/1/497 492/1/492
f 497/1/497 494/1/494 493/1/493
f 496/1/496 495/1/495 498/1/498
f 497/1/497 496/1/496 498/1/498
f 498/1/498 495/1/495 499/1/499
f 497/1/497 498/1/498 499/1/499
f 495/1/495 480/1/480 499/1/499
f 499/1/499 480/1/480 500/1/500
f 499/1/499 500/1/500 497/1/497
f 479/1/479 500/1/500 480/1/480
f 497/1/497 501/1/501 494/1/494
f 501/1/501 497/1/497 500/1/500
f 501/1/501 500/1/500 479/1/479
f 501/1/501 489/1/489 494/1/494
f 481/1/481 501/1/501 479/1/479
f 501/1/501 481/1/481 489/1/489
f 502/1/502 503/1/503 504/1/504
f 505/1/505 502/1/502 504/1/504
f 503/1/503 506/1/506 504/1/504
f 506/1/506 505/1/505 504/1/504
f 502/1/502 507/1/507 503/1/503
f 503/1/503 508/1/508 506/1/506
f 505/1/505 509/1/509 502/1/502
f 509/1/509 507/1/507 502/1/502
f 507/1/507 510/1/510 503/1/503
f 511/1/511 509/1/509 505/1/505
f 509/1/509 511/1/511 512/1/512
f 513/1/513 507/1/507 509/1/509
f 509/1/509 512/1/512 513/1/513
f 514/1/514 510/1/510 507/1/507
f 514/1/514 507/1/507 513/1/513
f 515/1/515 503/1/503 510/1/510
f 515/1/515 510/1/510 514/1/514
f 503/1/503 515/1/515 508/1/508
f 516/1/516 512/1/512 511/1/511
f 516/1/516 513/1/513 512/1/512
f 514/1/514 513/1/513 517/1/517
f 513/1/513 516/1/516 517/1/517
f 517/1/517 518/1/518 514/1/514
f 516/1/516 518/1/518 517/1/517
f 514/1/514 519/1/519 515/1/515
f 518/1/518 519/1/519 514/1/514
f 520/1/520 515/1/515 519/1/519
f 508/1/508 515/1/515 520/1/520
f 519/1/519 518/1/518 521/1/521
f 518/1/518 516/1/516 522/1/522
f 518/1/518 522/1/522 521/1/521
f 511/1/511 523/1/523 516/1/516
f 522/1/522 516/1/516 523/1/523
f 505/1/505 523/1/523 511/1/511
f 521/1/521 524/1/524 519/1/519
f 520/1/520 519/1/519 524/1/524
f 525/1/525 521/1/521 522/1/522
f 525/1/525 524/1/524 521/1/521
f 522/1/522 523/1/523 526/1/526
f 522/1/522 526/1/526 525/1/525
f 523/1/523 505/1/505 527/1/527
f 523/1/523 527/1/527 526/1/526
f 505/1/505 506/1/506 527/1/527
f 524/1/524 528/1/528 520/1/520
f 508/1/508 520/1/520 528/1/528
f 529/1/529 524/1/524 525/1/525
f 525/1/525 526/1/526 529/1/529
f 528/1/528 524/1/524 529/1/529
f 526/1/526 527/1/527 530/1/530
f 526/1/526 530/1/530 529/1/529
f 530/1/530 527/1/527 531/1/531
f 529/1/529 530/1/530 531/1/531
f 527/1/527 506/1/506 531/1/531
f 529/1/529 531/1/531 528/1/528
f 531/1/531 506/1/506 508/1/508
f 531/1/531 508/1/508 528/1/528
f 532/1/532 533/1/533 534/1/534
f 535/1/535 533/1/533 532/1/532
f 534/1/534 536/1/536 532/1/532
f 535/1/535 532/1/532 536/1/536
f 533/1/533 535/1/535 537/1/537
f 535/1/535 538/1/538 537/1/537
f 539/1/539 533/1/533 537/1/537
f 538/1/538 539/1/539 537/1/537
f 533/1/533 539/1/539 540/1/540
f 540/1/540 534/1/534 533/1/533
f 535/1/535 536/1/536 541/1/541
f 541/1/541 538/1/538 535/1/535
f 542/1/542 538/1/538 541/1/541
f 541/1/541 536/1/536 543/1/543
f 544/1/544 542/1/542 541/1/541
f 541/1/541 543/1/543 544/1/544
f 542/1/542 545/1/545 538/1/538
f 544/1/544 545/1/545 542/1/542
f 544/1/544 543/1/543 546/1/546
f 543/1/543 536/1/536 547/1/547
f 547/1/547 546/1/546 543/1/543
f 536/1/536 534/1/534 547/1/547
f 546/1/546 548/1/548 544/1/544
f 548/1/548 546/1/546 547/1/547
f 549/1/549 547/1/547 534/1/534
f 547/1/547 549/1/549 548/1/548
f 549/1/549 534/1/534 550/1/550
f 534/1/534 540/1/540 550/1/550
f 551/1/551 548/1/548 549/1/549
f 551/1/551 549/1/549 550/1/550
f 548/1/548 552/1/552 544/1/544
f 545/1/545 544/1/544 552/1/552
f 551/1/551 553/1/553 548/1/548
f 552/1/552 548/1/548 553/1/553
f 550/1/550 554/1/554 551/1/551
f 554/1/554 550/1/550 540/1/540
f 555/1/555 553/1/553 551/1/551
f 554/1/554 555/1/555 551/1/551
f 553/1/553 556/1/556 552/1/552
f 556/1/556 545/1/545 552/1/552
f 555/1/555 556/1/556 553/1/553
f 540/1/540 557/1/557 554/1/554
f 557/1/557 555/1/555 554/1/554
f 540/1/540 539/1/539 557/1/557
f 555/1/555 558/1/558 556/1/556
f 556/1/556 558/1/558 545/1/545
f 557/1/557 558/1/558 555/1/555
f 559/1/559 545/1/545 558/1/558
f 557/1/557 559/1/559 558/1/558
f 557/1/557 539/1/539 559/1/559
f 559/1/559 538/1/538 545/1/545
f 538/1/538 559/1/559 539/1/539
f 560/1/560 561/1/560 562/1/560
f 562/1/560 561/1/560 563/1/560
f 560/1/560 564/1/560 561/1/560
f 565/1/560 564/1/560 560/1/560
f 566/1/560 565/1/560 560/1/560
f 560/1/560 567/1/560 566/1/560
f 567/1/560 560/1/560 562/1/560
f 562/1/560 568/1/560 567/1/560
f 569/1/561 570/1/562 571/1/563
f 571/1/563 570/1/562 572/1/564
f 570/1/562 573/1/565 572/1/564
f 571/1/563 572/1/564 574/1/566
f 569/1/561 575/1/567 570/1/562
f 573/1/565 570/1/562 575/1/567
f 571/1/563 576/1/568 569/1/561
f 576/1/568 571/1/563 574/1/566
f 577/1/569 574/1/566 572/1/564
f 572/1/564 573/1/565 577/1/569
f 577/1/569 578/1/570 574/1/566
f 579/1/571 574/1/566 578/1/570
f 579/1/571 576/1/568 574/1/566
f 578/1/570 577/1/569 580/1/572
f 576/1/568 579/1/571 581/1/573
f 582/1/574 579/1/571 578/1/570
f 579/1/571 582/1/574 581/1/573
f 578/1/570 580/1/572 582/1/574
f 577/1/569 583/1/575 580/1/572
f 573/1/565 583/1/575 577/1/569
f 580/1/572 584/1/576 582/1/574
f 584/1/576 580/1/572 583/1/575
f 585/1/577 581/1/573 582/1/574
f 585/1/577 576/1/568 581/1/573
f 586/1/578 582/1/574 584/1/576
f 585/1/577 582/1/574 586/1/578
f 584/1/576 583/1/575 587/1/579
f 587/1/579 583/1/575 573/1/565
f 576/1/568 585/1/577 588/1/580
f 589/1/581 584/1/576 587/1/579
f 584/1/576 589/1/581 586/1/578
f 588/1/580 569/1/561 576/1/568
f 573/1/565 590/1/582 587/1/579
f 590/1/582 573/1/565 575/1/567
f 587/1/579 591/1/583 589/1/581
f 591/1/583 587/1/579 590/1/582
f 591/1/583 592/1/584 589/1/581
f 592/1/584 586/1/578 589/1/581
f 575/1/567 569/1/561 593/1/585
f 588/1/580 593/1/585 569/1/561
f 594/1/586 590/1/582 575/1/567
f 593/1/585 594/1/586 575/1/567
f 595/1/587 591/1/583 590/1/582
f 594/1/586 595/1/587 590/1/582
f 596/1/588 594/1/586 593/1/585
f 596/1/588 595/1/587 594/1/586
f 588/1/580 596/1/588 593/1/585
f 597/1/589 591/1/583 595/1/587
f 597/1/589 595/1/587 596/1/588
f 596/1/588 588/1/580 597/1/589
f 591/1/583 597/1/589 592/1/584
f 597/1/589 588/1/580 598/1/590
f 592/1/584 597/1/589 598/1/590
f 586/1/578 592/1/584 598/1/590
f 598/1/590 588/1/580 585/1/577
f 585/1/577 586/1/578 598/1/590
f 599/1/591 600/1/592 601/1/593
f 600/1/592 602/1/594 601/1/593
f 601/1/593 603/1/595 599/1/591
f 601/1/593 604/1/596 603/1/595
f 602/1/594 604/1/596 601/1/593
f 603/1/595 604/1/596 605/1/597
f 602/1/594 606/1/598 604/1/596
f 605/1/597 607/1/599 603/1/595
f 603/1/595 607/1/599 599/1/591
f 608/1/600 605/1/597 604/1/596
f 606/1/598 608/1/600 604/1/596
f 609/1/601 607/1/599 605/1/597
f 608/1/600 609/1/601 605/1/597
f 610/1/602 599/1/591 607/1/599
f 607/1/599 609/1/601 610/1/602
f 608/1/600 611/1/603 609/1/601
f 611/1/603 608/1/600 606/1/598
f 612/1/604 610/1/602 609/1/601
f 611/1/603 612/1/604 609/1/601
f 613/1/605 599/1/591 610/1/602
f 610/1/602 612/1/604 614/1/606
f 613/1/605 610/1/602 614/1/606
f 613/1/605 615/1/607 599/1/591
f 599/1/591 615/1/607 600/1/592
f 614/1/606 616/1/608 613/1/605
f 612/1/604 617/1/609 614/1/606
f 617/1/609 616/1/608 614/1/606
f 612/1/604 611/1/603 618/1/610
f 618/1/610 617/1/609 612/1/604
f 618/1/610 611/1/603 619/1/611
f 606/1/598 619/1/611 611/1/603
f 618/1/610 620/1/612 617/1/609
f 619/1/611 620/1/612 618/1/610
f 617/1/609 621/1/613 616/1/608
f 620/1/612 621/1/613 617/1/609
f 616/1/608 622/1/614 613/1/605
f 622/1/614 616/1/608 621/1/613
f 613/1/605 622/1/614 615/1/607
f 623/1/615 622/1/614 621/1/613
f 621/1/613 620/1/612 624/1/616
f 624/1/616 623/1/615 621/1/613
f 620/1/612 619/1/611 624/1/616
f 622/1/614 623/1/615 625/1/617
f 622/1/614 625/1/617 615/1/607
f 624/1/616 625/1/617 623/1/615
f 619/1/611 626/1/618 624/1/616
f 624/1/616 626/1/618 625/1/617
f 606/1/598 626/1/618 619/1/611
f 615/1/607 625/1/617 627/1/619
f 626/1/618 627/1/619 625/1/617
f 615/1/607 627/1/619 600/1/592
f 626/1/618 606/1/598 628/1/620
f 626/1/618 628/1/620 627/1/619
f 606/1/598 602/1/594 628/1/620
f 627/1/619 602/1/594 600/1/592
f 627/1/619 628/1/620 602/1/594
f 629/1/621 630/1/622 631/1/623
f 631/1/623 632/1/624 629/1/621
f 632/1/624 633/1/625 629/1/621
f 629/1/621 633/1/625 634/1/626
f 632/1/624 635/1/627 633/1/625
f 635/1/627 632/1/624 636/1/628
f 637/1/629 633/1/625 635/1/627
f 633/1/625 637/1/629 638/1/630
f 633/1/625 638/1/630 634/1/626
f 639/1/631 634/1/626 638/1/630
f 634/1/626 639/1/631 640/1/632
f 641/1/633 634/1/626 640/1/632
f 641/1/633 640/1/632 642/1/634
f 643/1/635 641/1/633 642/1/634
f 643/1/635 642/1/634 644/1/636
f 645/1/637 643/1/635 644/1/636
f 644/1/636 646/1/638 645/1/637
f 647/1/639 645/1/637 646/1/638
f 648/1/640 647/1/639 646/1/638
f 648/1/640 649/1/641 647/1/639
f 650/1/642 649/1/641 648/1/640
f 650/1/642 651/1/643 649/1/641
f 652/1/644 651/1/643 650/1/642
f 652/1/644 653/1/645 651/1/643
f 652/1/644 654/1/646 653/1/645
f 655/1/647 654/1/646 652/1/644
f 655/1/647 652/1/644 656/1/648
f 657/1/649 655/1/647 656/1/648
f 657/1/649 656/1/648 658/1/650
f 659/1/651 657/1/649 658/1/650
f 659/1/651 658/1/650 660/1/652
f 660/1/652 661/1/653 659/1/651
f 660/1/652 662/1/654 661/1/653
f 663/1/655 661/1/653 662/1/654
f 664/1/656 663/1/655 662/1/654
f 664/1/656 662/1/654 665/1/657
f 664/1/656 665/1/657 666/1/658
f 665/1/657 667/1/659 666/1/658
f 668/1/660 666/1/658 667/1/659
f 668/1/660 667/1/659 669/1/661
f 669/1/661 667/1/659 670/1/662
f 669/1/661 670/1/662 671/1/663
f 670/1/662 672/1/664 671/1/663
f 672/1/664 673/1/665 671/1/663
f 674/1/666 673/1/665 672/1/664
f 673/1/665 674/1/666 675/1/667
f 675/1/667 674/1/666 676/1/668
f 676/1/668 677/1/669 675/1/667
f 677/1/669 676/1/668 678/1/670
f 677/1/669 678/1/670 679/1/671
f 676/1/668 680/1/672 678/1/670
f 679/1/671 678/1/670 680/1/672
f 681/1/673 679/1/671 680/1/672
f 682/1/674 681/1/673 680/1/672
f 683/1/675 681/1/673 682/1/674
f 684/1/676 683/1/675 682/1/674
f 683/1/675 684/1/676 685/1/677
f 684/1/676 686/1/678 685/1/677
f 686/1/678 687/1/679 688/1/680
f 689/1/681 687/1/679 686/1/678
f 686/1/678 690/1/682 689/1/681
f 684/1/676 691/1/683 686/1/678
f 692/1/684 691/1/683 684/1/676
f 686/1/678 693/1/685 690/1/682
f 693/1/685 686/1/678 691/1/683
f 694/1/686 690/1/682 693/1/685
f 692/1/684 695/1/687 691/1/683
f 693/1/685 691/1/683 695/1/687
f 696/1/688 695/1/687 692/1/684
f 696/1/688 697/1/689 695/1/687
f 698/1/690 693/1/685 695/1/687
f 694/1/686 693/1/685 698/1/690
f 695/1/687 697/1/689 698/1/690
f 699/1/691 694/1/686 698/1/690
f 698/1/690 697/1/689 700/1/692
f 699/1/691 698/1/690 700/1/692
f 701/1/693 700/1/692 697/1/689
f 699/1/691 700/1/692 702/1/694
f 702/1/694 700/1/692 701/1/693
f 702/1/694 701/1/693 703/1/695
f 699/1/691 702/1/694 704/1/696
f 705/1/697 702/1/694 703/1/695
f 706/1/698 705/1/697 703/1/695
f 707/1/699 702/1/694 705/1/697
f 704/1/696 702/1/694 707/1/699
f 708/1/700 705/1/697 706/1/698
f 708/1/700 706/1/698 709/1/701
f 710/1/702 707/1/699 705/1/697
f 710/1/702 704/1/696 707/1/699
f 710/1/702 705/1/697 708/1/700
f 711/1/703 708/1/700 709/1/701
f 711/1/703 712/1/704 708/1/700
f 712/1/704 711/1/703 713/1/705
f 714/1/706 708/1/700 712/1/704
f 708/1/700 714/1/706 710/1/702
f 710/1/702 714/1/706 715/1/707
f 704/1/696 710/1/702 715/1/707
f 716/1/708 715/1/707 714/1/706
f 717/1/709 704/1/696 715/1/707
f 704/1/696 717/1/709 718/1/710
f 717/1/709 715/1/707 719/1/711
f 719/1/711 715/1/707 720/1/712
f 715/1/707 716/1/708 720/1/712
f 720/1/712 716/1/708 721/1/713
f 722/1/714 723/1/715 724/1/716
f 723/1/715 725/1/717 724/1/716
f 724/1/716 726/1/718 722/1/714
f 724/1/716 727/1/719 726/1/718
f 725/1/717 727/1/719 724/1/716
f 726/1/718 728/1/720 722/1/714
f 725/1/717 729/1/721 727/1/719
f 730/1/722 728/1/720 726/1/718
f 726/1/718 727/1/719 730/1/722
f 722/1/714 728/1/720 731/1/723
f 730/1/722 731/1/723 728/1/720
f 727/1/719 732/1/724 730/1/722
f 729/1/721 732/1/724 727/1/719
f 731/1/723 730/1/722 733/1/725
f 733/1/725 730/1/722 732/1/724
f 734/1/726 722/1/714 731/1/723
f 733/1/725 732/1/724 735/1/727
f 735/1/727 732/1/724 729/1/721
f 733/1/725 736/1/728 731/1/723
f 736/1/728 734/1/726 731/1/723
f 735/1/727 737/1/729 733/1/725
f 737/1/729 736/1/728 733/1/725
f 734/1/726 738/1/730 722/1/714
f 722/1/714 738/1/730 723/1/715
f 736/1/728 739/1/731 734/1/726
f 737/1/729 740/1/732 736/1/728
f 739/1/731 736/1/728 740/1/732
f 737/1/729 735/1/727 741/1/733
f 741/1/733 740/1/732 737/1/729
f 741/1/733 735/1/727 742/1/734
f 735/1/727 729/1/721 742/1/734
f 741/1/733 743/1/735 740/1/732
f 743/1/735 741/1/733 742/1/734
f 740/1/732 744/1/736 739/1/731
f 743/1/735 744/1/736 740/1/732
f 739/1/731 745/1/737 734/1/726
f 745/1/737 739/1/731 744/1/736
f 734/1/726 745/1/737 738/1/730
f 744/1/736 743/1/735 746/1/738
f 746/1/738 745/1/737 744/1/736
f 745/1/737 746/1/738 747/1/739
f 747/1/739 746/1/738 743/1/735
f 745/1/737 747/1/739 738/1/730
f 742/1/734 748/1/740 743/1/735
f 748/1/740 747/1/739 743/1/735
f 729/1/721 748/1/740 742/1/734
f 738/1/730 747/1/739 749/1/741
f 749/1/741 747/1/739 748/1/740
f 738/1/730 749/1/741 723/1/715
f 748/1/740 729/1/721 750/1/742
f 748/1/740 750/1/742 749/1/741
f 750/1/742 729/1/721 725/1/717
f 749/1/741 725/1/717 723/1/715
f 749/1/741 750/1/742 725/1/717
f 751/1/743 752/1/744 753/1/745
f 754/1/746 751/1/743 753/1/745
f 753/1/745 755/1/747 754/1/746
f 754/1/746 756/1/748 751/1/743
f 757/1/749 756/1/748 754/1/746
f 754/1/746 755/1/747 757/1/749
f 751/1/743 756/1/748 758/1/750
f 751/1/743 758/1/750 752/1/744
f 758/1/750 756/1/748 759/1/751
f 756/1/748 757/1/749 759/1/751
f 752/1/744 758/1/750 760/1/752
f 759/1/751 761/1/753 758/1/750
f 760/1/752 758/1/750 761/1/753
f 762/1/754 759/1/751 757/1/749
f 761/1/753 759/1/751 763/1/755
f 763/1/755 759/1/751 762/1/754
f 764/1/756 761/1/753 763/1/755
f 760/1/752 761/1/753 764/1/756
f 763/1/755 762/1/754 765/1/757
f 764/1/756 763/1/755 765/1/757
f 757/1/749 766/1/758 762/1/754
f 762/1/754 766/1/758 765/1/757
f 767/1/759 760/1/752 764/1/756
f 752/1/744 760/1/752 767/1/759
f 765/1/757 768/1/760 764/1/756
f 768/1/760 767/1/759 764/1/756
f 769/1/761 752/1/744 767/1/759
f 769/1/761 753/1/745 752/1/744
f 767/1/759 768/1/760 770/1/762
f 769/1/761 767/1/759 770/1/762
f 753/1/745 769/1/761 771/1/763
f 755/1/747 753/1/745 771/1/763
f 769/1/761 770/1/762 772/1/764
f 768/1/760 772/1/764 770/1/762
f 771/1/763 769/1/761 773/1/765
f 755/1/747 771/1/763 773/1/765
f 769/1/761 772/1/764 774/1/766
f 773/1/765 769/1/761 774/1/766
f 772/1/764 768/1/760 775/1/767
f 772/1/764 775/1/767 774/1/766
f 768/1/760 776/1/768 775/1/767
f 774/1/766 775/1/767 776/1/768
f 776/1/768 768/1/760 777/1/769
f 768/1/760 765/1/757 777/1/769
f 774/1/766 776/1/768 778/1/770
f 777/1/769 778/1/770 776/1/768
f 766/1/758 777/1/769 765/1/757
f 778/1/770 777/1/769 766/1/758
f 779/1/771 778/1/770 766/1/758
f 779/1/771 774/1/766 778/1/770
f 779/1/771 766/1/758 780/1/772
f 757/1/749 780/1/772 766/1/758
f 755/1/747 780/1/772 757/1/749
f 780/1/772 781/1/773 779/1/771
f 780/1/772 755/1/747 781/1/773
f 781/1/773 774/1/766 779/1/771
f 773/1/765 781/1/773 755/1/747
f 773/1/765 774/1/766 781/1/773
f 782/1/774 783/1/775 784/1/776
f 783/1/775 785/1/777 784/1/776
f 783/1/775 786/1/778 785/1/777
f 785/1/777 787/1/779 784/1/776
f 782/1/774 788/1/780 783/1/775
f 788/1/780 786/1/778 783/1/775
f 789/1/781 782/1/774 784/1/776
f 789/1/781 784/1/776 787/1/779
f 790/1/782 788/1/780 782/1/774
f 782/1/774 789/1/781 791/1/783
f 790/1/782 782/1/774 791/1/783
f 787/1/779 785/1/777 792/1/784
f 786/1/778 792/1/784 785/1/777
f 787/1/779 793/1/785 789/1/781
f 794/1/786 787/1/779 792/1/784
f 793/1/785 787/1/779 794/1/786
f 795/1/787 789/1/781 793/1/785
f 789/1/781 795/1/787 791/1/783
f 796/1/788 793/1/785 794/1/786
f 795/1/787 793/1/785 796/1/788
f 797/1/789 794/1/786 792/1/784
f 796/1/788 794/1/786 797/1/789
f 798/1/790 797/1/789 792/1/784
f 792/1/784 786/1/778 798/1/790
f 799/1/791 796/1/788 797/1/789
f 798/1/790 799/1/791 797/1/789
f 796/1/788 800/1/792 795/1/787
f 799/1/791 800/1/792 796/1/788
f 801/1/793 799/1/791 798/1/790
f 786/1/778 801/1/793 798/1/790
f 802/1/794 800/1/792 799/1/791
f 801/1/793 802/1/794 799/1/791
f 803/1/795 795/1/787 800/1/792
f 791/1/783 795/1/787 803/1/795
f 800/1/792 802/1/794 804/1/796
f 804/1/796 803/1/795 800/1/792
f 805/1/797 802/1/794 801/1/793
f 805/1/797 804/1/796 802/1/794
f 801/1/793 786/1/778 806/1/798
f 786/1/778 788/1/780 806/1/798
f 801/1/793 807/1/799 805/1/797
f 801/1/793 806/1/798 807/1/799
f 808/1/800 804/1/796 805/1/797
f 804/1/796 808/1/800 803/1/795
f 805/1/797 807/1/799 808/1/800
f 809/1/801 806/1/798 788/1/780
f 806/1/798 809/1/801 807/1/799
f 808/1/800 807/1/799 809/1/801
f 809/1/801 788/1/780 790/1/782
f 810/1/802 803/1/795 808/1/800
f 810/1/802 808/1/800 809/1/801
f 809/1/801 790/1/782 810/1/802
f 803/1/795 810/1/802 791/1/783
f 810/1/802 790/1/782 791/1/783
f 811/1/803 812/1/804 813/1/805
f 812/1/804 811/1/803 814/1/806
f 813/1/805 815/1/807 811/1/803
f 814/1/806 816/1/808 812/1/804
f 814/1/806 817/1/809 816/1/808
f 818/1/810 813/1/805 812/1/804
f 816/1/808 818/1/810 812/1/804
f 813/1/805 818/1/810 819/1/811
f 818/1/810 820/1/812 819/1/811
f 819/1/811 821/1/813 813/1/805
f 818/1/810 816/1/808 822/1/814
f 822/1/814 823/1/815 818/1/810
f 816/1/808 824/1/816 822/1/814
f 821/1/813 825/1/817 813/1/805
f 815/1/807 813/1/805 825/1/817
f 825/1/817 821/1/813 826/1/818
f 827/1/819 825/1/817 826/1/818
f 825/1/817 828/1/820 815/1/807
f 825/1/817 827/1/819 828/1/820
f 827/1/819 630/1/622 828/1/820
f 828/1/820 634/1/626 815/1/807
f 630/1/622 629/1/621 828/1/820
f 828/1/820 629/1/621 634/1/626
f 829/1/821 830/1/822 831/1/823
f 830/1/822 832/1/824 831/1/823
f 833/1/825 829/1/821 831/1/823
f 831/1/823 834/1/826 833/1/825
f 832/1/824 834/1/826 831/1/823
f 835/1/827 829/1/821 833/1/825
f 834/1/826 832/1/824 836/1/828
f 837/1/829 835/1/827 833/1/825
f 834/1/826 837/1/829 833/1/825
f 838/1/830 829/1/821 835/1/827
f 837/1/829 838/1/830 835/1/827
f 837/1/829 834/1/826 839/1/831
f 836/1/828 839/1/831 834/1/826
f 838/1/830 837/1/829 840/1/832
f 840/1/832 837/1/829 839/1/831
f 841/1/833 829/1/821 838/1/830
f 840/1/832 839/1/831 842/1/834
f 842/1/834 839/1/831 836/1/828
f 840/1/832 843/1/835 838/1/830
f 843/1/835 841/1/833 838/1/830
f 840/1/832 842/1/834 844/1/836
f 844/1/836 843/1/835 840/1/832
f 841/1/833 845/1/837 829/1/821
f 829/1/821 845/1/837 830/1/822
f 843/1/835 846/1/838 841/1/833
f 841/1/833 847/1/839 845/1/837
f 846/1/838 847/1/839 841/1/833
f 845/1/837 848/1/840 830/1/822
f 848/1/840 832/1/824 830/1/822
f 848/1/840 849/1/841 832/1/824
f 832/1/824 849/1/841 836/1/828
f 845/1/837 850/1/842 848/1/840
f 847/1/839 850/1/842 845/1/837
f 848/1/840 851/1/843 849/1/841
f 851/1/843 836/1/828 849/1/841
f 848/1/840 850/1/842 851/1/843
f 836/1/828 851/1/843 852/1/844
f 836/1/828 852/1/844 842/1/834
f 853/1/845 851/1/843 850/1/842
f 852/1/844 851/1/843 853/1/845
f 847/1/839 854/1/846 850/1/842
f 854/1/846 853/1/845 850/1/842
f 854/1/846 847/1/839 846/1/838
f 855/1/847 842/1/834 852/1/844
f 853/1/845 855/1/847 852/1/844
f 842/1/834 855/1/847 844/1/836
f 856/1/848 853/1/845 854/1/846
f 856/1/848 854/1/846 846/1/838
f 853/1/845 856/1/848 855/1/847
f 855/1/847 856/1/848 844/1/836
f 846/1/838 843/1/835 856/1/848
f 856/1/848 843/1/835 844/1/836
f 857/1/849 858/1/850 859/1/851
f 860/1/852 857/1/849 859/1/851
f 857/1/849 861/1/853 858/1/850
f 860/1/852 862/1/854 857/1/849
f 861/1/853 857/1/849 862/1/854
f 860/1/852 863/1/855 862/1/854
f 861/1/853 862/1/854 864/1/856
f 863/1/855 864/1/856 862/1/854
f 861/1/853 864/1/856 865/1/857
f 861/1/853 866/1/858 858/1/850
f 861/1/853 865/1/857 866/1/858
f 867/1/859 858/1/850 866/1/858
f 865/1/857 867/1/859 866/1/858
f 868/1/860 865/1/857 864/1/856
f 864/1/856 863/1/855 869/1/861
f 869/1/861 868/1/860 864/1/856
f 863/1/855 860/1/852 870/1/862
f 869/1/861 863/1/855 870/1/862
f 871/1/863 870/1/862 860/1/852
f 871/1/863 860/1/852 859/1/851
f 870/1/862 872/1/864 869/1/861
f 870/1/862 871/1/863 872/1/864
f 869/1/861 873/1/865 868/1/860
f 868/1/860 873/1/865 865/1/857
f 872/1/864 874/1/866 869/1/861
f 873/1/865 869/1/861 874/1/866
f 871/1/863 859/1/851 875/1/867
f 858/1/850 875/1/867 859/1/851
f 876/1/868 872/1/864 871/1/863
f 871/1/863 875/1/867 876/1/868
f 874/1/866 872/1/864 877/1/869
f 872/1/864 876/1/868 877/1/869
f 873/1/865 874/1/866 878/1/870
f 875/1/867 858/1/850 879/1/871
f 858/1/850 867/1/859 879/1/871
f 875/1/867 880/1/872 876/1/868
f 879/1/871 880/1/872 875/1/867
f 876/1/868 880/1/872 881/1/873
f 877/1/869 876/1/868 881/1/873
f 882/1/874 880/1/872 879/1/871
f 881/1/873 880/1/872 882/1/874
f 879/1/871 867/1/859 883/1/875
f 879/1/871 883/1/875 882/1/874
f 877/1/869 884/1/876 874/1/866
f 884/1/876 877/1/869 881/1/873
f 884/1/876 878/1/870 874/1/866
f 882/1/874 885/1/877 881/1/873
f 881/1/873 885/1/877 884/1/876
f 885/1/877 882/1/874 883/1/875
f 885/1/877 878/1/870 884/1/876
f 883/1/875 867/1/859 886/1/878
f 883/1/875 886/1/878 885/1/877
f 878/1/870 885/1/877 886/1/878
f 886/1/878 873/1/865 878/1/870
f 865/1/857 886/1/878 867/1/859
f 886/1/878 865/1/857 873/1/865
f 887/1/879 888/1/880 889/1/881
f 889/1/881 888/1/880 890/1/882
f 890/1/882 888/1/880 891/1/883
f 892/1/884 889/1/881 890/1/882
f 888/1/880 893/1/885 891/1/883
f 887/1/879 893/1/885 888/1/880
f 890/1/882 891/1/883 894/1/886
f 892/1/884 890/1/882 894/1/886
f 889/1/881 892/1/884 895/1/887
f 895/1/887 887/1/879 889/1/881
f 896/1/888 891/1/883 893/1/885
f 897/1/889 895/1/887 892/1/884
f 887/1/879 898/1/890 893/1/885
f 898/1/890 896/1/888 893/1/885
f 899/1/891 891/1/883 896/1/888
f 891/1/883 899/1/891 894/1/886
f 896/1/888 898/1/890 900/1/892
f 901/1/893 898/1/890 887/1/879
f 901/1/893 900/1/892 898/1/890
f 900/1/892 902/1/894 896/1/888
f 902/1/894 899/1/891 896/1/888
f 903/1/895 894/1/886 899/1/891
f 903/1/895 899/1/891 902/1/894
f 903/1/895 902/1/894 904/1/896
f 900/1/892 904/1/896 902/1/894
f 905/1/897 894/1/886 903/1/895
f 904/1/896 905/1/897 903/1/895
f 906/1/898 904/1/896 900/1/892
f 900/1/892 901/1/893 906/1/898
f 907/1/899 905/1/897 904/1/896
f 906/1/898 907/1/899 904/1/896
f 894/1/886 905/1/897 908/1/900
f 894/1/886 908/1/900 892/1/884
f 897/1/889 892/1/884 908/1/900
f 909/1/901 908/1/900 905/1/897
f 907/1/899 909/1/901 905/1/897
f 897/1/889 908/1/900 910/1/902
f 909/1/901 910/1/902 908/1/900
f 911/1/903 897/1/889 910/1/902
f 912/1/904 910/1/902 909/1/901
f 913/1/905 911/1/903 910/1/902
f 913/1/905 910/1/902 912/1/904
f 914/1/906 897/1/889 911/1/903
f 913/1/905 914/1/906 911/1/903
f 895/1/887 897/1/889 914/1/906
f 915/1/907 912/1/904 909/1/901
f 915/1/907 913/1/905 912/1/904
f 909/1/901 907/1/899 915/1/907
f 916/1/908 914/1/906 913/1/905
f 917/1/909 895/1/887 914/1/906
f 914/1/906 916/1/908 917/1/909
f 887/1/879 895/1/887 917/1/909
f 887/1/879 917/1/909 901/1/893
f 913/1/905 915/1/907 918/1/910
f 916/1/908 913/1/905 918/1/910
f 916/1/908 919/1/911 917/1/909
f 919/1/911 901/1/893 917/1/909
f 916/1/908 918/1/910 919/1/911
f 920/1/912 901/1/893 919/1/911
f 919/1/911 918/1/910 920/1/912
f 918/1/910 915/1/907 920/1/912
f 907/1/899 920/1/912 915/1/907
f 901/1/893 920/1/912 906/1/898
f 920/1/912 907/1/899 906/1/898
f 921/1/913 922/1/914 923/1/915
f 923/1/915 924/1/916 921/1/913
f 922/1/914 921/1/913 925/1/917
f 925/1/917 921/1/913 926/1/918
f 921/1/913 924/1/916 926/1/918
f 922/1/914 925/1/917 927/1/919
f 925/1/917 926/1/918 928/1/920
f 925/1/917 928/1/920 927/1/919
f 926/1/918 924/1/916 929/1/921
f 926/1/918 929/1/921 930/1/922
f 928/1/920 926/1/918 930/1/922
f 924/1/916 931/1/923 929/1/921
f 924/1/916 923/1/915 932/1/924
f 931/1/923 924/1/916 932/1/924
f 930/1/922 929/1/921 933/1/925
f 933/1/925 929/1/921 931/1/923
f 928/1/920 930/1/922 934/1/926
f 930/1/922 933/1/925 934/1/926
f 932/1/924 935/1/927 931/1/923
f 931/1/923 935/1/927 933/1/925
f 936/1/928 932/1/924 923/1/915
f 922/1/914 936/1/928 923/1/915
f 934/1/926 933/1/925 937/1/929
f 935/1/927 937/1/929 933/1/925
f 936/1/928 922/1/914 938/1/930
f 938/1/930 922/1/914 927/1/919
f 932/1/924 936/1/928 939/1/931
f 932/1/924 939/1/931 935/1/927
f 938/1/930 940/1/932 936/1/928
f 939/1/931 936/1/928 940/1/932
f 927/1/919 941/1/933 938/1/930
f 928/1/920 941/1/933 927/1/919
f 938/1/930 941/1/933 942/1/934
f 940/1/932 938/1/930 942/1/934
f 928/1/920 943/1/935 941/1/933
f 934/1/926 943/1/935 928/1/920
f 944/1/936 939/1/931 940/1/932
f 940/1/932 942/1/934 945/1/937
f 944/1/936 940/1/932 946/1/938
f 946/1/938 940/1/932 945/1/937
f 947/1/939 939/1/931 944/1/936
f 947/1/939 944/1/936 946/1/938
f 947/1/939 935/1/927 939/1/931
f 942/1/934 948/1/940 945/1/937
f 946/1/938 945/1/937 948/1/940
f 942/1/934 941/1/933 949/1/941
f 942/1/934 949/1/941 948/1/940
f 941/1/933 943/1/935 949/1/941
f 950/1/942 935/1/927 947/1/939
f 935/1/927 950/1/942 937/1/929
f 951/1/943 947/1/939 946/1/938
f 950/1/942 947/1/939 951/1/943
f 952/1/944 946/1/938 948/1/940
f 949/1/941 952/1/944 948/1/940
f 946/1/938 952/1/944 951/1/943
f 952/1/944 949/1/941 953/1/945
f 949/1/941 943/1/935 953/1/945
f 951/1/943 952/1/944 954/1/946
f 954/1/946 952/1/944 953/1/945
f 951/1/943 954/1/946 950/1/942
f 943/1/935 954/1/946 953/1/945
f 955/1/947 950/1/942 954/1/946
f 943/1/935 955/1/947 954/1/946
f 955/1/947 937/1/929 950/1/942
f 943/1/935 934/1/926 955/1/947
f 937/1/929 955/1/947 934/1/926
f 56/1/56 956/1/948 53/1/53
f 53/1/53 956/1/948 52/1/52
f 957/1/949 56/1/56 57/1/57
f 56/1/56 958/1/950 956/1/948
f 957/1/949 958/1/950 56/1/56
f 958/1/950 957/1/949 959/1/951
f 958/1/950 960/1/952 956/1/948
f 52/1/52 956/1/948 281/1/281
f 956/1/948 960/1/952 281/1/281
f 959/1/951 961/1/953 958/1/950
f 961/1/953 960/1/952 958/1/950
f 962/1/954 959/1/951 957/1/949
f 962/1/954 961/1/953 959/1/951
f 957/1/949 57/1/57 963/1/955
f 957/1/949 963/1/955 962/1/954
f 963/1/955 57/1/57 964/1/956
f 57/1/57 58/1/58 964/1/956
f 963/1/955 964/1/956 965/1/957
f 964/1/956 58/1/58 86/1/86
f 86/1/86 965/1/957 964/1/956
f 963/1/955 965/1/957 966/1/958
f 962/1/954 963/1/955 966/1/958
f 965/1/957 86/1/86 967/1/959
f 961/1/953 962/1/954 968/1/960
f 965/1/957 969/1/961 966/1/958
f 970/1/962 965/1/957 967/1/959
f 965/1/957 970/1/962 969/1/961
f 85/1/85 970/1/962 967/1/959
f 967/1/959 86/1/86 85/1/85
f 971/1/963 969/1/961 970/1/962
f 970/1/962 85/1/85 972/1/964
f 972/1/964 971/1/963 970/1/962
f 969/1/961 973/1/965 966/1/958
f 969/1/961 971/1/963 973/1/965
f 966/1/958 973/1/965 974/1/966
f 966/1/958 974/1/966 962/1/954
f 974/1/966 975/1/967 962/1/954
f 975/1/967 968/1/960 962/1/954
f 974/1/966 973/1/965 976/1/968
f 974/1/966 976/1/968 975/1/967
f 977/1/969 975/1/967 976/1/968
f 973/1/965 978/1/970 976/1/968
f 978/1/970 977/1/969 976/1/968
f 971/1/963 978/1/970 973/1/965
f 975/1/967 977/1/969 979/1/971
f 979/1/971 968/1/960 975/1/967
f 977/1/969 978/1/970 980/1/972
f 968/1/960 979/1/971 981/1/973
f 978/1/970 971/1/963 982/1/974
f 978/1/970 982/1/974 980/1/972
f 983/1/975 968/1/960 981/1/973
f 981/1/973 984/1/976 983/1/975
f 985/1/977 968/1/960 983/1/975
f 961/1/953 968/1/960 985/1/977
f 960/1/952 961/1/953 985/1/977
f 984/1/976 986/1/978 983/1/975
f 986/1/978 984/1/976 987/1/979
f 983/1/975 988/1/980 985/1/977
f 988/1/980 983/1/975 986/1/978
f 989/1/981 986/1/978 987/1/979
f 986/1/978 989/1/981 988/1/980
f 990/1/982 989/1/981 987/1/979
f 960/1/952 985/1/977 991/1/983
f 985/1/977 988/1/980 991/1/983
f 280/1/280 960/1/952 991/1/983
f 988/1/980 992/1/984 991/1/983
f 992/1/984 280/1/280 991/1/983
f 993/1/985 988/1/980 989/1/981
f 988/1/980 993/1/985 992/1/984
f 960/1/952 280/1/280 281/1/281
f 279/1/279 280/1/280 992/1/984
f 993/1/985 279/1/279 992/1/984
f 989/1/981 990/1/982 994/1/986
f 990/1/982 995/1/987 994/1/986
f 989/1/981 996/1/988 993/1/985
f 989/1/981 994/1/986 996/1/988
f 997/1/989 994/1/986 995/1/987
f 998/1/990 997/1/989 995/1/987
f 996/1/988 994/1/986 999/1/991
f 997/1/989 999/1/991 994/1/986
f 997/1/989 998/1/990 1000/1/992
f 1000/1/992 999/1/991 997/1/989
f 998/1/990 1001/1/993 1000/1/992
f 1001/1/993 1002/1/994 1000/1/992
f 1003/1/995 1002/1/994 1001/1/993
f 1004/1/996 1003/1/995 1001/1/993
f 1005/1/997 1000/1/992 1002/1/994
f 999/1/991 1000/1/992 1005/1/997
f 1003/1/995 1004/1/996 1006/1/998
f 1007/1/999 1006/1/998 1004/1/996
f 1008/1/1000 1006/1/998 1007/1/999
f 980/1/972 1008/1/1000 1007/1/999
f 1006/1/998 1008/1/1000 1009/1/1001
f 1009/1/1001 1010/1/1002 1006/1/998
f 1010/1/1002 1011/1/1003 1006/1/998
f 1009/1/1001 1008/1/1000 1012/1/1004
f 1011/1/1003 1010/1/1002 1013/1/1005
f 1008/1/1000 980/1/972 982/1/974
f 982/1/974 1012/1/1004 1008/1/1000
f 1013/1/1005 1014/1/1006 1011/1/1003
f 982/1/974 1015/1/1007 1012/1/1004
f 1015/1/1007 1016/1/1008 1012/1/1004
f 1014/1/1006 1013/1/1005 1017/1/1009
f 1017/1/1009 1013/1/1005 1018/1/1010
f 1014/1/1006 1017/1/1009 1019/1/1011
f 1018/1/1010 1020/1/1012 1017/1/1009
f 1021/1/1013 1016/1/1008 1015/1/1007
f 1016/1/1008 1021/1/1013 1022/1/1014
f 1021/1/1013 1023/1/1015 1022/1/1014
f 1024/1/1016 1019/1/1011 1017/1/1009
f 1017/1/1009 1020/1/1012 1024/1/1016
f 1023/1/1015 1021/1/1013 1025/1/1017
f 1023/1/1015 1025/1/1017 1026/1/1018
f 1027/1/1019 1021/1/1013 1015/1/1007
f 982/1/974 1027/1/1019 1015/1/1007
f 1027/1/1019 982/1/974 971/1/963
f 971/1/963 972/1/964 1027/1/1019
f 1021/1/1013 1027/1/1019 1028/1/1020
f 972/1/964 1028/1/1020 1027/1/1019
f 1028/1/1020 1025/1/1017 1021/1/1013
f 972/1/964 1029/1/1021 1028/1/1020
f 1026/1/1018 1025/1/1017 1030/1/1022
f 1030/1/1022 1031/1/1023 1026/1/1018
f 1032/1/1024 1025/1/1017 1028/1/1020
f 1032/1/1024 1028/1/1020 1029/1/1021
f 1033/1/1025 1030/1/1022 1025/1/1017
f 1032/1/1024 1033/1/1025 1025/1/1017
f 1031/1/1023 1030/1/1022 1034/1/1026
f 972/1/964 84/1/84 1029/1/1021
f 84/1/84 972/1/964 85/1/85
f 1032/1/1024 1029/1/1021 231/1/231
f 84/1/84 231/1/231 1029/1/1021
f 1035/1/1027 1034/1/1026 1030/1/1022
f 1030/1/1022 1033/1/1025 1035/1/1027
f 1036/1/1028 1031/1/1023 1034/1/1026
f 1031/1/1023 1036/1/1028 1037/1/1029
f 1034/1/1026 1035/1/1027 238/1/238
f 1034/1/1026 238/1/238 1036/1/1028
f 1033/1/1025 234/1/234 1035/1/1027
f 234/1/234 238/1/238 1035/1/1027
f 1033/1/1025 1032/1/1024 232/1/232
f 232/1/232 1032/1/1024 231/1/231
f 232/1/232 234/1/234 1033/1/1025
f 1038/1/1030 1037/1/1029 1036/1/1028
f 1037/1/1029 1038/1/1030 1039/1/1031
f 1020/1/1012 1039/1/1031 1038/1/1030
f 238/1/238 243/1/243 1036/1/1028
f 243/1/243 1038/1/1030 1036/1/1028
f 1020/1/1012 1038/1/1030 1040/1/1032
f 1040/1/1032 1024/1/1016 1020/1/1012
f 1041/1/1033 1038/1/1030 243/1/243
f 1024/1/1016 1040/1/1032 1042/1/1034
f 1019/1/1011 1024/1/1016 1042/1/1034
f 1038/1/1030 1043/1/1035 1040/1/1032
f 1038/1/1030 1041/1/1033 1043/1/1035
f 1043/1/1035 1044/1/1036 1040/1/1032
f 1042/1/1034 1040/1/1032 1044/1/1036
f 1044/1/1036 1043/1/1035 1045/1/1037
f 1042/1/1034 1044/1/1036 1045/1/1037
f 1043/1/1035 1046/1/1038 1045/1/1037
f 1043/1/1035 1041/1/1033 1046/1/1038
f 1045/1/1037 1047/1/1039 1042/1/1034
f 1019/1/1011 1042/1/1034 1048/1/1040
f 1048/1/1040 1042/1/1034 1047/1/1039
f 1019/1/1011 1048/1/1040 1049/1/1041
f 1050/1/1042 1048/1/1040 1047/1/1039
f 1048/1/1040 1051/1/1041 1049/1/1041
f 244/1/244 1046/1/1038 1041/1/1033
f 244/1/244 1041/1/1033 243/1/243
f 246/1/246 1046/1/1038 244/1/244
f 1052/1/1043 1051/1/1041 1048/1/1040
f 1048/1/1040 1050/1/1042 1052/1/1043
f 1051/1/1041 1052/1/1043 1053/1/1044
f 1053/1/1044 1052/1/1043 1054/1/1045
f 1055/1/1046 1052/1/1043 1050/1/1042
f 1055/1/1046 1054/1/1045 1052/1/1043
f 1054/1/1045 1055/1/1046 1056/1/1045
f 1050/1/1042 1057/1/1047 1055/1/1046
f 1055/1/1046 1005/1/997 1056/1/1045
f 1055/1/1046 1057/1/1047 1058/1/1048
f 1058/1/1048 1005/1/997 1055/1/1046
f 1059/1/1049 1058/1/1048 1057/1/1047
f 999/1/991 1005/1/997 1058/1/1048
f 1058/1/1048 1059/1/1049 1060/1/1050
f 999/1/991 1058/1/1048 1060/1/1050
f 1060/1/1050 1059/1/1049 1061/1/1051
f 1061/1/1051 999/1/991 1060/1/1050
f 1059/1/1049 1062/1/1052 1061/1/1051
f 996/1/988 999/1/991 1061/1/1051
f 1062/1/1052 1063/1/1053 1061/1/1051
f 996/1/988 1061/1/1051 1063/1/1053
f 996/1/988 1063/1/1053 993/1/985
f 1063/1/1053 1062/1/1052 1064/1/1054
f 1065/1/1055 993/1/985 1063/1/1053
f 1063/1/1053 1064/1/1054 1065/1/1055
f 993/1/985 1065/1/1055 279/1/279
f 1065/1/1055 1064/1/1054 1066/1/1056
f 279/1/279 1065/1/1055 1067/1/1057
f 1067/1/1057 1065/1/1055 1066/1/1056
f 1068/1/1058 279/1/279 1067/1/1057
f 1067/1/1057 1069/1/1059 1068/1/1058
f 1066/1/1056 1069/1/1059 1067/1/1057
f 1068/1/1058 1069/1/1059 1070/1/1060
f 1064/1/1054 1071/1/1061 1066/1/1056
f 1071/1/1061 1064/1/1054 1072/1/1062
f 1073/1/1063 1070/1/1060 1069/1/1059
f 1070/1/1060 1073/1/1063 1074/1/1064
f 1066/1/1056 1075/1/1065 1069/1/1059
f 1075/1/1065 1073/1/1063 1069/1/1059
f 1075/1/1065 1066/1/1056 1076/1/1066
f 1076/1/1066 1066/1/1056 1071/1/1061
f 1075/1/1065 1077/1/1067 1073/1/1063
f 1078/1/1068 1074/1/1064 1073/1/1063
f 1073/1/1063 1077/1/1067 1078/1/1068
f 1074/1/1064 1078/1/1068 1079/1/1069
f 1080/1/1070 1079/1/1069 1078/1/1068
f 1078/1/1068 1081/1/1071 1080/1/1070
f 1077/1/1067 1081/1/1071 1078/1/1068
f 1082/1/1072 1080/1/1070 1081/1/1071
f 1082/1/1072 1081/1/1071 1083/1/1073
f 1081/1/1071 1084/1/1074 1083/1/1073
f 1085/1/1075 1077/1/1067 1075/1/1065
f 1081/1/1071 1077/1/1067 1085/1/1075
f 1076/1/1066 1085/1/1075 1075/1/1065
f 1086/1/1076 1084/1/1074 1081/1/1071
f 1085/1/1075 1086/1/1076 1081/1/1071
f 1086/1/1076 1087/1/1077 1084/1/1074
f 1088/1/1078 1087/1/1077 1086/1/1076
f 1089/1/1079 1086/1/1076 1085/1/1075
f 1089/1/1079 1088/1/1078 1086/1/1076
f 1076/1/1066 1089/1/1079 1085/1/1075
f 1090/1/1080 1088/1/1078 1089/1/1079
f 1091/1/1081 1090/1/1080 1089/1/1079
f 1091/1/1081 1089/1/1079 1092/1/1082
f 1076/1/1066 1092/1/1082 1089/1/1079
f 1091/1/1081 1092/1/1082 1093/1/1083
f 1092/1/1082 1094/1/1084 1093/1/1083
f 1092/1/1082 1076/1/1066 1095/1/1085
f 1095/1/1085 1094/1/1084 1092/1/1082
f 1095/1/1085 1076/1/1066 1071/1/1061
f 1096/1/1086 1094/1/1084 1095/1/1085
f 1095/1/1085 1071/1/1061 1096/1/1086
f 1097/1/1087 1094/1/1084 1096/1/1086
f 1097/1/1087 1096/1/1086 1098/1/1088
f 1071/1/1061 1098/1/1088 1096/1/1086
f 1099/1/1089 1097/1/1087 1098/1/1088
f 1099/1/1089 1098/1/1088 1100/1/1090
f 1071/1/1061 1100/1/1090 1098/1/1088
f 1101/1/1091 1099/1/1089 1100/1/1090
f 1101/1/1091 1100/1/1090 1102/1/1092
f 1100/1/1090 1071/1/1061 1103/1/1093
f 1103/1/1093 1102/1/1092 1100/1/1090
f 1071/1/1061 1072/1/1062 1103/1/1093
f 1102/1/1092 1103/1/1093 1104/1/1094
f 1105/1/1095 1103/1/1093 1072/1/1062
f 1104/1/1094 1103/1/1093 1105/1/1095
f 1106/1/1096 1107/1/1097 1108/1/1098
f 1109/1/1099 1106/1/1096 1108/1/1098
f 1110/1/1100 1108/1/1098 1107/1/1097
f 1110/1/1100 1109/1/1099 1108/1/1098
f 1106/1/1096 1111/1/1101 1107/1/1097
f 1107/1/1097 1112/1/1102 1110/1/1100
f 1109/1/1099 1113/1/1103 1106/1/1096
f 1113/1/1103 1111/1/1101 1106/1/1096
f 1111/1/1101 1114/1/1104 1107/1/1097
f 1115/1/1105 1113/1/1103 1109/1/1099
f 1113/1/1103 1115/1/1105 1116/1/1106
f 1113/1/1103 1117/1/1107 1111/1/1101
f 1113/1/1103 1116/1/1106 1117/1/1107
f 1118/1/1108 1114/1/1104 1111/1/1101
f 1117/1/1107 1118/1/1108 1111/1/1101
f 1119/1/1109 1107/1/1097 1114/1/1104
f 1119/1/1109 1114/1/1104 1118/1/1108
f 1107/1/1097 1119/1/1109 1112/1/1102
f 1120/1/1110 1116/1/1106 1115/1/1105
f 1120/1/1110 1117/1/1107 1116/1/1106
f 1118/1/1108 1117/1/1107 1121/1/1111
f 1117/1/1107 1120/1/1110 1121/1/1111
f 1121/1/1111 1122/1/1112 1118/1/1108
f 1120/1/1110 1122/1/1112 1121/1/1111
f 1118/1/1108 1123/1/1113 1119/1/1109
f 1122/1/1112 1123/1/1113 1118/1/1108
f 1124/1/1114 1119/1/1109 1123/1/1113
f 1112/1/1102 1119/1/1109 1124/1/1114
f 1124/1/1114 1123/1/1113 1125/1/1115
f 1123/1/1113 1122/1/1112 1126/1/1116
f 1123/1/1113 1126/1/1116 1125/1/1115
f 1122/1/1112 1120/1/1110 1127/1/1117
f 1122/1/1112 1127/1/1117 1126/1/1116
f 1115/1/1105 1128/1/1118 1120/1/1110
f 1127/1/1117 1120/1/1110 1128/1/1118
f 1109/1/1099 1128/1/1118 1115/1/1105
f 1124/1/1114 1125/1/1115 1129/1/1119
f 1126/1/1116 1129/1/1119 1125/1/1115
f 1129/1/1119 1130/1/1120 1124/1/1114
f 1112/1/1102 1124/1/1114 1130/1/1120
f 1129/1/1119 1126/1/1116 1131/1/1121
f 1131/1/1121 1126/1/1116 1127/1/1117
f 1130/1/1120 1129/1/1119 1132/1/1122
f 1132/1/1122 1129/1/1119 1131/1/1121
f 1133/1/1123 1112/1/1102 1130/1/1120
f 1132/1/1122 1133/1/1123 1130/1/1120
f 1133/1/1123 1110/1/1100 1112/1/1102
f 1127/1/1117 1134/1/1124 1131/1/1121
f 1131/1/1121 1134/1/1124 1132/1/1122
f 1127/1/1117 1128/1/1118 1134/1/1124
f 1135/1/1125 1133/1/1123 1132/1/1122
f 1134/1/1124 1135/1/1125 1132/1/1122
f 1136/1/1126 1110/1/1100 1133/1/1123
f 1135/1/1125 1136/1/1126 1133/1/1123
f 1134/1/1124 1136/1/1126 1135/1/1125
f 1128/1/1118 1136/1/1126 1134/1/1124
f 1109/1/1099 1110/1/1100 1136/1/1126
f 1128/1/1118 1109/1/1099 1136/1/1126
f 1137/1/1127 1138/1/1128 1139/1/1129
f 1138/1/1128 1140/1/1130 1139/1/1129
f 1138/1/1128 1141/1/1131 1140/1/1130
f 1142/1/1132 1139/1/1129 1140/1/1130
f 1141/1/1131 1142/1/1132 1140/1/1130
f 1143/1/1133 1141/1/1131 1138/1/1128
f 1137/1/1127 1143/1/1133 1138/1/1128
f 1142/1/1132 1141/1/1131 1144/1/1134
f 1141/1/1131 1143/1/1133 1145/1/1135
f 1145/1/1135 1144/1/1134 1141/1/1131
f 1146/1/1136 1145/1/1135 1143/1/1133
f 1144/1/1134 1145/1/1135 1147/1/1137
f 1146/1/1136 1147/1/1137 1145/1/1135
f 1148/1/1138 1143/1/1133 1137/1/1127
f 1143/1/1133 1148/1/1138 1146/1/1136
f 1148/1/1138 1137/1/1127 1149/1/1139
f 1148/1/1138 1150/1/1140 1146/1/1136
f 1150/1/1140 1148/1/1138 1149/1/1139
f 1137/1/1127 1151/1/1141 1149/1/1139
f 1137/1/1127 1139/1/1129 1151/1/1141
f 1152/1/1142 1150/1/1140 1149/1/1139
f 1150/1/1140 1153/1/1143 1146/1/1136
f 1152/1/1142 1153/1/1143 1150/1/1140
f 1146/1/1136 1153/1/1143 1154/1/1144
f 1147/1/1137 1146/1/1136 1154/1/1144
f 1153/1/1143 1152/1/1142 1155/1/1145
f 1153/1/1143 1155/1/1145 1154/1/1144
f 1149/1/1139 1156/1/1146 1152/1/1142
f 1151/1/1141 1156/1/1146 1149/1/1139
f 1155/1/1145 1152/1/1142 1157/1/1147
f 1152/1/1142 1156/1/1146 1157/1/1147
f 1155/1/1145 1158/1/1148 1154/1/1144
f 1154/1/1144 1158/1/1148 1147/1/1137
f 1158/1/1148 1155/1/1145 1157/1/1147
f 1147/1/1137 1158/1/1148 1159/1/1149
f 1158/1/1148 1157/1/1147 1159/1/1149
f 1147/1/1137 1159/1/1149 1144/1/1134
f 1156/1/1146 1151/1/1141 1160/1/1150
f 1161/1/1151 1157/1/1147 1156/1/1146
f 1159/1/1149 1157/1/1147 1161/1/1151
f 1156/1/1146 1160/1/1150 1161/1/1151
f 1144/1/1134 1159/1/1149 1162/1/1152
f 1159/1/1149 1161/1/1151 1162/1/1152
f 1144/1/1134 1162/1/1152 1142/1/1132
f 1163/1/1153 1160/1/1150 1151/1/1141
f 1161/1/1151 1160/1/1150 1163/1/1153
f 1161/1/1151 1163/1/1153 1162/1/1152
f 1162/1/1152 1163/1/1153 1142/1/1132
f 1139/1/1129 1163/1/1153 1151/1/1141
f 1163/1/1153 1139/1/1129 1142/1/1132
f 1164/1/1154 1165/1/1155 1166/1/1156
f 1165/1/1155 1167/1/1157 1166/1/1156
f 1164/1/1154 1166/1/1156 1168/1/1158
f 1166/1/1156 1169/1/1159 1168/1/1158
f 1167/1/1157 1169/1/1159 1166/1/1156
f 1164/1/1154 1168/1/1158 1170/1/1160
f 1169/1/1159 1167/1/1157 1171/1/1161
f 1172/1/1162 1170/1/1160 1168/1/1158
f 1168/1/1158 1169/1/1159 1172/1/1162
f 1173/1/1163 1164/1/1154 1170/1/1160
f 1172/1/1162 1173/1/1163 1170/1/1160
f 1172/1/1162 1169/1/1159 1174/1/1164
f 1171/1/1161 1174/1/1164 1169/1/1159
f 1173/1/1163 1172/1/1162 1175/1/1165
f 1175/1/1165 1172/1/1162 1174/1/1164
f 1176/1/1166 1164/1/1154 1173/1/1163
f 1175/1/1165 1177/1/1167 1173/1/1163
f 1177/1/1167 1176/1/1166 1173/1/1163
f 1175/1/1165 1174/1/1164 1178/1/1168
f 1178/1/1168 1174/1/1164 1171/1/1161
f 1179/1/1169 1177/1/1167 1175/1/1165
f 1179/1/1169 1175/1/1165 1178/1/1168
f 1177/1/1167 1180/1/1170 1176/1/1166
f 1177/1/1167 1179/1/1169 1180/1/1170
f 1176/1/1166 1181/1/1171 1164/1/1154
f 1164/1/1154 1181/1/1171 1165/1/1155
f 1180/1/1170 1182/1/1172 1176/1/1166
f 1176/1/1166 1182/1/1172 1181/1/1171
f 1179/1/1169 1183/1/1173 1180/1/1170
f 1180/1/1170 1183/1/1173 1182/1/1172
f 1184/1/1174 1183/1/1173 1179/1/1169
f 1179/1/1169 1178/1/1168 1184/1/1174
f 1185/1/1175 1182/1/1172 1183/1/1173
f 1182/1/1172 1185/1/1175 1181/1/1171
f 1183/1/1173 1184/1/1174 1186/1/1176
f 1183/1/1173 1186/1/1176 1185/1/1175
f 1184/1/1174 1178/1/1168 1187/1/1177
f 1186/1/1176 1184/1/1174 1187/1/1177
f 1171/1/1161 1187/1/1177 1178/1/1168
f 1187/1/1177 1188/1/1178 1186/1/1176
f 1171/1/1161 1188/1/1178 1187/1/1177
f 1186/1/1176 1188/1/1178 1185/1/1175
f 1188/1/1178 1171/1/1161 1189/1/1179
f 1189/1/1179 1171/1/1161 1167/1/1157
f 1190/1/1180 1185/1/1175 1188/1/1178
f 1188/1/1178 1189/1/1179 1190/1/1180
f 1181/1/1171 1185/1/1175 1190/1/1180
f 1190/1/1180 1189/1/1179 1167/1/1157
f 1181/1/1171 1190/1/1180 1165/1/1155
f 1190/1/1180 1167/1/1157 1165/1/1155
f 1191/1/1181 1192/1/1182 1193/1/1183
f 1194/1/1184 1191/1/1181 1193/1/1183
f 1192/1/1182 1195/1/1185 1196/1/1186
f 1195/1/1185 1192/1/1182 1191/1/1181
f 1191/1/1181 1197/1/1187 1195/1/1185
f 1198/1/1188 1191/1/1181 1194/1/1184
f 1198/1/1188 1194/1/1184 1199/1/1189
f 1197/1/1187 1191/1/1181 1200/1/1190
f 1198/1/1188 1200/1/1190 1191/1/1181
f 1201/1/1191 1197/1/1187 1200/1/1190
f 1198/1/1188 1199/1/1189 1202/1/1192
f 1202/1/1192 1199/1/1189 1203/1/1193
f 1203/1/1193 1204/1/1194 1202/1/1192
f 1205/1/1195 1204/1/1194 1203/1/1193
f 1205/1/1195 1206/1/1196 1204/1/1194
f 1205/1/1195 1207/1/1197 1206/1/1196
f 1208/1/1198 1206/1/1196 1207/1/1197
f 1207/1/1197 1209/1/1199 1208/1/1198
f 1210/1/1200 1208/1/1198 1209/1/1199
f 1211/1/1201 1198/1/1188 1202/1/1192
f 1198/1/1188 1211/1/1201 1200/1/1190
f 1212/1/1202 1211/1/1201 1202/1/1192
f 1213/1/1203 1211/1/1201 1212/1/1202
f 1214/1/1204 1200/1/1190 1211/1/1201
f 1214/1/1204 1211/1/1201 1213/1/1203
f 1215/1/1205 1214/1/1204 1213/1/1203
f 1200/1/1190 1214/1/1204 1201/1/1191
f 1201/1/1191 1214/1/1204 1215/1/1205
f 1201/1/1191 1215/1/1205 1216/1/1206
f 1201/1/1191 1216/1/1206 1217/1/1207
f 1218/1/1208 1201/1/1191 1217/1/1207
f 1201/1/1191 1218/1/1208 1197/1/1187
f 1217/1/1207 1219/1/1209 1218/1/1208
f 1210/1/1200 1220/1/1210 1221/1/1211
f 1220/1/1210 1222/1/1212 1221/1/1211
f 1220/1/1210 1210/1/1200 1209/1/1199
f 1222/1/1212 1220/1/1210 1223/1/1213
f 1223/1/1213 1224/1/1214 1222/1/1212
f 1209/1/1199 1225/1/1215 1220/1/1210
f 1209/1/1199 1226/1/1216 1225/1/1215
f 1220/1/1210 1227/1/1217 1223/1/1213
f 1220/1/1210 1225/1/1215 1227/1/1217
f 1228/1/1218 1225/1/1215 1226/1/1216
f 1224/1/1214 1223/1/1213 1229/1/1219
f 1227/1/1217 1229/1/1219 1223/1/1213
f 1224/1/1214 1229/1/1219 1230/1/1220
f 1230/1/1220 1229/1/1219 1231/1/1221
f 1232/1/1222 1230/1/1220 1231/1/1221
f 1233/1/1223 1231/1/1221 1229/1/1219
f 1233/1/1223 1232/1/1222 1231/1/1221
f 1229/1/1219 1227/1/1217 1233/1/1223
f 1232/1/1222 1233/1/1223 1234/1/1224
f 1225/1/1215 1235/1/1225 1227/1/1217
f 1235/1/1225 1233/1/1223 1227/1/1217
f 1225/1/1215 1228/1/1218 1236/1/1226
f 1236/1/1226 1235/1/1225 1225/1/1215
f 1237/1/1227 1236/1/1226 1228/1/1218
f 1234/1/1224 1233/1/1223 1238/1/1228
f 1238/1/1228 1233/1/1223 1235/1/1225
f 1239/1/1229 1234/1/1224 1238/1/1228
f 1240/1/1230 1238/1/1228 1235/1/1225
f 1240/1/1230 1235/1/1225 1236/1/1226
f 1239/1/1229 1238/1/1228 653/1/645
f 1238/1/1228 1240/1/1230 653/1/645
f 653/1/645 654/1/646 1239/1/1229
f 1236/1/1226 653/1/645 1240/1/1230
f 651/1/643 653/1/645 1236/1/1226
f 1241/1/1231 1236/1/1226 1237/1/1227
f 651/1/643 1236/1/1226 1241/1/1231
f 1241/1/1231 1237/1/1227 1242/1/1232
f 651/1/643 1241/1/1231 1243/1/1233
f 1242/1/1232 1244/1/1234 1241/1/1231
f 1243/1/1233 1241/1/1231 1244/1/1234
f 1244/1/1234 1242/1/1232 1245/1/1235
f 824/1/816 1244/1/1234 1245/1/1235
f 1246/1/1236 1243/1/1233 1244/1/1234
f 1246/1/1236 1244/1/1234 824/1/816
f 817/1/809 1243/1/1233 1246/1/1236
f 824/1/816 816/1/808 1246/1/1236
f 817/1/809 1246/1/1236 816/1/808
f 1247/1/1237 1248/1/1238 1249/1/1239
f 1249/1/1239 1248/1/1238 1250/1/1240
f 1248/1/1238 1247/1/1237 1251/1/1241
f 1250/1/1240 1248/1/1238 1251/1/1241
f 1249/1/1239 1250/1/1240 1252/1/1242
f 1253/1/1243 1250/1/1240 1251/1/1241
f 1253/1/1243 1251/1/1241 1254/1/1244
f 1250/1/1240 1253/1/1243 1255/1/1245
f 1252/1/1242 1250/1/1240 1255/1/1245
f 1254/1/1244 1251/1/1241 1256/1/1246
f 1256/1/1246 1251/1/1241 1247/1/1237
f 1257/1/1247 1253/1/1243 1254/1/1244
f 1254/1/1244 1256/1/1246 1257/1/1247
f 1258/1/1248 1255/1/1245 1253/1/1243
f 1257/1/1247 1258/1/1248 1253/1/1243
f 1255/1/1245 1259/1/1249 1252/1/1242
f 1259/1/1249 1255/1/1245 1258/1/1248
f 1258/1/1248 1257/1/1247 1260/1/1250
f 1257/1/1247 1256/1/1246 1261/1/1251
f 1261/1/1251 1260/1/1250 1257/1/1247
f 1247/1/1237 1262/1/1252 1256/1/1246
f 1261/1/1251 1256/1/1246 1262/1/1252
f 1247/1/1237 1263/1/1253 1262/1/1252
f 1261/1/1251 1262/1/1252 1263/1/1253
f 1258/1/1248 1260/1/1250 1264/1/1254
f 1261/1/1251 1264/1/1254 1260/1/1250
f 1258/1/1248 1265/1/1255 1259/1/1249
f 1264/1/1254 1265/1/1255 1258/1/1248
f 1266/1/1256 1264/1/1254 1261/1/1251
f 1266/1/1256 1261/1/1251 1263/1/1253
f 1267/1/1257 1265/1/1255 1264/1/1254
f 1266/1/1256 1267/1/1257 1264/1/1254
f 1259/1/1249 1265/1/1255 1268/1/1258
f 1263/1/1253 1269/1/1259 1266/1/1256
f 1269/1/1259 1267/1/1257 1266/1/1256
f 1267/1/1257 1270/1/1260 1265/1/1255
f 1265/1/1255 1270/1/1260 1268/1/1258
f 1267/1/1257 1271/1/1261 1270/1/1260
f 1271/1/1261 1268/1/1258 1270/1/1260
f 1271/1/1261 1267/1/1257 1272/1/1262
f 1272/1/1262 1267/1/1257 1269/1/1259
f 1268/1/1258 1271/1/1261 1273/1/1263
f 1273/1/1263 1271/1/1261 1272/1/1262
f 1274/1/1264 1272/1/1262 1269/1/1259
f 1273/1/1263 1272/1/1262 1274/1/1264
f 1269/1/1259 1263/1/1253 1274/1/1264
f 1275/1/1265 1268/1/1258 1273/1/1263
f 1259/1/1249 1268/1/1258 1276/1/1266
f 1268/1/1258 1275/1/1265 1276/1/1266
f 1252/1/1242 1259/1/1249 1276/1/1266
f 1277/1/1267 1252/1/1242 1276/1/1266
f 1275/1/1265 1277/1/1267 1276/1/1266
f 1277/1/1267 1249/1/1239 1252/1/1242
f 1275/1/1265 1273/1/1263 1278/1/1268
f 1278/1/1268 1277/1/1267 1275/1/1265
f 1278/1/1268 1273/1/1263 1274/1/1264
f 1277/1/1267 1279/1/1269 1249/1/1239
f 1277/1/1267 1278/1/1268 1279/1/1269
f 1278/1/1268 1274/1/1264 1279/1/1269
f 1279/1/1269 1274/1/1264 1263/1/1253
f 1249/1/1239 1279/1/1269 1247/1/1237
f 1263/1/1253 1247/1/1237 1279/1/1269
f 1280/1/1270 1281/1/1271 1282/1/1272
f 1280/1/1270 1282/1/1272 1283/1/1273
f 1281/1/1271 1284/1/1274 1282/1/1272
f 1284/1/1274 1283/1/1273 1282/1/1272
f 1280/1/1270 1285/1/1275 1281/1/1271
f 1284/1/1274 1281/1/1271 1286/1/1276
f 1287/1/1277 1280/1/1270 1283/1/1273
f 1285/1/1275 1280/1/1270 1287/1/1277
f 1288/1/1278 1281/1/1271 1285/1/1275
f 1289/1/1279 1281/1/1271 1288/1/1278
f 1281/1/1271 1289/1/1279 1286/1/1276
f 1285/1/1275 1290/1/1280 1288/1/1278
f 1289/1/1279 1288/1/1278 1290/1/1280
f 1285/1/1275 1287/1/1277 1291/1/1281
f 1291/1/1281 1290/1/1280 1285/1/1275
f 1291/1/1281 1287/1/1277 1292/1/1282
f 1293/1/1283 1290/1/1280 1291/1/1281
f 1287/1/1277 1294/1/1284 1292/1/1282
f 1294/1/1284 1287/1/1277 1283/1/1273
f 1291/1/1281 1292/1/1282 1295/1/1285
f 1295/1/1285 1292/1/1282 1294/1/1284
f 1295/1/1285 1293/1/1283 1291/1/1281
f 1283/1/1273 1296/1/1286 1294/1/1284
f 1294/1/1284 1296/1/1286 1295/1/1285
f 1296/1/1286 1283/1/1273 1297/1/1287
f 1283/1/1273 1284/1/1274 1297/1/1287
f 1293/1/1283 1298/1/1288 1290/1/1280
f 1295/1/1285 1298/1/1288 1293/1/1283
f 1298/1/1288 1299/1/1289 1290/1/1280
f 1290/1/1280 1299/1/1289 1289/1/1279
f 1298/1/1288 1295/1/1285 1300/1/1290
f 1296/1/1286 1300/1/1290 1295/1/1285
f 1299/1/1289 1298/1/1288 1301/1/1291
f 1298/1/1288 1300/1/1290 1301/1/1291
f 1302/1/1292 1289/1/1279 1299/1/1289
f 1286/1/1276 1289/1/1279 1302/1/1292
f 1299/1/1289 1301/1/1291 1303/1/1293
f 1302/1/1292 1299/1/1289 1303/1/1293
f 1304/1/1294 1301/1/1291 1300/1/1290
f 1304/1/1294 1303/1/1293 1301/1/1291
f 1300/1/1290 1296/1/1286 1305/1/1295
f 1300/1/1290 1305/1/1295 1304/1/1294
f 1296/1/1286 1297/1/1287 1305/1/1295
f 1306/1/1296 1304/1/1294 1305/1/1295
f 1306/1/1296 1303/1/1293 1304/1/1294
f 1305/1/1295 1297/1/1287 1306/1/1296
f 1302/1/1292 1303/1/1293 1307/1/1297
f 1307/1/1297 1303/1/1293 1306/1/1296
f 1286/1/1276 1302/1/1292 1307/1/1297
f 1306/1/1296 1297/1/1287 1308/1/1298
f 1308/1/1298 1307/1/1297 1306/1/1296
f 1308/1/1298 1286/1/1276 1307/1/1297
f 1297/1/1287 1284/1/1274 1308/1/1298
f 1308/1/1298 1284/1/1274 1286/1/1276
f 1309/1/1299 636/1/628 1310/1/1300
f 636/1/628 1309/1/1299 635/1/627
f 1311/1/1301 635/1/627 1309/1/1299
